tree
version=v4
num_class=1
num_tree_per_iteration=1
label_index=0
max_feature_idx=16
objective=binary sigmoid:1
feature_names=Column_0 Column_1 Column_2 Column_3 Column_4 Column_5 Column_6 Column_7 Column_8 Column_9 Column_10 Column_11 Column_12 Column_13 Column_14 Column_15 Column_16
feature_infos=[0:1] [0:1] [0:1] [0:1] [0:1] [0:1] [0.05000000074505806:1] [0:1] [0:1] [0:1] [0:10] [0:17] [0:1] [0:1] [0:1] [0:1] [0.1190476194024086:1]
tree_sizes=3484 3444 3481 3478 3474 3463 3469 3469 3463 3464 3495 3491 3494 3510 3505 3512 3519 3493 3489 3502 3498 3507 3497 3522 3512 3476 3470 3505 3527 3520 3507 3519 3516 3511 3516 3499 3527 3507 3503 3513 3512 3512 3519 3506 3526 3532 3507 3509 3506 3528 3521 3517 3530 3511 3503 3505 3517 3525 3524 3528 3509 3520 3539 3528 3514 3504 3533 3521 3522 3520 3532 3539 3505 3540 3501 3512 3538 3512 3497 3505 3491 3492 3495 3500 3517 3513 3511 3519 3509 3506 3511 3489 3522 3538 3490 3509 3514 3499 3521 3506 3525 3520 3513 3530 3495 3517 3494 3498 3505 3514 3517 3506 3481 3490 3498 3476 3526 3506 3494 3499 3516 3507 3472 3491 3500 3511 3516 3511 3503 3511 3505 3536 3488 3494 3528 3487 3495 3512 3534 3491 3483 3529 3498 3501 3495 3503 3464 3529 3470 3477

Tree=0
num_leaves=31
num_cat=0
split_feature=16 8 8 4 8 3 11 8 3 15 1 15 0 15 0 10 9 0 11 11 0 11 11 3 8 15 15 16 10 15
split_gain=408055 20187.4 9525.87 9473.24 7716.97 6319.98 4642.04 1385.68 4546.34 1361.94 825.404 585.388 423.209 353.177 342.125 337.564 317.571 306.071 295.358 230.057 365.581 223.997 183.788 280.979 279.53 140.454 124.781 118.238 1000.27 100.277
threshold=0.70055997371673595 0.80866709351539623 1.0000000180025095e-35 0.43650794029235845 0.54126495122909557 0.4403389841318131 1.0000000180025095e-35 0.65889152884483349 0.49691358208656317 1.0000000180025095e-35 0.86706829071044933 1.0000000180025095e-35 0.66287881135940563 1.0000000180025095e-35 0.74601566791534435 1.0000000180025095e-35 0.56832298636436474 0.88548010587692272 4.5000000000000009 1.5000000000000002 0.4970588237047196 1.5000000000000002 1.5000000000000002 0.38529014587402349 0.60723635554313671 1.0000000180025095e-35 1.0000000180025095e-35 0.64634531736373912 1.0000000180025095e-35 1.0000000180025095e-35
decision_type=2 2 2 2 2 2 2 2 2 2 2 2 2 2 2 2 2 2 2 2 2 2 2 2 2 2 2 2 2 2
left_child=1 2 3 17 15 6 11 27 14 -10 13 -3 21 -5 -9 -2 -13 -1 22 -7 -21 -8 -6 -24 -25 -22 -12 -4 -29 -20
right_child=4 5 7 10 18 19 12 8 9 -11 26 16 -14 -15 -16 -17 -18 -19 29 20 25 -23 23 24 -26 -27 -28 28 -30 -31
leaf_value=-0.88595149109074756 -0.88105716867236994 -0.55694036195127772 -0.89078185019016798 -0.60933558012875166 -0.52158622333912175 -0.52942661144089465 -0.80876730349358972 -0.88301081808536996 -0.55115673856635161 -0.78031654250801097 -0.54720926821260307 -0.79869915588440299 -0.6471391496807104 -0.7354995721012576 -0.60143625913804499 -0.63110508134395438 -0.64202226091453496 -0.57831458755816711 -0.57079044469383022 -0.83973970219420468 -0.53278881837769054 -0.88163603284424419 -0.75082638183497152 -0.70376727495476654 -0.53547378018730896 -0.664564695313825 -0.60142345331557379 -0.88717979615025022 -0.68812120410505895 -0.83330869371053051
leaf_weight=1736.9143526405096 406.85647648572922 458.90128053724766 64649.148587912321 218.32903276383877 26966.76687271893 1028.8026825785637 365.60934962332249 3193.305051907897 377.0548874437809 296.50421561300755 510.2982239574194 119.85421679913998 60.898899346590042 406.20861585438251 27.858007147908211 37.791870161890984 267.7823942899704 20.947493746876717 14.468887433409689 38.65568433701992 163.26087909936905 1032.2579392790794 40.383312687277794 64.354156047105789 3417.0329232662916 75.799693867564201 581.13098631799221 2214.6035914868116 174.27450983226299 26.130378797650337
leaf_count=8043 1884 2125 299366 1011 124873 4764 1693 14787 1746 1373 2363 555 282 1881 129 175 1240 97 67 179 756 4780 187 298 15823 351 2691 10255 807 121
internal_value=-0.774608 -0.872141 -0.881106 -0.75176 -0.528937 -0.687438 -0.767104 -0.887441 -0.841051 -0.652034 -0.618047 -0.618083 -0.853583 -0.691395 -0.880576 -0.859813 -0.690466 -0.882286 -0.524118 -0.546868 -0.611481 -0.862577 -0.523831 -0.541018 -0.538585 -0.574571 -0.576076 -0.890136 -0.872658 -0.739752
internal_weight=108992 78018.4 74406.6 3473.83 30973.8 3611.82 2305.3 70932.7 3894.72 673.559 1715.97 846.538 1458.77 624.538 3221.16 444.648 387.637 1757.86 30529.1 1306.52 277.716 1397.87 30488.5 3521.77 3481.39 239.061 1091.43 67038 2388.88 40.5993
internal_count=504702 361274 344549 16086 143428 16725 10675 328463 18035 3119 7946 3920 6755 2892 14916 2059 1795 8140 141369 6050 1286 6473 141181 16308 16121 1107 5054 310428 11062 188
is_linear=0
shrinkage=1


Tree=1
num_leaves=31
num_cat=0
split_feature=16 8 7 8 4 11 3 3 7 8 3 11 4 6 10 0 0 11 0 16 0 0 11 3 8 16 16 10 4 11
split_gain=329976 16106.5 8722.33 8324.86 7844.49 4548.72 1945.81 1307.95 1588.35 1127.84 3503.69 883.09 649.826 311.859 308.848 290.97 282.757 269.868 262.483 244.011 203.215 167.893 149.728 303.036 240.497 105.296 87.3486 730.643 83.4066 82.9025
threshold=0.69355911016464245 0.80866709351539623 1.0000000180025095e-35 0.54126495122909557 0.43650794029235845 1.5000000000000002 0.46709956228733068 0.41223156452178961 0.80109891295433056 0.65889152884483349 0.49691358208656317 1.5000000000000002 0.61250001192092907 0.48181217908859258 1.0000000180025095e-35 0.74601566791534435 0.64747309684753429 4.5000000000000009 0.88548010587692272 0.42528009414672857 0.6832355558872224 0.56294015049934398 1.5000000000000002 0.41728855669498449 0.63185164332389843 0.4627330750226975 0.64634531736373912 1.0000000180025095e-35 0.41428571939468389 2.5000000000000004
decision_type=2 2 2 2 2 2 2 2 2 2 2 2 2 2 2 2 2 2 2 2 2 2 2 2 2 2 2 2 2 2
left_child=1 2 4 14 18 7 20 8 16 26 15 -12 19 -10 -2 -11 -3 22 -1 -6 28 -8 -5 -24 -25 -14 -4 -28 -7 -16
right_child=3 5 9 17 12 6 21 -9 13 10 11 -13 25 -15 29 -17 -18 -19 -20 -21 -22 -23 23 24 -26 -27 27 -29 -30 -31
leaf_value=-0.10721163391179146 -0.1044563973649488 -0.0597253056043867 -0.11209749343495873 0.21423665376686096 0.021214512530933427 -0.10256264742467336 0.013289623834039952 0.20501298011963973 0.19838613971161295 -0.10439607698907966 0.19177411953594703 0.0058337548890727156 0.14063817422055111 0.093574701391300863 0.1748763348508541 0.15101738450925242 0.16179548618571718 0.01863392255865487 0.16890381352904921 0.13191140136545776 0.11494217020408026 0.18639024139361177 0.011702583367916066 0.082448676501767404 0.20361473997806592 0.18741904458191175 -0.10894917014981528 0.070158315161786014 0.22941424937758875 -0.057946821380786766
leaf_weight=1662.5969012081623 556.14640566706657 392.72835649549961 61758.449038475752 29375.911712065339 336.75809498131275 1011.5434117019176 43.640418082475662 1069.8461630493402 426.83697891235352 3057.5126481503248 337.68655973672867 316.85541987419128 530.03662450611591 316.33685083687305 33.923111960291862 28.814742654561996 40.699539750814438 46.116574138402939 22.330299779772758 205.03915268182755 28.685025915503502 201.14888817071915 55.401466876268387 107.91202625632286 3683.1404504030943 734.85762202739716 1941.9071671664715 157.59625160694122 4.8668623864650717 13.757592290639876
leaf_count=8043 2687 1816 299366 125691 1519 4876 200 4598 1872 14773 1486 1429 2343 1408 150 126 182 212 97 894 127 872 254 482 15818 3190 9399 708 23 61
internal_value=-0.000400591 -0.0943931 -0.102682 0.206682 0.0206159 0.0722445 -0.0474932 0.140996 0.0827883 -0.109051 -0.066357 0.101763 0.136416 0.153772 -0.0877038 -0.102011 -0.0389242 0.212025 -0.103552 0.0631069 -0.0950468 0.15553 0.212293 0.197451 0.200166 0.167816 -0.111552 -0.0955047 -0.100973 0.107699
internal_weight=108499 74626.8 71090.4 33872.3 3491.62 3536.33 1289.88 2246.45 1176.6 67598.8 3740.87 654.542 1806.69 743.174 603.827 3086.33 433.428 33268.5 1684.93 541.797 1045.1 244.789 33222.4 3846.45 3791.05 1264.89 63858 2099.5 1016.41 47.6807
internal_count=504702 359347 343373 145355 16086 15974 6098 9876 5278 327287 17814 2915 7946 3280 2898 14899 1998 142457 8140 2413 5026 1072 142245 16554 16300 5533 309473 10107 4899 211
is_linear=0
shrinkage=0.08


Tree=2
num_leaves=31
num_cat=0
split_feature=16 8 7 4 8 15 13 8 0 4 0 4 15 16 15 9 16 9 0 8 15 9 7 0 0 13 13 0 15 16
split_gain=274951 14380.5 7972.69 6598.61 6532.19 3498.74 1483.46 1072.42 3139.18 1030.15 934.343 507.743 398.49 348.025 312.649 297.04 281.572 228.775 228.322 167.041 298.447 161.213 127.187 123.214 120.683 471.456 119.999 165.107 88.6419 263.299
threshold=0.69355911016464245 0.80866709351539623 1.0000000180025095e-35 0.43650794029235845 0.53400599956512462 1.0000000180025095e-35 1.0000000180025095e-35 0.65889152884483349 0.66287881135940563 0.44949495792388922 0.66287881135940563 0.68333333730697643 1.0000000180025095e-35 0.51970654726028453 1.0000000180025095e-35 0.6885775923728944 0.55654823780059826 0.13100686669349673 0.88548010587692272 0.60723635554313671 1.0000000180025095e-35 0.19292803853750232 0.80109891295433056 0.46841755509376531 0.52223318815231334 1.0000000180025095e-35 1.0000000180025095e-35 0.45923791825771337 1.0000000180025095e-35 0.64085903763771068
decision_type=2 2 2 2 2 2 2 2 2 2 2 2 2 2 2 2 2 2 2 2 2 2 2 2 2 2 2 2 2 2
left_child=1 2 3 18 17 13 10 28 9 -9 15 14 -10 26 -5 -7 22 -2 -1 20 -6 -22 -8 -18 25 -15 27 -3 29 -4
right_child=4 5 7 11 19 6 16 8 12 -11 -12 -13 -14 24 -16 -17 23 -19 -20 -21 21 -23 -24 -25 -26 -27 -28 -29 -30 -31
leaf_value=-0.10358058294881239 -0.10077843424661152 -0.064662336713141574 -0.10384103865315428 0.13782169107696626 0.18531517513320203 -0.086288103692614304 -0.054639446083507785 -0.099945860103328399 0.18261520018937119 0.18727678507508017 0.14164143097889517 0.15911666243945738 0.032413568779605037 -0.0041130138554918375 0.037744112123743456 0.061648271250462072 0.086704770408182058 0.11163175425460407 0.14888714643604414 0.18675018166971233 -0.094663922509584483 0.14147124883693413 0.12751301117476646 0.16987841933990511 0.18520342923027333 0.17334782651936759 0.13479649232261517 0.13474031201173609 -0.10912115412003534 -0.043370051706083677
leaf_weight=1586.3393173366785 530.94256544113159 80.059585854411125 6423.595882281661 320.35636152327061 146.90828292071819 1130.032012835145 91.883816853165627 3057.8904589265585 302.98837026953697 82.062412917613983 142.33430258929729 1018.9514323323965 180.32201644778252 119.42858244478703 530.82633817195892 94.098423048853874 222.23450200259686 34.564269974827766 23.261548787355423 34538.374852672219 49.970283254981041 29.384646192193031 33.469590187072754 234.03309220075607 834.72084681689739 484.49709801375866 67.654340147972107 39.780740216374397 53872.911634847522 496.43894962966442
leaf_count=8043 2670 396 32715 1359 615 5552 428 15332 1285 358 599 4256 839 573 2331 427 948 157 97 141561 227 125 143 983 3456 2010 286 173 274299 2459
internal_value=-0.000652443 -0.0909013 -0.0991348 0.0188144 0.181914 0.0655016 -0.00681366 -0.105506 -0.0632248 -0.0924393 -0.0523591 0.121018 0.126575 0.152134 0.0754099 -0.0749163 0.100191 -0.0877957 -0.099932 0.186301 0.117788 -0.00722451 -0.00600441 0.129367 0.165495 0.138254 0.0496163 0.00152895 -0.108026 -0.0995029
internal_weight=106800 71470.2 67895.9 3479.73 35330.1 3574.23 1948.09 64416.2 3623.26 3139.95 1366.46 1870.13 483.31 1626.14 851.183 1224.13 581.621 565.507 1609.6 34764.6 226.263 79.3549 125.353 456.268 1438.65 603.926 187.495 119.84 60792.9 6920.03
internal_count=504702 359347 343373 16086 145355 15974 9080 327287 17814 15690 6578 7946 2124 6894 3690 5979 2502 2827 8140 142528 967 352 571 1931 6039 2583 855 569 309473 35174
is_linear=0
shrinkage=0.08


Tree=3
num_leaves=31
num_cat=0
split_feature=8 3 1 11 7 7 8 4 11 11 7 0 8 7 9 7 0 11 8 4 7 0 7 11 4 9 11 2 0 7
split_gain=224400 16077.6 8465.82 6310.6 5432.9 3180.75 2725.49 1083.73 1852.96 1075.34 891.892 726.663 646.004 1422.46 622.131 576.026 435.66 641.418 427.389 290.827 202.832 688.243 175.498 160.434 154.43 134.615 132.429 180.376 126.088 113.195
threshold=0.72792208194732677 0.41444373130798345 0.87439319491386425 1.5000000000000002 0.81696131825447094 1.0000000180025095e-35 0.55860888957977306 0.52272728085517894 1.5000000000000002 1.5000000000000002 1.0000000180025095e-35 0.67962265014648449 0.49743561446666723 1.0000000180025095e-35 0.15075758099555972 1.0000000180025095e-35 0.4970588237047196 1.5000000000000002 0.60044842958450328 0.41428571939468389 0.63661757111549389 0.66287881135940563 0.73978170752525341 1.0000000180025095e-35 0.44949495792388922 0.13100686669349673 3.5000000000000004 0.908033847808838 0.67962265014648449 1.0000000180025095e-35
decision_type=2 2 2 2 2 2 2 2 2 2 2 2 2 2 2 2 2 2 2 2 2 2 2 2 2 2 2 2 2 2
left_child=2 4 7 12 11 -5 -7 20 14 -6 -10 19 13 -4 15 -9 17 22 -12 23 29 24 -3 -2 -22 -15 -18 -28 -11 -1
right_child=1 16 3 5 9 6 -8 8 10 28 18 -13 -14 25 -16 -17 26 -19 -20 -21 21 -23 -24 -25 -26 -27 27 -29 -30 -31
leaf_value=-0.08466805071259477 -0.038820322335330164 -0.0064708232404668319 0.13064610673659929 0.14781505618580559 0.140072173385142 -0.10344913095977015 0.14362515479955429 0.087949931083505309 0.097819809690637138 -0.072913255369314464 -0.10462867815095689 0.11080467332512506 0.17150834832285433 -0.094171825360907457 0.17943664634855722 -0.084677632527944996 0.16875716827188217 -0.068919531972061576 0.067677021996088813 0.20006123798453579 -0.099580308450280805 0.12174470241739536 0.1624696289724312 -0.098965223099802505 0.15783064000420258 0.17321382119858911 -0.0032291629181011713 0.16524070409826888 0.14193157625977648 -0.10524287139109723
leaf_weight=1768.4808989912271 332.39310248196125 44.380723670125008 810.11019931733608 430.59502959251404 1357.7853524535894 3315.5310336798429 312.68678738176823 278.89961095154285 157.26125244796276 193.24154768884182 2522.6748563349247 124.86127696931362 832.07452565431595 256.5654855966568 196.14469277858734 222.32276543974876 34609.672698050737 118.73371021449566 95.622810229659081 22.311665788292885 664.79391521215439 110.16168580949306 347.42086012661457 1943.3428008556366 15.258547306060789 12.644134879112242 67.778610154986382 101.70926629006863 19.221482902765274 52956.618840888143
leaf_count=9174 1626 200 3305 1756 5551 17624 1289 1184 667 976 13512 523 3366 1360 838 1179 139095 590 422 97 3504 469 1403 10138 65 57 299 413 82 283938
internal_value=-0.000819027 0.150119 -0.0920968 -0.00131592 -0.00202893 -0.0577584 -0.0821558 -0.101285 -0.0579311 0.113884 -0.0872219 -0.0771503 0.118539 0.0777032 0.0586477 0.0113791 0.167335 0.0939702 -0.0983359 -0.0873625 -0.103997 -0.0637555 0.143333 -0.0901805 -0.0938047 -0.0816134 0.168412 0.0978692 -0.0534763 -0.104578
internal_weight=104241 39282.9 64958.4 5970.21 3993.16 4058.81 3628.22 58988.2 3472.93 1570.25 2775.56 2422.91 1911.39 1079.32 697.367 501.222 35289.7 510.535 2618.3 2298.05 55515.3 790.214 391.802 2275.74 680.052 269.21 34779.2 169.488 212.463 54725.1
internal_count=504702 160993 343709 28757 18993 20669 18913 314952 17802 6609 14601 12384 8088 4722 3201 2363 142000 2193 13934 11861 297150 4038 1603 11764 3569 1417 139807 712 1058 293112
is_linear=0
shrinkage=0.08


Tree=4
num_leaves=31
num_cat=0
split_feature=16 7 7 9 4 9 0 13 4 0 15 16 7 15 4 6 15 9 15 0 4 5 15 15 0 6 16 15 13 1
split_gain=201643 8354.36 6402.63 5508.37 4920.53 1814.76 3584.18 964.834 830.247 568.21 534.865 1029.9 434.552 428.83 336.595 260.483 240.885 236.343 508.737 187.265 134.357 178.048 128.914 109.63 94.5082 168.963 62.5011 97.0869 100.64 60.6471
threshold=0.68706035614013683 0.76961538195610057 1.0000000180025095e-35 0.10762548446655275 0.43650794029235845 0.26794873178005224 0.61311829090118419 1.0000000180025095e-35 0.44949495792388922 0.4970588237047196 1.0000000180025095e-35 0.58886051177978527 0.53441697359085094 1.0000000180025095e-35 0.68333333730697643 0.35781671106815344 1.0000000180025095e-35 0.18019481003284457 1.0000000180025095e-35 0.84356173872947704 0.10555555671453477 0.17424242943525317 1.0000000180025095e-35 1.0000000180025095e-35 0.46841755509376531 0.47114317119121557 0.73558631539344799 1.0000000180025095e-35 1.0000000180025095e-35 0.24525599926710132
decision_type=2 2 2 2 2 2 2 2 2 2 2 2 2 2 2 2 2 2 2 2 2 2 2 2 2 2 2 2 2 2
left_child=1 2 4 12 19 10 8 9 -7 15 11 -4 -2 -8 16 -3 -6 18 -5 -1 -11 -22 -14 -9 25 -25 27 -19 -29 -17
right_child=3 7 5 17 14 6 13 23 -10 20 -12 -13 22 -15 -16 29 -18 26 -20 -21 21 -23 -24 24 -26 -27 -28 28 -30 -31
leaf_value=-0.09880000199244067 -0.096198585815773077 0.097063280782781633 -0.094771345913311336 0.15396661545555751 0.1168889142096787 -0.090826573984667786 0.15650141529865708 0.15042754299989924 0.17451242447020035 0.16187268105574809 -0.10343355644703053 -0.015428996339933871 0.15406576918763093 0.04078421870585644 0.13032342330174981 0.0067894298683157592 0.030259005893544976 0.15447105437005662 -0.083462815814976832 0.085971379504397816 -0.080884714233018101 0.16196265880383481 -0.090095182100685636 0.13233266675554586 0.15211818008251599 0.0038778458721068806 0.15502626398997546 0.086817617039706987 0.14546884267174034 -0.084554400817305406
leaf_weight=1433.4139831662178 616.62760145962238 70.504894644021988 5357.5825759470463 181.98612336814404 331.43678870797157 2955.5010652691126 450.6333205550909 708.0875718742609 77.449619606137276 138.98287799954414 48873.99671536684 1301.3752137422562 63.40747657418251 375.95391893386841 1058.553434446454 54.707195222377777 540.31420633196831 1191.0441491901875 84.609460264444351 35.986089318990707 42.096782386302948 35.714571222662926 17.703946903347969 134.86512185633183 135.85738426446915 127.48051919043064 33604.588489532471 355.09044593572617 396.10574978590012 310.81129097938538
leaf_count=7978 3418 332 30064 747 1359 16142 1844 2849 321 576 276894 6711 258 1749 4256 275 2331 4778 414 162 215 148 83 548 549 533 134504 1462 1589 1613
internal_value=-0.000934169 -0.08592 -0.0907371 0.14932 0.0160359 -0.0968489 -0.0438043 0.0860294 -0.0840509 0.00890199 -0.100536 -0.0792653 -0.0733008 0.10387 0.100008 -0.0437261 0.0631954 0.153657 0.0786136 -0.0942749 0.114749 0.0305796 0.100773 0.131542 0.0979595 0.0699132 0.15422 0.140266 0.117744 -0.070883
internal_weight=101062 64551.3 62792.2 36511.2 3399.7 59392.5 3859.54 1759.11 3032.95 652.818 55533 6658.96 697.739 826.587 1930.3 436.023 871.751 35813.4 266.596 1469.4 216.794 77.8114 81.1114 1106.29 398.203 262.346 35546.8 1942.24 751.196 365.518
internal_count=504702 357449 349811 147253 16086 333725 20056 7638 16463 3159 313669 36775 3759 3593 7946 2220 3690 143494 1161 8140 939 363 341 4479 1630 1081 142333 7829 3051 1888
is_linear=0
shrinkage=0.08


Tree=5
num_leaves=31
num_cat=0
split_feature=16 8 8 7 4 15 3 7 8 0 4 16 3 13 9 15 0 0 8 15 16 15 3 13 16 9 6 5 0 1
split_gain=175509 8887.16 6589.43 6287.17 4248 2519.61 978.232 753.938 548.871 1629.35 699.612 310.289 279.012 571.888 214.118 187.205 174.271 168.966 129.828 257.065 126.016 119.551 116.706 155.772 129.079 116.201 103.962 93.5571 87.147 87.0075
threshold=0.68033078312873851 0.79226601123809826 0.53400599956512462 1.0000000180025095e-35 0.43650794029235845 1.0000000180025095e-35 0.43288289010524755 0.88935971260070812 0.65889152884483349 0.6911335587501527 0.44949495792388922 0.40851645171642309 0.41728855669498449 1.0000000180025095e-35 0.13100686669349673 1.0000000180025095e-35 0.67962265014648449 0.86240702867507946 0.60723635554313671 1.0000000180025095e-35 0.58534735441207897 1.0000000180025095e-35 0.39173060655593878 1.0000000180025095e-35 0.76148387789726268 0.19292803853750232 0.47114317119121557 0.13392857462167743 0.61938297748565685 0.92907443642616283
decision_type=2 2 2 2 2 2 2 2 2 2 2 2 2 2 2 2 2 2 2 2 2 2 2 2 2 2 2 2 2 2
left_child=1 3 14 4 17 12 7 16 -5 10 -10 15 13 27 -2 -6 -7 -1 19 -4 28 -11 23 24 -20 -21 -9 -3 -8 -13
right_child=2 5 18 8 11 6 20 26 9 21 -12 29 -14 -15 -16 -17 -18 -19 22 25 -22 -23 -24 -25 -26 -27 -28 -29 -30 -31
leaf_value=-0.095803880242600281 -0.094943900841139128 -0.039331548406687143 0.14593427139527104 -0.10013155055847651 0.1046209683098383 -0.081997194004051352 -0.060737351484148737 0.12434146334313503 -0.0919685784340281 0.15006131117068899 0.14590091764812851 0.086692066915061719 0.14739713666222604 0.12874867552764183 0.088028453090119307 -0.0046551521389941921 0.090229525337549285 0.093085281573799708 -0.018648656173035145 -0.089735297293980901 0.11486455755203447 0.041066711863572629 0.14377445537299433 0.13159156362352051 0.12967480638596651 0.09673042590903555 0.025170204904681675 0.16975269719657893 0.13220737710085928 0.12563592369336132
leaf_weight=1363.52562238276 785.81866489350796 211.06414604187012 164.34248521924019 51249.559592574835 152.63205836713314 1200.8610366284847 50.015605345368385 124.13129463791847 2513.5358296483755 197.49500414729118 81.705668404698372 645.47876214981079 844.24015673995018 477.93096831440926 43.181240305304527 292.82101733982563 38.816794261336327 30.997637197375298 94.679397523403168 58.112063348293304 312.17471340298653 95.573183462023735 34816.768136844039 497.71795101463795 62.23216487467289 33.847039014101028 148.68842217326164 14.647148177027701 21.388760417699814 851.53515926003456
leaf_count=8008 4589 1119 672 307280 624 6586 238 509 14474 802 338 2625 3414 1938 191 1286 159 132 411 292 1286 434 140679 2006 252 141 655 63 88 3411
internal_value=-0.00101326 -0.0841704 0.137562 -0.0916502 0.0149239 0.0406557 -0.02117 -0.0501076 -0.0982193 -0.0642882 -0.0844798 0.0914027 0.116389 0.079185 -0.0854132 0.0327877 -0.0766044 -0.0916052 0.142735 0.0860023 0.0929345 0.114517 0.143145 0.10968 0.0401774 -0.0211036 0.0702925 -0.0257634 -0.00294189 0.108844
internal_weight=97475.5 60918.8 36556.7 57474.9 3336.99 3443.96 1896.08 1512.5 54137.9 2888.31 2595.24 1942.47 1547.88 703.642 829 445.453 1239.68 1394.52 35727.7 256.302 383.579 293.068 35471.4 654.63 156.912 91.9591 272.82 225.711 71.4044 1497.01
internal_count=504702 355469 149233 339414 16086 16055 9521 7909 323328 16048 14812 7946 6534 3120 4780 1910 6745 8140 144453 1105 1612 1236 143348 2669 663 433 1164 1182 326 6036
is_linear=0
shrinkage=0.08


Tree=6
num_leaves=31
num_cat=0
split_feature=16 7 7 9 4 9 0 4 11 11 7 2 11 15 9 0 15 0 6 11 16 15 0 2 15 15 15 6 1 0
split_gain=154000 6264.72 5460.97 5276.97 3690.02 1447 3829.85 1135.51 1080.65 432.725 354.748 295.261 245.253 184.638 344.928 164.924 143.86 157.65 199.908 143.857 217.764 266.824 142.861 138.063 125.216 109.426 102.374 68.2245 65.5198 49.3754
threshold=0.68033078312873851 0.76961538195610057 1.0000000180025095e-35 0.10762548446655275 0.41428571939468389 0.21132376790046695 0.66287881135940563 0.44949495792388922 1.5000000000000002 1.5000000000000002 0.53441697359085094 0.92805382609367382 3.5000000000000004 1.0000000180025095e-35 0.10762548446655275 0.628892481327057 1.0000000180025095e-35 0.4970588237047196 0.47114317119121557 1.5000000000000002 0.73558631539344799 1.0000000180025095e-35 0.84074437618255626 0.94185259938240062 1.0000000180025095e-35 1.0000000180025095e-35 1.0000000180025095e-35 0.4403389841318131 0.89442723989486705 0.42933948338031774
decision_type=2 2 2 2 2 2 2 2 2 2 2 2 2 2 2 2 2 2 2 2 2 2 2 2 2 2 2 2 2 2
left_child=1 2 4 10 22 13 7 -7 16 -8 -2 25 19 14 -4 27 -3 18 -18 -5 21 -21 -1 -14 -13 -6 -12 29 -22 -10
right_child=3 8 5 12 11 6 9 -9 15 -11 26 24 23 -15 -16 -17 17 -19 -20 20 28 -23 -24 -25 -26 -27 -28 -29 -30 -31
leaf_value=-0.094486074479669835 -0.092345383443752496 0.12968588985371401 -0.096400174344700371 0.1361220002302547 0.079167956689095514 -0.088272667493725254 0.1415280706335125 0.13826394071149026 -0.026666350212379279 0.021614601858487528 0.13169894460634318 0.12354012441004532 -0.048133783081851907 -0.099214205840908939 -0.051581852625097416 0.11897460349082302 0.10654200132379918 0.13837464428492852 -0.0097181287730891928 0.1266612473751049 0.11083141848499799 -0.0019305510884670219 0.07047887130486194 0.095653495312410741 0.078275709973789728 -0.011542631663585391 -0.085147228921652204 -0.087342850210133896 0.13386328713248871 0.16295078825736695
leaf_weight=1272.6028606295586 715.93405859172344 730.33930359780788 3791.331082239747 30860.076826378703 130.01898615062237 4977.8855213075876 566.55727016925812 145.75660748779774 47.271207809448242 291.79496863484383 63.398482501506805 710.66152508556843 68.939332515001297 41485.1085113585 1547.6073934882879 32.668808996677399 183.64255057275295 175.25415050983429 195.34206454455853 215.55719594657421 1174.0440771132708 198.25063122808933 34.508732751011848 112.45175637304783 869.92866039276123 246.41141840815544 17.858633548021317 259.39409463107586 2419.6171322762966 10.796203911304472
leaf_count=7905 4410 2989 23649 127154 529 30322 2421 616 257 1381 261 2862 303 264502 9240 138 755 718 860 891 4817 896 154 471 3552 1084 91 1489 9939 46
internal_value=-0.00107188 -0.0819706 -0.0864714 0.129158 0.0139478 -0.0926787 -0.0556282 -0.0818282 0.0724055 0.100764 -0.0743665 0.0834629 0.133788 -0.097412 -0.0834086 -0.0521827 0.106364 0.0756317 0.0466174 0.13427 0.120011 0.0650544 -0.0901309 0.0410058 0.0986274 0.0197888 0.0840406 -0.0697959 0.126339 0.00858828
internal_weight=93551 57704.9 56070.2 35846.1 3264.13 52806 5981.99 5123.64 1634.71 858.352 797.191 1957.02 35048.9 46824 5338.94 350.13 1284.58 554.239 378.985 34867.5 4007.47 413.808 1307.11 181.391 1580.59 376.43 81.2571 317.462 3593.66 58.0674
internal_count=504702 355469 348217 149233 16086 332131 34740 30938 7252 3802 4762 8027 144471 297391 32889 1930 5322 2333 1615 143697 16543 1787 8059 774 6414 1613 352 1792 14756 303
is_linear=0
shrinkage=0.08


Tree=7
num_leaves=31
num_cat=0
split_feature=16 8 7 8 4 11 0 15 8 4 0 16 16 4 11 10 7 15 0 2 0 11 2 15 8 8 1 15 15 4
split_gain=135924 7527.2 5365.59 4956.43 3216.51 1945.42 874.815 570.57 525.546 1599.2 744.295 336.955 265.277 226.505 211.199 196.642 150.394 146.886 143.571 137.524 129.621 118.727 150.506 126.279 83.8552 77.0684 76.269 73.9727 70.4659 76.8285
threshold=0.68033078312873851 0.79226601123809826 1.0000000180025095e-35 0.53400599956512462 0.41428571939468389 1.5000000000000002 0.66287881135940563 1.0000000180025095e-35 0.63897106051445018 0.44949495792388922 0.75582656264305126 0.55654823780059826 0.40851645171642309 0.44949495792388922 3.5000000000000004 1.0000000180025095e-35 0.80109891295433056 1.0000000180025095e-35 0.60107529163360607 0.92031747102737438 0.84074437618255626 1.5000000000000002 0.90521115064620983 1.0000000180025095e-35 0.60044842958450328 0.65889152884483349 0.92907443642616283 1.0000000180025095e-35 1.0000000180025095e-35 0.11805555596947671
decision_type=2 2 2 2 2 2 2 2 2 2 2 2 2 2 2 2 2 2 2 2 2 2 2 2 2 2 2 2 2 2
left_child=1 2 4 15 20 7 13 -3 -4 10 -10 16 17 -7 21 -2 -9 -6 -13 -16 -1 -5 23 -23 -24 -21 -14 -11 -8 -30
right_child=3 5 8 14 12 6 28 11 9 27 -12 18 26 -15 19 -17 -18 -19 -20 25 -22 22 24 -25 -26 -27 -28 -29 29 -31
leaf_value=-0.092323920894398934 -0.092401003999140197 0.11992355211670816 -0.096355928511457883 0.12889154015632501 0.086824021279903754 -0.08309592824907816 0.14172500334428909 -0.058816591557118492 -0.086363379760300965 0.15669316209315004 0.14189725400073003 0.043987266330468774 0.072898437473693511 0.13464849054151981 -0.061819663715286438 0.065688413335702356 0.077487962065078547 -0.008598855984002448 0.12620186797128197 -0.042369163242247987 0.064124171148458406 0.12412614354262407 0.031196743378942158 0.054003376661243684 0.12323583573160984 0.11714839045699327 0.10936706612518476 0.050456835653965325 0.15692814033711 -0.027432866056515792
leaf_weight=1201.1436785012484 697.23913855850697 1183.5759739428759 44899.329795658588 30019.72459872067 156.56543298065662 949.58527475595474 133.62956072390079 251.61447474360466 2870.1733007133007 191.63700276613235 94.432553768157959 419.17662961781025 652.53044818341732 31.592037990689278 57.040545091032982 54.27589225769043 65.240156650543213 303.1338162869215 201.18542359769344 23.807188287377357 34.87757171690464 263.93685701489449 64.64815679192543 435.64078077673912 3161.6461510956287 104.32650506496429 838.81745040416718 53.702317550778389 22.609981134533882 40.165729373693466
leaf_count=7905 4532 4974 303554 127136 633 5797 542 1434 18338 797 401 1807 2644 130 256 248 275 1338 836 111 154 1104 293 1838 13284 431 3412 238 92 168
internal_value=-0.00111333 -0.0799283 -0.0874608 0.122241 0.0130643 0.0372169 -0.045235 0.0829988 -0.0941202 -0.0628485 -0.0790925 0.0363679 0.0770327 -0.076085 0.126716 -0.0809835 -0.0307516 0.0239005 0.0706497 0.041511 -0.0879093 0.127181 0.114098 0.0804593 0.121392 0.0875101 0.0934104 0.133439 0.108882 0.0389686
internal_weight=89477 54594.7 51296.3 34882.3 3187.07 3298.38 1177.58 2120.79 48109.3 3209.95 2964.61 937.217 1951.05 981.177 34130.8 751.515 316.855 459.699 620.362 185.174 1236.02 33945.6 3925.87 699.578 3226.29 128.134 1491.35 245.339 196.405 62.7757
internal_count=504702 355469 339414 149233 16086 16055 6729 9326 323328 19774 18739 4352 8027 5927 144453 4780 1709 1971 2643 798 8059 143655 16519 2942 13577 542 6056 1035 802 260
is_linear=0
shrinkage=0.08


Tree=8
num_leaves=31
num_cat=0
split_feature=16 8 7 8 2 11 0 8 4 0 16 4 7 4 0 6 11 10 0 2 11 16 4 0 10 2 8 6 1 11
split_gain=120594 6873.02 4968.92 4336.41 2823.6 1677.05 768.436 515.615 1655.85 742.022 360.643 218.406 202.846 199.272 192.393 478.059 191.161 178.261 120.275 118.941 117.805 143.286 96.9234 96.8865 85.3893 79.189 73.378 64.8983 58.9647 51.0127
threshold=0.68033078312873851 0.79226601123809826 1.0000000180025095e-35 0.53400599956512462 0.84680575132370006 1.5000000000000002 0.66287881135940563 0.61916849017143261 0.44949495792388922 0.76506900787353527 0.52165243029594432 0.61250001192092907 0.71471861004829418 0.44949495792388922 0.4970588237047196 0.55051019787788402 3.5000000000000004 1.0000000180025095e-35 0.88273492455482494 0.91715687513351452 1.5000000000000002 0.73558631539344799 0.43650794029235845 0.51000401377677929 1.0000000180025095e-35 0.91545844078063976 0.65889152884483349 0.48683299124240881 0.89442723989486705 2.5000000000000004
decision_type=2 2 2 2 2 2 2 2 2 2 2 2 2 2 2 2 2 2 2 2 2 2 2 2 2 2 2 2 2 2
left_child=1 2 4 17 22 10 13 -4 9 -9 12 18 23 27 15 -12 20 -2 -6 -18 -5 25 -1 -3 -10 -22 -21 -7 -23 -19
right_child=3 5 7 16 11 6 -8 8 24 -11 14 -13 -14 -15 -16 -17 19 29 -20 26 21 28 -24 -25 -26 -27 -28 -29 -30 -31
leaf_value=-0.091306363259942971 -0.090321369635494711 -0.069889976966863554 -0.09488567658532393 0.12287086945602337 0.0035955856867794038 -0.036731083952292846 0.10130590185918309 -0.085254861521498942 0.038525856126013606 0.1418090612435958 0.10663518260017955 0.090083527622297183 0.10395069644436619 0.12439463623678533 0.11733457948517041 -0.019169809643312219 -0.060346225122443718 0.10980618398946983 0.081226212398169628 -0.043033533993422052 0.027603741222096998 0.098122696798880527 -0.010970145293846529 0.049588872523841782 0.14884705606657231 0.10004824951158357 0.11068741442343219 -0.09091685630721584 0.12045116742119021 -0.058622361474911192
leaf_weight=1088.7615726292133 657.84543871879578 173.66719487309456 41587.930287584662 29012.351506143808 365.62626029551029 175.51169890165329 194.29893255233765 3268.4367388784885 56.653134793043137 94.779685169458389 579.05392549932003 1347.7741404473782 85.87218613922596 31.464125156402588 904.93717508018017 290.19639167189598 54.238963738083839 38.607339218258858 196.30730777978897 24.619342178106308 204.50204317271709 1126.0273485630751 105.42013274133205 57.925260782241821 216.47547242045403 182.96719126403332 103.10158744454384 729.20086058974266 2309.1800861805677 16.396456256508827
leaf_count=7588 4532 1006 299504 127136 1714 1074 802 22216 264 413 2441 5528 398 130 3887 1317 247 165 795 116 877 4830 461 277 931 792 435 4723 10020 83
internal_value=-0.00114473 -0.0780969 -0.0856395 0.116464 0.0122765 0.0350329 -0.0434735 -0.0923598 -0.0634717 -0.0788559 0.0774633 0.0726144 -0.00106681 -0.0735218 0.0915151 0.0646356 0.120678 -0.0787535 0.0307153 0.0389068 0.121131 0.10793 -0.0842144 -0.0400063 0.125964 0.0618128 0.0810563 -0.080405 0.113132 0.0595982
internal_weight=85280.1 51550.3 48328.2 33729.8 3103.89 3222.13 1130.48 45224.3 3636.35 3363.22 2091.65 1909.71 317.465 936.177 1774.19 869.25 33017 712.849 561.934 181.96 32835 3822.68 1194.18 231.592 273.129 387.469 127.721 904.713 3435.21 55.0038
internal_count=504702 355469 339414 149233 16086 16055 6729 323328 23824 22629 9326 8037 1681 5927 7645 3758 144453 4780 2509 798 143655 16519 8049 1283 1195 1669 551 5797 14850 248
is_linear=0
shrinkage=0.08


Tree=9
num_leaves=31
num_cat=0
split_feature=16 8 7 8 4 3 11 8 3 11 4 7 11 3 5 8 10 7 0 10 11 3 8 0 2 0 11 0 16 0
split_gain=107427 6295.12 4626.07 3822.59 2479.85 1560.88 1321.49 461.024 1463.8 648.187 216.65 199.196 190.263 185.931 162.636 133.169 133.163 118.821 110.194 88.8796 79.0002 153.554 78.0061 77.0646 74.5412 65.7805 62.0294 95.4701 57.1052 48.2251
threshold=0.68033078312873851 0.78601953387260448 1.0000000180025095e-35 0.52420487999916088 0.41428571939468389 0.4403389841318131 1.0000000180025095e-35 0.61916849017143261 0.46966911852359777 1.5000000000000002 0.68333333730697643 0.78886163234710704 2.5000000000000004 0.79205974936485302 0.13392857462167743 0.65889152884483349 1.0000000180025095e-35 0.84866103529930126 0.83910790085792553 1.5000000000000002 1.5000000000000002 0.40289855003356939 0.6253834366798402 0.93127068877220165 0.25176055729389196 0.74601566791534435 1.5000000000000002 0.4970588237047196 0.7831653654575349 0.72046512365341198
decision_type=2 2 2 2 2 2 2 2 2 2 2 2 2 2 2 2 2 2 2 2 2 2 2 2 2 2 2 2 2 2
left_child=1 2 4 16 18 6 11 -4 25 -10 23 19 20 28 17 -15 -2 -8 -1 -3 -5 29 -23 -6 -13 -9 -7 -28 -14 -22
right_child=3 5 7 12 10 26 14 8 9 -11 -12 24 13 15 -16 -17 -18 -19 -20 -21 21 22 -24 -25 -26 -27 27 -29 -30 -31
leaf_value=-0.0886353040366194 -0.089604793258702492 -0.031070040761247086 -0.093361051082260768 0.1178125577776324 0.030054845732294208 0.11855998669956412 -0.076221909863724138 -0.089900670521401591 0.13072429034842442 -0.027424444929378934 0.091797230823151332 0.11514641488673653 -0.047397247013808812 -0.0043876214731621765 0.11768708757977292 0.10664327428844915 0.047008740206947154 -0.0016809844355861019 0.053966838867609578 0.1023469245755331 -0.07386826322220709 0.02943084327774351 0.10890732413684771 0.10748374077589529 0.061816982909738694 0.052812347027549555 -0.046705805552677011 0.09318650364062965 0.10702297868464321 0.093135828473760687
leaf_weight=1067.7813256829977 608.26139758527279 157.2787649333477 38991.729884654284 27892.126630023122 809.04165185987949 847.74817070364952 1054.3295093476772 2680.3897048681974 299.75236448645592 371.33329328894615 1017.8011112362146 322.97564192116261 90.844575688242912 79.607105284929276 31.462772235274315 525.52416788041592 49.370700046420097 157.27838860452175 35.844731584191322 40.105347126722336 39.987403020262718 81.142471730709076 3046.1412026286125 91.579923510551453 349.00138315558434 20.831106334924698 36.015695109963417 234.57008138298988 18.43724662065506 15.300502017140387
leaf_count=7898 4454 823 299504 127162 3396 3699 6894 19599 1399 2165 4256 1370 409 375 144 2329 225 832 161 182 172 370 13594 375 1469 94 212 997 81 62
internal_value=-0.00116851 -0.0764046 -0.0840851 0.111562 0.0115424 0.0314918 -0.00896736 -0.0909067 -0.0625291 0.0432155 0.0665079 0.0666946 0.115512 0.0746931 -0.0618827 0.0920368 -0.0793487 -0.0665458 -0.0840037 -0.00396181 0.11645 0.104509 0.106845 0.0379282 0.087449 -0.0888001 0.107916 0.0745665 -0.0213446 -0.0276512
internal_weight=81063.6 48616.9 45386.1 32446.7 3022.05 3230.77 2112.43 42364 3372.31 671.086 1918.42 869.361 31789.1 714.413 1243.07 605.131 657.632 1211.61 1103.63 197.384 31074.7 3182.57 3127.28 900.622 671.977 2701.22 1118.33 270.586 109.282 55.2879
internal_count=504702 355469 338847 149233 16086 16622 11714 322761 23257 3564 8027 3844 144554 3194 7870 2704 4679 7726 8059 1005 141360 14198 13964 3771 2839 19693 4908 1209 490 234
is_linear=0
shrinkage=0.08


Tree=10
num_leaves=31
num_cat=0
split_feature=8 3 1 11 7 7 8 4 8 7 11 8 7 15 0 0 7 15 4 10 11 11 3 15 11 5 0 8 0 6
split_gain=93855.3 7162 4288.88 2906.57 2327.94 1701.16 1085.31 535.934 1083.71 988.354 407.205 360.128 550.214 338.897 333.583 240.565 259.183 224.005 171.898 158.709 149.309 121.336 201.692 144.663 119.187 116.888 93.392 197.834 73.4682 165.146
threshold=0.71248623728752147 0.41223156452178961 0.84575733542442333 1.5000000000000002 0.81696131825447094 1.0000000180025095e-35 0.53740674257278453 0.43650794029235845 0.5505102574825288 1.0000000180025095e-35 1.5000000000000002 0.49743561446666723 1.0000000180025095e-35 1.0000000180025095e-35 0.69282051920890819 0.44920890033245092 0.81696131825447094 1.0000000180025095e-35 0.38750000298023229 1.0000000180025095e-35 1.5000000000000002 1.5000000000000002 0.75162336230278026 1.0000000180025095e-35 1.0000000180025095e-35 0.38750000298023229 0.86240702867507946 0.54126495122909557 0.62575301527977001 0.47114317119121557
decision_type=2 2 2 2 2 2 2 2 2 2 2 2 2 2 2 2 2 2 2 2 2 2 2 2 2 2 2 2 2 2
left_child=2 4 7 11 14 -5 -7 26 9 25 28 12 -4 -10 18 16 -3 -8 24 -14 -15 -17 23 -23 -2 -9 -1 -28 29 -6
right_child=1 15 3 5 10 6 17 8 13 -11 -12 -13 19 20 -16 21 -18 -19 -20 -21 -22 22 -24 -25 -26 -27 27 -29 -30 -31
leaf_value=-0.092138698297008548 -0.030769283978071559 -0.053239750014518167 0.072887006049220729 0.08861679108453395 0.10452733398295939 -0.090962609540837333 0.12524998386844291 -0.092306481389240636 0.15541039829638176 -0.090933702931781116 -0.044594390554245154 0.11836260558876491 -0.088397443495415867 0.10991195121800365 0.07234637417205099 0.1140363691199253 0.10113133048117873 -0.012022668998745297 0.12951371722506361 0.11502559769606187 -0.065397442611141707 0.10644699459975052 0.10640594954576643 0.022231871212255373 -0.084992091731926997 0.035164710230560628 -0.078548581978580778 0.20013821669575754 0.11236235114600009 0.032747638459575887
leaf_weight=33788.713609874249 310.50445738434792 116.74774092435837 881.78386028110981 466.93726126849651 437.80131697654724 2791.3048417270184 178.0967198163271 50.535102441906929 174.74998332560062 3111.5725944936275 178.59098386764526 659.2276124432683 208.85375988483429 45.354799248278141 106.31677241623402 26231.204226195812 172.38963484764099 132.81658321619034 26.392394602298737 27.815021522343159 98.874933488667011 210.01883053779602 3148.1370809972286 344.97355099022388 1577.7423832714558 517.46622575819492 65.588255412876606 21.694612726569176 409.27162578701973 386.00533707439899
leaf_count=276178 1857 715 3720 1979 1915 22299 794 223 827 25493 1053 3120 1658 217 464 124877 804 630 115 155 612 948 14567 1632 11489 2164 521 107 1903 1666
internal_value=-0.00118572 0.0989842 -0.0791871 -0.0121156 -0.0105209 -0.0537427 -0.0751703 -0.0886557 -0.0609566 -0.0732191 0.068306 0.0714615 0.0438176 0.0804968 -0.0655827 0.111421 0.0387995 0.0666096 -0.0732417 -0.0644897 -0.0102693 0.112123 0.0985668 0.0541003 -0.0760757 0.0238236 -0.0919252 -0.00927952 0.0846578 0.070894
internal_weight=76877.5 33656.1 43221.4 5346.84 3432.63 3569.16 3102.22 37874.6 3998.55 3679.57 1411.67 1777.68 1118.45 318.98 2020.96 30223.5 289.137 310.913 1914.64 236.669 144.23 29934.3 3703.13 554.992 1888.25 568.001 33876 87.2829 1233.08 823.807
internal_count=504702 164005 340697 34355 20462 25702 23723 306342 29536 27880 6537 8653 5533 1656 13925 143543 1519 1424 13461 1813 829 142024 17147 2580 13346 2387 276806 628 5484 3581
is_linear=0
shrinkage=0.08


Tree=11
num_leaves=31
num_cat=0
split_feature=8 0 8 2 11 8 2 11 2 4 6 4 0 15 15 11 2 6 4 4 11 2 4 15 8 2 11 4 0 5
split_gain=84193.3 5973.64 3777.63 1937.21 1850.66 1503.65 3173.04 444.005 619.703 366.035 358.829 329.748 260.014 227.765 221.475 203.337 174.913 173.531 168.779 168.057 129.534 307.947 363.164 114.66 262.822 773.123 98.4869 88.503 58.3799 55.1919
threshold=0.70438539981842052 0.53144779801368724 1.0000000180025095e-35 0.82807883620262157 1.0000000180025095e-35 0.5943126678466798 0.79431909322738659 2.5000000000000004 0.81120249629020702 0.31666667759418493 0.4403389841318131 0.31666667759418493 0.77581480145454418 1.0000000180025095e-35 1.0000000180025095e-35 1.5000000000000002 0.25176055729389196 0.35781671106815344 0.074175827205181136 0.5634920895099641 1.5000000000000002 0.77032968401908886 0.095454547554254546 1.0000000180025095e-35 0.53400599956512462 0.77032968401908886 1.5000000000000002 0.44949495792388922 0.88548010587692272 0.46428571641445165
decision_type=2 2 2 2 2 2 2 2 2 2 2 2 2 2 2 2 2 2 2 2 2 2 2 2 2 2 2 2 2 2
left_child=2 4 3 -1 10 23 12 20 18 17 -2 16 27 -8 -5 -15 -12 26 -9 28 -3 22 -22 24 -4 -26 -6 -7 -16 -21
right_child=1 7 5 14 9 6 13 8 -10 -11 11 -13 -14 15 19 -17 -18 -19 -20 29 21 -23 -24 -25 25 -27 -28 -29 -30 -31
leaf_value=-0.082862697106645483 0.10345794506519002 0.10955323994733007 -0.085318171040462257 0.089178924025982584 0.081346536311516685 -0.087037898923255863 0.12151810096827063 0.091075028212149467 0.09650585606963763 0.084673554109210264 0.076313871181887802 0.11313543428700613 0.14014539022372419 0.10354868288791258 -0.041363293188070749 -0.02711641828509535 -0.037205798629111921 -0.081839642130509982 -0.080468265458954497 -0.078952463434430395 0.11995786936605153 0.10173791687463338 -0.038926551492008903 -0.091692005229119716 -0.083479033904816577 0.13390060787201413 -0.044713541956338858 0.086488232882367483 0.057114908752108368 0.054127518573740353
leaf_weight=949.99767728149891 642.90868391096592 25434.888796508312 3456.1826176941395 796.69293560087681 64.711417905986309 2293.555947765708 609.28385026752949 43.946414172649384 547.07494527101517 99.548841007053852 111.03423845767975 181.19434548914433 33.117478981614113 149.28349030762911 207.77947868406773 155.73832129687071 399.11908798664808 1502.4337672367692 222.83078729361296 20.435731753706932 154.07261827588081 2666.3361861035228 228.79030214995146 30250.951295860112 388.67067117244005 143.32280685007572 102.47836002707481 18.96638497710228 47.296603575348854 830.24378736317158
leaf_count=7720 3069 127035 29255 3480 344 19202 2953 221 2571 495 532 877 158 732 1114 818 2145 11224 1414 87 712 12854 1300 265838 3289 725 755 98 193 3492
internal_value=-0.00119905 0.0948409 -0.078317 0.0104336 -0.0107011 -0.085068 -0.033151 0.106021 0.0477575 -0.0643508 0.0604362 0.0204288 -0.0824273 0.0932665 0.0570216 0.0368336 -0.0124984 -0.0732361 -0.0522098 0.0338524 0.107685 0.0921041 0.0250121 -0.0900111 -0.0772609 -0.0249154 0.00407847 -0.0856147 -0.0231033 0.0509306
internal_weight=72752.9 32401.4 40351.5 2852.45 3103.43 37499.1 3259.95 29297.9 813.852 1769.17 1334.26 691.348 2345.64 914.306 1902.45 305.022 510.153 1669.62 266.777 1105.76 28484.1 3049.2 382.863 34239.1 3988.18 531.993 167.19 2312.52 255.076 850.68
internal_count=504702 165548 339154 16086 19441 323068 23961 146107 4206 12818 6623 3554 19458 4503 8366 1550 2677 12323 1635 4886 141901 14866 2012 299107 33269 4014 1099 19300 1307 3579
is_linear=0
shrinkage=0.08


Tree=12
num_leaves=31
num_cat=0
split_feature=16 8 8 8 2 15 11 8 0 4 15 3 11 2 15 3 11 16 11 3 8 15 10 0 6 16 0 15 4 4
split_gain=77530.7 4460.48 3785.37 3333.77 1708.22 1333.97 521.85 344.406 1070.63 298.849 298.534 239.175 209.802 205.779 195.487 151.539 251.045 151.475 133.863 184.988 135.185 118.035 115.109 95.9666 95.78 70.4882 60.4238 50.8594 48.2124 44.9094
threshold=0.67392408847808849 0.77815064787864696 1.0000000180025095e-35 0.51756480336189281 0.82807883620262157 1.0000000180025095e-35 1.5000000000000002 0.60723635554313671 0.66287881135940563 0.44949495792388922 1.0000000180025095e-35 0.41223156452178961 3.5000000000000004 0.25176055729389196 1.0000000180025095e-35 0.41728855669498449 1.5000000000000002 0.40851645171642309 1.5000000000000002 0.50333333015441906 0.63185164332389843 1.0000000180025095e-35 1.0000000180025095e-35 0.70299971103668224 0.55051019787788402 0.76148387789726268 0.72638148069381725 1.0000000180025095e-35 0.2264957278966904 0.31666667759418493
decision_type=2 2 2 2 2 2 2 2 2 2 2 2 2 2 2 2 2 2 2 2 2 2 2 2 2 2 2 2 2 2
left_child=1 2 4 22 29 15 11 -4 9 -9 -10 13 18 -7 -6 16 24 -16 -5 26 -21 -14 -2 -8 -3 -23 -20 -24 -25 -1
right_child=3 5 7 12 14 6 23 8 10 -11 -12 -13 21 -15 17 -17 -18 -19 19 20 -22 25 27 28 -26 -27 -28 -29 -30 -31
leaf_value=-0.090862877195615907 -0.086829706900930267 0.10731906463763199 -0.089836943992507662 0.10661645387018429 0.083884517836880571 0.063224802648912892 -0.080957243181027594 -0.084339456905728485 0.12176259571083507 0.093351377344864359 -0.015729323081578733 0.083737577148064041 0.091626358982381348 -0.038265538612625404 -0.016802388166824691 0.10958211401009765 -0.043453989945247608 0.049818090858758081 -0.048114472630069585 0.015752494363719196 0.096567759991465024 -0.087651382871839684 0.10790783721276676 0.12321128864935034 0.03313866732395291 0.049663180971273729 0.077764161576372615 -0.06394499059883231 -0.071273802093812483 -0.048507444164107641
leaf_weight=687.49183999747038 615.42696844786406 315.84524824470282 31487.838916093111 24292.633191198111 779.91542319953442 178.13896714150906 714.89608929306269 2612.0481725111604 221.42053467035294 62.014402478933334 185.94555992633104 243.34661728143692 80.098463334143162 453.00056932866573 301.44448807835579 672.33625046908855 131.32114177197218 793.12638849020004 80.437367729842663 138.37281461060047 3105.806436046958 65.825588077306747 29.24675378203392 22.839997053146362 172.09538152068853 37.587583631277084 35.035214439034462 17.686408653855324 12.690154045820234 208.8943822234869
leaf_count=6152 5492 1510 295531 127777 3480 849 5570 22735 1043 290 1106 1131 378 2492 1488 3254 944 3398 370 685 15591 361 132 96 804 174 154 95 52 1568
internal_value=-0.00120856 -0.0726853 -0.0801276 0.0997599 0.00984147 0.0225983 -0.0256387 -0.087339 -0.0618134 -0.0802186 0.0590033 0.016359 0.103981 -0.00961992 0.0532785 0.0832835 0.054731 0.0314708 0.104546 0.0895792 0.0931208 0.0187244 -0.0776199 -0.0745794 0.0811558 -0.0377417 -0.00992199 0.0431464 0.0537479 -0.0809923
internal_weight=68754.8 40256.7 37340.1 28498.2 2770.87 2916.51 1624.91 34569.3 3081.43 2674.06 407.366 874.486 27835.8 631.14 1874.49 1291.6 619.262 1094.57 27652.3 3359.65 3244.18 183.512 662.36 750.426 487.941 103.413 115.473 46.9332 35.5302 896.386
internal_count=504702 353493 336791 151209 16086 16702 10190 320705 25174 23025 2149 4472 145490 3341 8366 6512 3258 4886 144577 16800 16276 913 5719 5718 2314 535 524 227 148 7720
is_linear=0
shrinkage=0.08


Tree=13
num_leaves=31
num_cat=0
split_feature=16 8 7 8 4 15 9 8 4 15 15 9 15 4 1 10 15 5 13 6 5 16 15 4 1 8 5 15 15 16
split_gain=69808.9 4113.19 3541.04 2985.76 1522.01 1171.51 436.64 339.599 941.576 194.293 169.76 136.111 363.896 124.319 121.539 106.081 99.11 95.9915 134.361 84.26 80.4194 77.323 110.768 91.3458 71.773 63.0919 55.1846 42.7669 38.1473 88.4541
threshold=0.67392408847808849 0.77815064787864696 1.0000000180025095e-35 0.51756480336189281 0.41428571939468389 1.0000000180025095e-35 0.56832298636436474 0.60723635554313671 0.44949495792388922 1.0000000180025095e-35 1.0000000180025095e-35 0.18019481003284457 1.0000000180025095e-35 0.61250001192092907 0.66333335638046276 1.0000000180025095e-35 1.0000000180025095e-35 0.17424242943525317 1.0000000180025095e-35 0.47114317119121557 0.46428571641445165 0.73558631539344799 1.0000000180025095e-35 0.11805555596947671 0.83239698410034191 0.90957191586494457 0.13392857462167743 1.0000000180025095e-35 1.0000000180025095e-35 0.58886051177978527
decision_type=2 2 2 2 2 2 2 2 2 2 2 2 2 2 2 2 2 2 2 2 2 2 2 2 2 2 2 2 2 2
left_child=1 2 4 15 24 17 14 28 9 -9 -6 12 -5 -12 20 -2 -10 18 25 -8 -7 22 -13 -24 -1 -3 -21 -17 29 -4
right_child=3 5 7 11 10 6 19 8 16 -11 13 21 -14 -15 -16 27 -18 -19 -20 26 -22 -23 23 -25 -26 -27 -28 -29 -30 -31
leaf_value=-0.08211323287596177 -0.085487527200183655 -0.002699349895065034 -0.086418480680941059 0.10575609742608187 0.08010388867465959 -0.064200063036964336 0.077620824498947041 -0.032346365436629901 0.12911397902895827 -0.084699925612428437 -0.0070392085853774409 0.10201623345633853 -0.086060564043694276 0.050341734897993748 0.056111003374488509 0.098074709919332134 0.013388175424511402 0.10900426085664812 0.087536908459672325 -0.0003340622961541273 0.071428888809518143 0.10283455592198916 0.097265683927668226 0.039055410346296345 0.03654912813630596 0.08184000796460289 0.11067533257341809 -0.060520113123864717 -0.089826843150583147 -0.050765792255291986
leaf_weight=839.72883463650942 576.66739115864038 215.3471046090126 2783.8121145218611 207.91301321983337 751.28346344828606 973.48064413666725 195.20022175461054 577.72912307083607 162.54302503168583 2112.7921723201871 369.72755552828312 1069.9614390581846 91.001926094293594 697.56680186092854 60.884276524186134 29.588805198669434 66.838584326207638 447.64629903435707 509.96625062823296 285.32141600549221 28.807220451533794 24317.687567204237 281.25466352701187 446.32202196866274 33.9409044906497 76.593355163931847 31.860458374023438 17.212281748652458 26078.691910564899 530.18265615403652
leaf_count=7895 5492 1369 27357 1063 3391 7237 913 4798 754 19289 1627 5730 526 3009 277 132 333 2227 2510 1480 137 134487 1454 2230 164 406 146 95 263484 4690
internal_value=-0.00121464 -0.071376 -0.07887 0.0969523 0.00927943 0.0214796 -0.0243985 -0.0862145 -0.0601936 -0.0734582 0.0509711 0.101037 0.0473593 0.0304641 -0.0536353 -0.0760867 0.0953931 0.079327 0.0627604 0.0362668 -0.0603019 0.101651 0.08564 0.0615574 -0.0775034 0.0194804 0.0108167 0.0397475 -0.0887995 -0.0807147
internal_weight=64867.6 37829.9 35004.8 27037.6 2692.25 2825.11 1575.55 32312.6 2919.9 2690.52 1818.58 26414.1 298.915 1067.29 1063.17 623.468 229.382 1249.55 801.907 512.382 1002.29 26115.2 1797.54 727.577 873.67 291.94 317.182 46.8011 29392.7 3313.99
internal_count=504702 353493 336791 151209 16086 16702 10190 320705 25174 24087 8027 145490 1589 4636 7651 5719 1087 6512 4285 2539 7374 143901 9414 3684 8059 1775 1626 227 295531 32047
is_linear=0
shrinkage=0.08


Tree=14
num_leaves=31
num_cat=0
split_feature=16 15 9 11 7 9 16 7 4 4 7 11 11 16 15 9 3 9 7 3 3 16 4 15 1 9 3 7 5 4
split_gain=62936.9 3086.34 2575.14 1978.81 1213.33 1268.58 1151.56 839.577 821.526 476.831 296.591 283.703 256.398 305.376 315.772 230.694 712.51 163.342 263.1 153.836 125.715 111.057 88.0753 81.7792 99.9812 81.4128 242.269 73.2095 63.5429 55.6849
threshold=0.67392408847808849 1.0000000180025095e-35 0.098387096077203764 1.5000000000000002 1.0000000180025095e-35 0.43874999880790716 0.49957600235939031 1.0000000180025095e-35 0.43650794029235845 0.31666667759418493 0.66024062037467968 1.5000000000000002 1.5000000000000002 0.74437829852104198 1.0000000180025095e-35 0.10435571894049646 0.55036231875419628 0.098387096077203764 0.23201345652341845 0.46709956228733068 0.41728855669498449 0.46391458809375768 0.087121214717626586 1.0000000180025095e-35 0.89442723989486705 0.29520697891712194 0.46966911852359777 0.59105202555656444 0.38750000298023229 0.41428571939468389
decision_type=2 2 2 2 2 2 2 2 2 2 2 2 2 2 2 2 2 2 2 2 2 2 2 2 2 2 2 2 2 2
left_child=1 3 27 6 8 25 9 29 -3 10 -1 20 -4 14 -14 -9 -17 18 -8 -19 -7 28 -16 -15 -25 -6 -27 -2 -10 -5
right_child=2 4 12 7 5 11 17 15 21 -11 -12 -13 13 23 22 16 -18 19 -20 -21 -22 -23 -24 24 -26 26 -28 -29 -30 -31
leaf_value=-0.077071081576670961 -0.081521305784479234 -0.081348082788289505 0.10133121158083798 -0.033367453902993817 -0.088675073640663626 0.015789147957156167 0.089832600176936631 -0.086594636020070392 -0.077813167325016405 0.048247396089187593 0.14412989530996054 -0.063110641290211572 0.088633928660183173 0.10372368139289621 0.091140658550117826 -0.074004256255942938 0.077129621225283163 0.065688320900438801 -0.07062277100365566 0.12463587900901571 0.094726546642470988 0.062084124782703497 -0.047419651391549723 0.048691091966150707 0.091692736164193267 -0.081308776755642215 0.02625824255195815 0.085845130291390931 0.015699589364306439 0.082783034002805178
leaf_weight=663.36871100962162 535.95052198320627 737.82434598356485 21783.515208356082 29.300157859921455 25845.617500498891 450.31638973206282 173.34998725354671 1901.2301648259163 50.4121935069561 367.7415448948741 41.203592509031296 244.2661012634635 256.0640768930316 1220.9984780550003 32.973675720393658 932.1732115894556 254.04848654568195 522.71004124730825 105.02756240963936 618.71755626797676 181.03120204806328 398.47535413503647 267.90290555357933 549.48380142450333 934.63434316962957 1012.5861238539219 154.44316922128201 17.265570364892483 600.12744183838367 268.41277614235878
leaf_count=6555 5303 7280 127864 260 278157 2242 868 19680 235 1931 236 1972 1320 6821 153 8701 1501 2876 1053 3435 877 1802 1503 2919 5233 9193 855 93 2535 1249
internal_value=-0.0012177 -0.0700854 0.0944279 -0.0171208 -0.0805752 -0.0846699 0.0369807 -0.0569497 -0.0166677 -0.0255945 -0.0641352 0.010099 0.0981989 0.0772819 0.023337 -0.0693214 -0.0416365 0.0842408 0.0292953 0.0976412 0.0384235 0.0288252 -0.0322345 0.0883883 0.0757717 -0.0877418 -0.0670735 -0.0762979 0.00845302 0.0713518
internal_weight=61151.2 35552.4 25598.8 5877.28 29675.1 27888.3 2492.12 3385.16 1786.84 1072.31 704.572 875.614 25045.6 3262.06 556.941 3087.45 1186.22 1419.81 278.378 1141.43 631.348 1049.01 300.877 2705.12 1484.12 27012.6 1167.03 553.216 650.54 297.713
internal_count=504702 353493 151209 48345 305148 293296 16954 31391 11852 8722 6791 5091 145813 17949 2976 29882 10202 8232 1921 6311 3119 4572 1656 14973 8152 288205 10048 5396 2770 1509
is_linear=0
shrinkage=0.08


Tree=15
num_leaves=31
num_cat=0
split_feature=16 8 7 8 2 3 13 8 3 10 1 6 3 16 5 9 6 10 10 5 4 4 8 1 10 12 4 5 10 12
split_gain=56827.6 3562.46 3116.89 2434.15 1208.96 801.652 695.445 341.497 965.555 375.006 162.957 162.174 152.938 138.819 136.834 128.849 102.907 93.249 84.1385 78.6142 130.399 68.2408 67.1972 65.0993 54.1746 71.3382 46.5237 45.2648 26.3778 24.7765
threshold=0.67392408847808849 0.77815064787864696 1.0000000180025095e-35 0.51756480336189281 0.82807883620262157 0.4654348641633988 1.0000000180025095e-35 0.5943126678466798 0.46966911852359777 1.0000000180025095e-35 0.92637759447097789 0.48181217908859258 0.39173060655593878 0.76148387789726268 0.13392857462167743 0.18019481003284457 0.42340287566185003 1.0000000180025095e-35 1.0000000180025095e-35 0.15476191043853763 1.0000000180025095e-35 0.58571431040763866 0.65232810378074657 0.23606811463832858 1.0000000180025095e-35 1.0000000180025095e-35 0.31666667759418493 0.46428571641445165 1.0000000180025095e-35 1.0000000180025095e-35
decision_type=2 2 2 2 2 2 2 2 2 2 2 2 2 2 2 2 2 2 2 2 2 2 2 2 2 2 2 2 2 2
left_child=1 2 4 17 26 6 14 -4 27 -10 21 -8 13 19 16 18 -3 -2 22 20 -5 -6 -14 -13 25 -17 -1 -9 29 -7
right_child=3 5 7 12 10 28 11 8 9 -11 -12 23 15 -15 -16 24 -18 -19 -20 -21 -22 -23 -24 -25 -26 -27 -28 -29 -30 -31
leaf_value=-0.088032811180706078 -0.083232507850054066 0.0051010250340754095 -0.087168753616470709 0.068035616770871055 -0.0046386943054713371 0.088254939461519286 0.085211791260147093 -0.083149698660247018 -0.051550171083775131 0.076076122048407038 0.07348353042220486 0.088012736998297605 -0.027611276115520764 0.094048158423005457 0.099519842102951103 0.098802725265959152 -0.066581603821943253 0.036264536238466788 0.098396177634927293 0.10014954897522466 -0.065266010367518737 0.038518167382286597 0.07927621688741493 0.00017038574597881299 0.099106376328345486 0.073168013997504264 -0.042090966777711236 0.1067929756362805 0.093205881333225757 0.0010740659701730557
leaf_weight=565.86087691783905 509.5637244656682 150.00947894155979 25280.998448260128 77.180413484573364 350.16366270184517 42.666638389229774 385.49754280596972 2280.1631132513285 233.12150198221207 400.45631022006273 724.80308847129345 63.583896234631538 113.70765197277069 250.53315632045269 37.452831208705902 1540.0800219327211 880.53327077627182 45.52769909799099 106.74656322598457 48.994267657399178 119.970054641366 709.84204146265984 56.270447805523872 358.01242917776108 20054.670758351684 1265.8321618139744 187.91970903426409 8.0580008774995786 697.7140205129981 40.826144486665726
leaf_count=6152 5492 1035 292290 413 1795 224 1982 24101 1860 2406 3506 287 668 1489 181 9532 7249 227 600 270 625 3065 316 1771 124287 7290 1568 48 3772 201
internal_value=-0.00121993 -0.0688531 -0.0765335 0.0921607 0.00837259 0.0200323 -0.0083349 -0.084176 -0.0582814 0.0291167 0.0442505 0.0477096 0.0960499 0.0521263 -0.0506882 0.0969928 -0.0561472 -0.0734316 0.0427311 0.00945705 -0.0130811 0.0242617 0.00777332 0.0134185 0.0976497 0.0872381 -0.0765794 -0.0824808 0.0881206 0.0456254
internal_weight=57586.8 33397.7 30741.4 24189.1 2538.59 2656.3 1875.09 28202.8 2921.8 633.578 1784.81 807.094 23634 496.678 1068 23137.3 1030.54 555.091 276.725 246.145 197.15 1060.01 169.978 421.596 22860.6 2805.91 753.781 2288.22 781.207 83.4928
internal_count=504702 353493 336791 151209 16086 16702 12505 320705 28415 4266 8366 4040 145490 2797 8465 142693 8284 5719 1584 1308 1038 4860 984 2058 141109 16822 7720 24149 4197 425
is_linear=0
shrinkage=0.08


Tree=16
num_leaves=31
num_cat=0
split_feature=8 3 4 11 7 7 8 8 7 0 0 10 15 15 11 0 7 11 1 15 11 4 9 7 11 9 15 8 15 0
split_gain=50406 4503.27 2815.26 1730.07 1340.44 1117.11 652.844 332.906 316.43 302.994 297.507 241.706 231.727 204.02 189.417 263.077 169.489 156.041 126.256 174.311 124.703 116.588 288.945 176.54 112.725 76.799 67.6052 66.4783 61.9219 51.6868
threshold=0.70438539981842052 0.42761905491352087 0.5634920895099641 1.5000000000000002 0.84866103529930126 1.0000000180025095e-35 0.52731794118881237 0.47893242537975317 0.23201345652341845 0.71834936738014232 0.86240702867507946 1.0000000180025095e-35 1.0000000180025095e-35 1.0000000180025095e-35 1.5000000000000002 0.56294015049934398 1.0000000180025095e-35 1.5000000000000002 0.88203668594360363 1.0000000180025095e-35 1.5000000000000002 0.43650794029235845 0.15894736349582675 1.0000000180025095e-35 1.5000000000000002 0.10762548446655275 1.0000000180025095e-35 0.97035562992095958 1.0000000180025095e-35 0.62115561962127697
decision_type=2 2 2 2 2 2 2 2 2 2 2 2 2 2 2 2 2 2 2 2 2 2 2 2 2 2 2 2 2 2
left_child=2 4 10 7 9 -5 -7 8 28 13 21 16 -8 17 -3 26 -12 -2 19 -17 29 -1 23 -23 -24 -10 -16 -15 -4 -6
right_child=1 14 3 5 20 6 12 -9 25 -11 11 -13 -14 27 15 18 -18 -19 -20 -21 -22 22 24 -25 -26 -27 -28 -29 -30 -31
leaf_value=-0.086203922490873955 0.036327776500400775 0.097595047076662347 0.071318750861488631 0.060511687933348365 0.056695631614732823 -0.085270252558038828 0.10587877533237032 0.10535272169666883 -0.081394902608039388 0.085192734952357019 0.0425766690057802 0.12589100296052741 -0.032066669042593351 -0.078486635703017241 0.049729920392022793 0.097468333372396562 -0.076222654405380577 -0.064471512895494118 0.094853490780427652 0.032289543767970268 -0.019754964889653514 -0.0098637594046950012 0.14580987449943159 -0.084866605109743656 -0.026520960959961325 0.080360838548144159 -0.063284339145394469 -0.0016370518173888958 0.029144523049282573 0.09632105703649306
leaf_weight=22427.797532752156 218.38725584000349 19074.180115655065 379.22031953930855 488.57222467660904 659.78574393689632 2376.5703312680125 158.03192441910505 497.28323049098253 179.24135450273752 97.753959476947784 107.01610493659973 63.490423604846001 153.77331409603357 1288.5439680367708 50.457458034157753 455.68326918780804 272.73963824659586 178.72843914479017 1719.8004391640425 619.7328479513526 112.15532117336988 240.43995425105095 54.602058663964272 1219.7441516518593 43.762713395059109 20.984464220702648 103.08602008968592 76.306713983416557 540.19417364895344 309.50036652386189
leaf_count=276028 1246 125813 1886 2302 3343 28599 850 3133 2103 504 460 377 955 12191 278 2613 3186 1616 10677 3390 711 1066 299 15025 307 170 725 501 2408 1940
internal_value=-0.0012204 0.0822609 -0.0725341 -0.0164812 -0.0107159 -0.0507673 -0.0709906 0.0508845 0.0266927 -0.0519002 -0.0835335 -0.0185894 0.0378481 -0.0595061 0.0946779 0.0758082 -0.0427447 -0.0090386 0.0814086 0.0599076 0.0601075 -0.0847336 -0.063576 -0.0725163 0.0691395 -0.0644423 -0.0261456 -0.0741901 0.0465396 0.0693483
internal_weight=54187.6 24964.1 29223.5 4793.87 2941.16 3176.95 2688.38 1616.92 1119.64 1859.72 24429.6 443.246 311.805 1761.97 22022.9 2948.76 379.756 397.116 2795.22 1075.42 1081.44 23986.3 1558.55 1460.18 98.3648 200.226 153.543 1364.85 919.414 969.286
internal_count=504702 165548 339154 42406 22052 32706 30404 9700 6567 16058 296748 4023 1805 15554 143496 17683 3646 2862 16680 6003 5994 292725 16697 16091 606 2273 1003 12692 4294 5283
is_linear=0
shrinkage=0.08


Tree=17
num_leaves=31
num_cat=0
split_feature=16 8 8 8 2 15 11 11 8 0 2 11 4 15 8 0 1 1 10 8 3 11 15 0 1 15 3 0 5 4
split_gain=46576.6 2754.78 2586.91 2794.66 949.995 741.293 299.937 279.437 273.35 756.522 268.941 230.728 197.095 179.895 149.493 144.907 158.751 144.161 110.596 107.748 106.32 126.91 84.5752 77.9427 75.0411 61.2376 60.5687 59.8607 63.1178 53.3083
threshold=0.66236403584480297 0.51756480336189281 0.77815064787864696 1.0000000180025095e-35 0.82413583993911754 1.0000000180025095e-35 1.5000000000000002 1.5000000000000002 0.58851018548011791 0.66287881135940563 0.92031747102737438 1.5000000000000002 0.44949495792388922 1.0000000180025095e-35 0.83034858107566845 0.59675306081771862 0.28730159997940069 0.92637759447097789 1.0000000180025095e-35 0.60044842958450328 0.41728855669498449 1.5000000000000002 1.0000000180025095e-35 0.67962265014648449 0.2930081188678742 1.0000000180025095e-35 0.39173060655593878 0.64747309684753429 0.15476191043853763 0.2264957278966904
decision_type=2 2 2 2 2 2 2 2 2 2 2 2 2 2 2 2 2 2 2 2 2 2 2 2 2 2 2 2 2 2
left_child=2 18 3 4 -1 20 15 26 -5 12 13 -11 -10 -9 -15 16 -7 22 -2 25 21 24 -6 -8 -4 -12 27 28 -3 -25
right_child=1 7 5 8 17 6 23 10 9 11 19 -13 -14 14 -16 -17 -18 -19 -20 -21 -22 -23 -24 29 -26 -27 -28 -29 -30 -31
leaf_value=-0.073905262884406436 -0.08193970376358943 -0.0068232500048797341 0.088119250458898526 -0.085908246994990153 0.050048293643977101 0.040264600925119666 -0.076321446820759184 0.082269602869238609 -0.07902964940265983 0.11665323781159692 0.080281043670635502 -0.012843230226460197 0.075006177835938131 -0.068825776151521523 0.027721598303916913 0.082124809255071055 -0.043572431287152102 0.067314361084284832 0.041299310076396964 0.086674167507256039 0.094921549895557331 -0.033436475087308327 0.0028337715861528555 0.11646701626133736 0.017910955843235616 -0.053348004390699762 0.096100874758493673 0.089276155049147279 0.10094362162950356 -0.075156418188193963
leaf_weight=661.17499861866236 622.18691156059504 110.5013494938612 265.06592854857445 21630.252856761217 383.12320459634066 247.41327814757824 542.78812954574823 251.41134794056416 2255.5616202950478 172.21229857951403 35.832163020968437 180.1964496076107 54.446654036641121 145.92267024517059 346.05063635855913 138.54402161389589 347.69405519962311 686.02910001575947 50.377237401902676 2089.3284855186939 449.83232836425304 112.34223179519176 663.01140359789133 23.562013313174248 154.06174191832542 56.643651634454727 17930.463624693453 257.05720044672489 50.760421544313431 15.340712606906889
leaf_count=7681 7749 594 1453 288472 1810 1286 5420 1513 26880 939 176 1288 288 852 1900 727 2134 3506 268 13446 2683 931 3089 101 773 376 126313 1675 312 67
internal_value=-0.00121937 0.0866984 -0.0677934 -0.074805 0.00767496 0.0136783 -0.025579 0.091738 -0.082931 -0.0587427 0.0687747 0.0504381 -0.075399 0.0272179 -0.000915018 0.00843728 -0.00871755 0.0388145 -0.0727087 0.0829339 0.0662989 0.0420729 0.020125 -0.0684816 0.0623123 -0.00156995 0.0953988 0.0653067 0.0270986 0.0409032
internal_weight=50929.2 21946.5 28982.7 26686 2393.34 2296.64 1315.34 21274 24292.7 2662.42 2925.19 352.409 2310.01 743.385 491.973 733.651 595.107 1732.16 672.564 2181.8 981.302 531.47 1046.13 581.691 419.128 92.4758 18348.8 418.319 161.262 38.9027
internal_count=504702 155174 349528 333953 16086 15575 9735 147157 317867 29395 18263 2227 27168 4265 2752 4147 3420 8405 8017 13998 5840 3157 4899 5588 2226 552 128894 2581 906 168
is_linear=0
shrinkage=0.08


Tree=18
num_leaves=31
num_cat=0
split_feature=16 8 8 7 4 15 11 8 3 15 11 3 8 15 0 7 15 15 10 3 7 4 0 0 3 4 0 5 16 4
split_gain=42192.9 2491.92 2403.89 2634.81 840.868 652.039 285.314 273.44 692.855 512.454 271.843 252.68 181.814 133.899 126.428 147.44 124.666 103.1 102.627 101.08 130.374 76.0182 70.8231 68.4085 62.2932 58.431 56.8186 57.6097 53.01 45.9804
threshold=0.66236403584480297 0.51756480336189281 0.77815064787864696 1.0000000180025095e-35 0.41428571939468389 1.0000000180025095e-35 1.5000000000000002 0.58851018548011791 0.46966911852359777 1.0000000180025095e-35 1.5000000000000002 0.52419984340667736 0.65232810378074657 1.0000000180025095e-35 0.61938297748565685 0.89736661314964306 1.0000000180025095e-35 1.0000000180025095e-35 1.0000000180025095e-35 0.38757823407649999 0.78283873200416576 0.68333333730697643 0.67962265014648449 0.79277813434600841 0.39173060655593878 0.11805555596947671 0.64747309684753429 0.15476191043853763 0.79550084471702587 0.2264957278966904
decision_type=2 2 2 2 2 2 2 2 2 2 2 2 2 2 2 2 2 2 2 2 2 2 2 2 2 2 2 2 2 2
left_child=2 18 3 4 23 19 24 -5 -9 -10 14 25 13 -13 15 -7 -6 -14 -2 20 -4 -18 -12 -1 26 -8 27 -3 -27 -24
right_child=1 6 5 7 16 10 11 8 9 -11 22 12 17 -15 -16 -17 21 -19 -20 -21 -22 -23 29 -25 -26 28 -28 -29 -30 -31
leaf_value=-0.07711991923546134 -0.080896544716828375 -0.0062597784833411108 -0.020156771682309983 -0.085228807037365503 0.064141671938502509 -0.033607090487507769 0.065498434185881721 -0.079615404715585467 0.10989854797700739 -0.045133529009236818 -0.074514994947878735 0.079881235531079675 0.096107986881288063 -0.050893302737873944 0.083796083185272027 0.051059832466696306 -0.00056808418774547157 0.063063502333084678 0.03764288206285301 0.090139120829008115 0.067396635283677911 0.043400000195969159 0.109308511979495 0.023137102466210379 0.094535516962842153 -0.076635606190249228 0.086951668666488707 0.098787202119051634 0.075716462026107198 -0.069891329970594787
leaf_weight=604.58207748830318 581.45773035287857 110.79923973232508 164.25237230211496 20119.951647385955 663.80142475664616 416.15217362344265 31.473560988903046 1963.0873303189874 239.2887127622962 317.52725528925657 512.71117322891951 82.733935549855232 1121.0047293901443 127.06876569986343 117.55531243979931 192.53463622927666 550.13480633497238 1310.9566177800298 50.829014785587788 460.70755083858967 322.70304247736931 463.86403432488441 23.11483408510685 46.93895810842514 16814.730739377439 109.5926718711853 243.37783354520798 47.838540494441986 16.865840420126915 15.183187648653982
leaf_count=7763 7749 594 1078 288472 3391 2647 160 25203 1336 2856 5420 436 7733 834 626 874 2395 8421 268 2872 1890 2241 101 296 126313 591 1675 312 88 67
internal_value=-0.00121635 0.0850005 -0.0666816 -0.0737817 0.00723697 0.0129995 0.0899399 -0.0821174 -0.0572743 0.0214907 -0.0243048 0.0662546 0.072131 0.00067654 0.00784284 -0.00682597 0.0371895 0.0782953 -0.0713673 0.0632779 0.0378645 0.0195456 -0.0666762 -0.0698969 0.0937915 -0.0320404 0.0626701 0.025418 -0.0563163 0.038265
internal_weight=47842.8 20648.7 27194.1 24969.2 2329.32 2224.91 20016.4 22639.9 2519.9 556.816 1277.25 2799.7 2641.76 209.803 726.242 608.687 1677.8 2431.96 632.287 947.663 486.955 1014 551.009 651.521 17216.7 157.932 402.016 158.638 126.459 38.298
internal_count=504702 155174 349528 333953 16086 15575 147157 317867 29395 4192 9735 18263 17424 1270 4147 3521 8027 16154 8017 5840 2968 4636 5588 8059 128894 839 2581 906 679 168
is_linear=0
shrinkage=0.08


Tree=19
num_leaves=31
num_cat=0
split_feature=16 8 8 7 2 15 11 11 2 15 8 3 15 8 9 16 3 6 9 8 3 8 3 15 6 11 16 4 5 5
split_gain=38252.3 2257.34 2238.42 2511.28 753.663 686.06 289.985 272.921 252.866 217.133 370.693 702.812 190.561 150.935 139.862 123.482 120.696 156.001 96.5007 77.372 68.604 64.6658 64.1 63.5489 61.4388 57.3186 53.8399 51.3131 49.5037 41.5322
threshold=0.66236403584480297 0.51756480336189281 0.75440767407417308 1.0000000180025095e-35 0.82413583993911754 1.0000000180025095e-35 1.5000000000000002 1.5000000000000002 0.94360822439193737 1.0000000180025095e-35 0.56727004051208507 0.47140522301197058 1.0000000180025095e-35 0.83034858107566845 0.43874999880790716 0.46391458809375768 0.41728855669498449 0.50384616851806652 0.11651583760976793 0.5943126678466798 0.46966911852359777 0.96915146708488475 0.39173060655593878 1.0000000180025095e-35 0.47114317119121557 1.5000000000000002 0.76148387789726268 0.31666667759418493 0.13392857462167743 0.15476191043853763
decision_type=2 2 2 2 2 2 2 2 2 2 2 2 2 2 2 2 2 2 2 2 2 2 2 2 2 2 2 2 2 2
left_child=2 18 3 4 27 16 22 14 12 10 -5 -12 -8 -14 20 23 17 25 -2 -10 -7 -9 26 -6 -16 -4 29 -1 -19 -3
right_child=1 6 5 9 15 7 8 21 19 -11 11 -13 13 -15 24 -17 -18 28 -20 -21 -22 -23 -24 -25 -26 -27 -28 -29 -30 -31
leaf_value=-0.085160847580952992 -0.078470113203274447 0.011463715665543526 0.091370559562163028 -0.077451568921269018 0.043534800077737155 -0.063255778441876812 0.079892847838652123 -0.072935270876645295 -0.0014408775172326713 -0.084986418873717468 -0.066948938471403943 0.10945093323270387 -0.064424936863924961 0.02720197460379508 0.065337492881880538 0.061685872198498755 0.090324803897402245 -0.020290746521784846 0.053125517189086244 0.083808283430819711 0.051983048774570113 0.052573670344535951 0.093125804641808543 0.0021677678801829757 0.0075349027791704387 -0.017733253543759982 0.090750082338383997 -0.031692079561577012 0.095052293885420233 0.099735539954908428
leaf_weight=433.16234590858221 556.44266807287931 154.10940261930227 234.54402910172939 2022.6907218247652 371.07017380744219 210.1324270144105 290.6029614508152 591.3205925449729 70.870652846992016 18205.628887109458 432.47721875458956 217.12257152050734 164.23677660524845 384.26951282471418 181.3707714304328 643.70518663525581 445.31761976331472 243.17071191221476 38.106122940778732 1766.5299577862024 39.235505893826485 27.494348146021366 15747.291052415967 661.13096427172422 335.17005736380816 35.479047112166882 188.42597676813602 156.32672826945782 26.399456411600113 43.810878187417984
leaf_count=6151 7773 865 1420 29491 1823 1763 1953 6550 447 279260 5587 1271 994 2263 910 3484 2900 1633 244 12606 201 231 126313 3098 1792 306 1424 1530 127 292
internal_value=-0.00121281 0.0834392 -0.0655976 -0.0731801 0.00682105 0.00845714 0.0882902 -0.0278463 0.0639029 -0.0818607 -0.0605661 -0.00798895 0.0275161 -0.00023346 0.00407787 0.0341876 0.0594975 0.0340562 -0.0700358 0.0805201 -0.0451241 -0.0673588 0.092336 0.017039 0.0278309 0.0770351 0.0601425 -0.0709815 -0.00899501 0.0310032
internal_weight=44917.6 19404.7 25512.9 23143.3 2265.4 2369.63 18810.1 1384.72 2676.51 20877.9 2672.29 649.6 839.109 548.506 765.909 1675.91 984.911 539.593 594.549 1837.4 249.368 618.815 16133.6 1032.2 516.541 270.023 386.346 589.489 269.57 197.92
internal_count=504702 155174 349528 331695 16086 17833 147157 11447 18263 315609 36349 6858 5210 3257 4666 8405 6386 3486 8017 13053 1964 6781 128894 4921 2702 1726 2581 7681 1760 1157
is_linear=0
shrinkage=0.08


Tree=20
num_leaves=31
num_cat=0
split_feature=16 8 7 8 4 15 11 11 2 15 8 3 15 0 6 8 2 3 6 0 8 9 0 15 3 0 11 4 4 10
split_gain=34690.5 2087.85 2381.92 2049.34 672.589 638.06 309.336 256.292 240.462 200.222 324.089 720.286 172.776 142.161 163.582 132.639 128.977 119.592 137.916 91.6733 85.2298 76.096 74.3544 72.2057 66.0384 54.443 50.7858 50.0179 49.1666 46.8028
threshold=0.66236403584480297 0.74589723348617565 1.0000000180025095e-35 0.50627660751342785 0.38750000298023229 1.0000000180025095e-35 1.5000000000000002 1.5000000000000002 0.94360822439193737 1.0000000180025095e-35 0.54126495122909557 0.49691358208656317 1.0000000180025095e-35 0.64565756916999828 0.47114317119121557 0.83034858107566845 0.92805382609367382 0.4654348641633988 0.50384616851806652 0.4970588237047196 0.5943126678466798 0.12060606107115747 0.67962265014648449 1.0000000180025095e-35 0.39173060655593878 0.64747309684753429 1.5000000000000002 0.38750000298023229 0.2264957278966904 1.0000000180025095e-35
decision_type=2 2 2 2 2 2 2 2 2 2 2 2 2 2 2 2 2 2 2 2 2 2 2 2 2 2 2 2 2 2
left_child=1 2 4 21 -1 17 24 13 12 10 -4 -12 -8 14 -7 -14 -6 18 26 -20 29 -2 -9 -18 25 27 -3 -5 -24 -10
right_child=3 5 9 6 16 7 8 22 20 -11 11 -13 15 -15 -16 -17 23 -19 19 -21 -22 -23 28 -25 -26 -27 -28 -29 -30 -31
leaf_value=-0.074749300078833819 -0.078968647830251704 0.089014812354368311 -0.078366049155565748 -0.0065678900686234618 -0.0076073865624494584 0.046256500258963697 0.076623939682873107 -0.073936981897629331 -0.03514995023640563 -0.08443535748426971 -0.067430998996703601 0.10779824215164074 -0.060364248169036135 0.091069248263547509 -0.038037048824708791 0.025322738448279404 0.066297099942659893 0.091178507059666528 -0.034290574759072108 0.05668242175035898 0.081671068910681086 0.057147959276358434 0.10756713609376563 0.027512024631284535 0.091847419010949477 0.083189451969377312 -0.0099105217453248316 0.097547207880918529 -0.063614631218752341 0.11069096041714033
leaf_weight=504.08480336517096 509.64135728031397 236.5422553345561 1786.578775472939 111.9291772916913 426.89882881939411 218.76382863521576 279.07658540457487 574.59552169591188 62.731835283339024 16872.774829398841 497.52523697912693 215.01326307654381 166.18614582717419 101.5213432982564 451.30913792550564 379.94929461926222 515.72011202573776 385.61720099300146 203.27319572120905 108.85593369603157 1671.6456428021193 27.715150892734528 25.037785619497299 759.78429818153381 14737.755876384676 219.4015017747879 38.638130709528923 40.114753589034081 18.802283950150013 18.159684665501118
leaf_count=7261 7626 1503 27921 626 2369 1230 1963 6979 474 278663 6910 1334 1040 553 3081 2263 2879 2669 1429 631 12606 175 112 3577 126354 1675 338 280 89 92
internal_value=-0.00120784 -0.0645171 -0.0723349 0.0819618 0.00642033 0.00687454 0.0866378 -0.0279048 0.0610237 -0.0813052 -0.0601723 -0.0145544 0.025416 0.00284898 -0.0105171 -0.000751361 0.0304548 0.0565641 0.0338368 -0.00256348 0.0777902 -0.0719482 -0.0662748 0.0431939 0.0910078 0.0576931 0.0751247 0.0209015 0.0341501 -0.0024095
internal_weight=42165.6 23941.3 21578.4 18224.3 2206.49 2362.96 17687 1390.03 2577.75 19371.9 2499.12 712.539 825.212 771.594 670.073 546.135 1702.4 972.927 587.31 312.129 1752.54 537.357 618.436 1275.5 15109.2 371.445 275.18 152.044 43.8401 80.8915
internal_count=504702 349528 330914 155174 16086 18614 147373 12044 18438 314828 36165 8244 5266 4864 4311 3303 8825 6570 3901 2060 13172 7801 7180 6456 128935 2581 1841 906 201 566
is_linear=0
shrinkage=0.08


Tree=21
num_leaves=31
num_cat=0
split_feature=16 8 7 8 2 3 7 16 8 0 3 10 4 0 5 6 0 1 0 12 4 9 4 5 10 12 1 4 4 10
split_gain=31473.9 1947.29 2255.94 1859.18 599.144 476.857 426.087 203.206 197.912 509.01 168.515 169.299 155.352 148.301 141.694 133.228 110.667 95.5013 103.966 79.7803 72.7259 69.8508 66.0785 104.579 63.4515 81.1372 83.1021 58.4998 52.4467 43.5292
threshold=0.66236403584480297 0.74589723348617565 1.0000000180025095e-35 0.50627660751342785 0.82413583993911754 0.46966911852359777 0.84866103529930126 0.73558631539344799 0.58851018548011791 0.66287881135940563 0.39173060655593878 1.0000000180025095e-35 0.11805555596947671 0.64565756916999828 0.46428571641445165 0.39314988255500799 0.93127068877220165 0.28730159997940069 0.49151568114757543 1.0000000180025095e-35 0.11805555596947671 0.11651583760976793 1.0000000180025095e-35 0.15476191043853763 1.0000000180025095e-35 1.0000000180025095e-35 0.89442723989486705 0.61250001192092907 0.31666667759418493 1.0000000180025095e-35
decision_type=2 2 2 2 2 2 2 2 2 2 2 2 2 2 2 2 2 2 2 2 2 2 2 2 2 2 2 2 2 2
left_child=1 2 4 21 28 6 13 10 -4 14 22 19 -11 15 -10 -3 27 -8 -19 -12 -15 -2 -5 -24 25 -9 -27 -6 -1 -7
right_child=3 5 8 7 16 29 17 24 9 12 11 -13 -14 20 -16 -17 -18 18 -20 -21 -22 -23 23 -25 -26 26 -28 -29 -30 -31
leaf_value=-0.083965773673169042 -0.07823386145173486 0.02076832767637176 -0.083455272587050072 0.05312563647774584 -0.0049662149166830758 0.014877982611149195 0.070669621790731038 0.090459459874085241 -0.078484219908032324 0.17774870620682839 0.069359659971566401 0.081893869801159674 0.017593069716220322 0.13333231222448855 0.035733924199323058 -0.061471172658500627 0.059103915007469643 -0.032989916746133975 0.10037361130052692 -0.022491505595269575 -0.0026446377339446902 0.046626478487168173 -0.078292940149037746 0.086946698808832781 0.090057643163925616 0.022773428317655026 0.073844907276556584 0.032503000841747544 -0.027953998406688059 0.07888925301431314
leaf_weight=377.64087789878249 474.19246404618025 145.8971475623548 16171.321174360812 73.386343918740749 498.90860421210527 78.941400989890099 336.72035039961338 999.67030876874924 1514.7683218531311 46.79410919174552 94.433868907392025 1108.4041930735111 225.84368183836341 40.242369540035725 72.855554312467575 927.70817537978292 553.81527228653431 148.18145260214806 50.045860454440117 168.52737803384662 67.225314788520336 30.520530208945274 107.64675485342741 31.74099063128233 13068.578178748488 297.5898442864418 647.73771186172962 572.9068057090044 149.28214250504971 490.1177806481719
leaf_count=6151 7606 1166 288472 403 2514 489 1992 9099 23796 243 712 8840 1705 205 612 9859 3153 872 281 1175 389 195 635 216 119006 2129 5158 2738 1530 3361
internal_value=-0.00120205 -0.0634476 -0.0713718 0.0805763 0.00603665 0.00654715 -0.0144979 0.0851759 -0.0806126 -0.0559013 0.0579251 0.0682028 0.0450813 -0.0413264 -0.0732428 -0.0502953 0.030066 0.0447346 0.000679977 0.0104938 0.0482733 -0.0706834 -0.00831638 -0.040665 0.0880513 0.0745702 0.0577676 0.0150618 -0.0680971 0.0700094
internal_weight=39571.6 22469.2 20184.1 17102.4 2152.55 2285.08 1716.02 16597.7 18031.6 1860.26 1584.14 1371.37 272.638 1181.07 1587.62 1073.61 1625.63 534.948 198.227 262.961 107.468 504.713 212.774 139.388 15013.6 1945 945.328 1071.82 526.923 569.059
internal_count=504702 349528 330914 155174 16086 18614 14764 147373 314828 26356 11981 10727 1948 11619 24408 11025 8405 3145 1153 1887 594 7801 1254 851 135392 16386 7287 5252 7681 3850
is_linear=0
shrinkage=0.08


Tree=22
num_leaves=31
num_cat=0
split_feature=16 11 8 15 7 16 9 4 11 1 0 8 0 7 1 15 11 8 0 0 1 5 9 9 3 8 3 1 0 8
split_gain=28550.5 1854.93 1691.34 1165.72 999.918 503.067 470.387 521.073 284.679 256.293 250.064 229.292 262.869 199.909 197.069 193.941 128.465 113.002 112.227 105.214 109.305 92.8405 90.0286 78.9771 69.764 66.4384 123.795 102.741 51.9761 46.7221
threshold=0.66236403584480297 1.5000000000000002 0.5505102574825288 1.0000000180025095e-35 1.0000000180025095e-35 0.49639716744422918 0.43874999880790716 0.44949495792388922 1.5000000000000002 0.88203668594360363 0.61938297748565685 0.73735308647155773 0.68614074587821972 0.66024062037467968 0.66333335638046276 1.0000000180025095e-35 1.5000000000000002 0.97603827714920055 0.74601566791534435 0.52114352583885204 0.28730159997940069 0.46428571641445165 0.21807064861059192 0.061553031206130988 0.39173060655593878 0.46920476853847509 0.41728855669498449 0.85575589537620556 0.64747309684753429 0.63897106051445018
decision_type=2 2 2 2 2 2 2 2 2 2 2 2 2 2 2 2 2 2 2 2 2 2 2 2 2 2 2 2 2 2
left_child=1 3 16 5 14 10 7 18 24 15 13 -6 21 -1 -3 -10 23 -17 -5 20 -8 -13 -9 -2 28 27 -27 -7 -4 -11
right_child=2 4 8 6 11 25 19 22 9 29 -12 12 -14 -15 -16 17 -18 -19 -20 -21 -22 -23 -24 -25 -26 26 -28 -29 -30 -31
leaf_value=-0.070100318198475162 -0.082908213348431417 -0.066888197769940802 0.016847717503765861 -0.079892788177486213 -0.083224636383376224 -0.064408020427703369 0.045121032378445072 -0.0070154823718750758 0.077554600389907788 0.019905240883171423 0.039771208163343584 -0.064811898592051428 0.070897345245271096 0.13034914423456284 0.038463722651758923 -0.015719139165937587 -0.072478423089049615 0.073614184479808512 0.0052734497907434511 0.087920240129936808 -0.040622956165002957 0.062425586651361394 0.14360957988731093 0.092571513110427106 0.089653745170611324 0.048492495861952992 0.11361922598227508 0.065564095900002006 0.079869057253314696 0.083842571487599035
leaf_weight=408.65925855189562 23.689536802470684 142.69196859002113 145.67623094469309 2363.029245134443 14069.442767575383 53.398920204490423 196.94061091542244 775.46483188122511 309.90738868713379 77.53249429911375 303.5390097387135 706.79464570432901 116.74393334239721 34.532987020909786 558.04010116308928 511.99448563158512 484.10942006111145 110.11334846913815 103.35577666759491 126.41200537979603 184.09457826986909 38.711988054215908 26.255901955068111 53.450069513171911 12840.851034589112 357.22412291541696 391.52938354760408 143.60293198004365 197.03987304121256 1293.0281232073903
leaf_count=6505 399 2035 906 41800 267030 922 1011 5455 2405 421 1897 8863 666 217 3108 3248 7768 720 1223 729 1091 220 136 337 126186 2465 3074 1081 1675 11109
internal_value=-0.00119619 -0.0623589 0.0792257 -0.0222532 -0.0763874 0.0329162 -0.0469843 -0.0581112 0.08417 0.058216 -0.0161687 -0.0807704 -0.0407251 -0.0544815 0.0170106 0.0258499 -0.0572003 9.28967e-05 -0.0763238 0.0246762 0.0036944 -0.0582048 -0.0020826 0.0386818 0.088703 0.0716716 0.0825478 0.0303341 0.053081 0.0802256
internal_weight=37147.9 21100.5 16047.4 5468.04 15632.4 1692.49 3775.55 3268.11 15486.1 2302.58 746.731 14931.7 862.251 443.192 700.732 932.015 561.249 622.108 2466.39 507.447 381.035 745.507 801.721 77.1396 13183.6 945.755 748.754 197.002 342.716 1370.56
internal_count=504702 349528 155174 67606 281922 16161 51445 48614 146670 17903 8619 276779 9749 6722 5143 6373 8504 3968 43023 2831 2102 9083 5591 736 128767 7542 5539 2003 2581 11530
is_linear=0
shrinkage=0.08


Tree=23
num_leaves=31
num_cat=0
split_feature=16 15 9 7 16 9 7 7 9 16 3 15 6 7 3 9 0 1 0 2 10 1 15 3 9 16 9 4 9 3
split_gain=25915.9 2380.67 960.739 927.965 730.233 762.285 538.249 499.131 355.808 338.609 263.903 256.293 176.15 172.424 159.334 143.312 254.213 100.253 107.498 76.8189 61.7985 73.9923 101.093 66.4821 60.9132 56.9074 50.191 49.0401 46.8444 46.5752
threshold=0.70055997371673595 1.0000000180025095e-35 0.43874999880790716 1.0000000180025095e-35 0.49957600235939031 0.098387096077203764 1.0000000180025095e-35 0.23201345652341845 0.18019481003284457 0.38182027637958532 0.4654348641633988 1.0000000180025095e-35 0.50384616851806652 0.69783049821853649 0.46265329420566564 0.29520697891712194 0.66287881135940563 0.23606811463832858 0.52114352583885204 0.92805382609367382 1.0000000180025095e-35 0.89442723989486705 1.0000000180025095e-35 0.40289855003356939 0.056349206715822227 0.76148387789726268 0.43167701363563543 0.31666667759418493 0.070197045803070082 0.75162336230278026
decision_type=2 2 2 2 2 2 2 2 2 2 2 2 2 2 2 2 2 2 2 2 2 2 2 2 2 2 2 2 2 2
left_child=1 4 3 9 6 7 27 -6 11 19 12 28 -7 -8 17 -5 -17 -4 -19 -3 21 22 -10 25 -9 -22 -24 -1 -2 -12
right_child=8 2 14 15 5 10 13 24 20 -11 29 -13 -14 -15 -16 16 -18 18 -20 -21 23 -23 26 -25 -26 -27 -28 -29 -30 -31
leaf_value=-0.065766044674052809 -0.050780479517965785 -0.072558426847849036 0.056533004635642127 -0.083136252218640266 0.072457874777729733 0.077386478382635529 -0.071778384700701997 -0.083250743227312102 0.088921588143226288 0.02050506432167095 0.070833780035098631 -0.08622726422564396 -0.011033009699489608 0.089353966773537616 0.076386684030073482 -0.06813344815597927 0.054422255706558662 -0.044013196837257608 0.039127333539797839 0.0024153398920674931 0.010203097733095055 0.083171516254479771 -0.021539735565457237 0.088008565416153622 -0.0089732797159171023 0.079530851190116089 0.041994938383852959 0.040605275724358514 0.08649262718404295 0.10792865606724467
leaf_weight=29.647599156945944 18.301105692982674 485.95632115751505 129.28261495009065 13782.029706425965 202.58293885365129 227.21278557181358 1297.0861601345241 511.23030889034271 245.62886886298656 810.29043051227927 428.86834083497524 133.93081494793296 394.68972887471318 43.942183386534452 193.12051451951265 667.11193662509322 129.31826261430979 380.39877547696233 134.80002243071795 106.66130591183901 130.17825946956873 1132.7129028961062 113.27291260659695 11627.843992136419 81.993529375642538 181.32597001641989 267.5014415755868 430.75694102048874 121.7640770599246 437.71954614296556
leaf_count=515 287 7362 754 281560 1476 1728 23407 9579 2392 3994 3744 1730 3544 331 1374 9622 727 3003 874 496 886 11035 744 121327 1298 1675 2332 2385 1020 3501
internal_value=-0.00118706 -0.057566 -0.0708721 -0.0752494 -0.00279094 0.0272434 -0.0408759 -0.0359601 0.0831634 -0.0131067 0.0610346 -0.00710277 0.0212712 -0.0664985 0.0126461 -0.0812295 -0.0482338 -0.00645397 -0.0222598 -0.0590644 0.0849689 0.0709703 0.0489071 0.0870315 -0.0729843 0.0505586 0.0230946 0.0337555 0.0685563 0.0895707
internal_weight=34877.2 20904.7 16819 15981.4 4085.73 2284.3 1801.43 795.807 13972.5 1402.91 1488.49 273.996 621.903 1341.03 837.602 14578.5 796.43 644.481 515.199 592.618 13698.5 1759.12 626.403 11939.3 593.224 311.504 380.774 460.405 140.065 866.588
internal_count=504702 361274 309766 303761 51508 24870 26638 12353 143428 11852 12517 3037 5272 23738 6005 291909 10349 4631 3877 7858 140391 16503 5468 123888 10877 2561 3076 2900 1307 7245
is_linear=0
shrinkage=0.08


Tree=24
num_leaves=31
num_cat=0
split_feature=16 9 7 8 5 15 11 1 15 9 8 15 8 0 15 0 4 0 0 6 4 0 0 2 6 9 0 15 15 16
split_gain=23550.1 1803.42 1571.65 1769.77 460.562 412.976 314.968 269.563 217.005 220.987 191.22 175.158 248.388 506.286 167.074 120.007 100.324 94.7594 87.5708 146.902 61.9673 57.3963 55.4187 72.9941 58.866 37.1249 102.762 36.0043 30.3379 28.5258
threshold=0.6512594223022462 0.13840996474027636 1.0000000180025095e-35 0.74589723348617565 0.38750000298023229 1.0000000180025095e-35 1.5000000000000002 0.88203668594360363 1.0000000180025095e-35 0.050641026347875602 0.96915146708488475 1.0000000180025095e-35 0.54126495122909557 0.57712131738662731 1.0000000180025095e-35 0.70064935088157665 0.11805555596947671 0.92907443642616283 0.51000401377677929 0.42340287566185003 0.58571431040763866 0.84889996051788341 0.4712491780519486 0.598850578069687 0.53001201152801525 0.29520697891712194 0.66287881135940563 1.0000000180025095e-35 1.0000000180025095e-35 0.71742582321167003
decision_type=2 2 2 2 2 2 2 2 2 2 2 2 2 2 2 2 2 2 2 2 2 2 2 2 2 2 2 2 2 2
left_child=2 8 4 11 21 18 22 14 9 -2 15 12 -4 -14 29 -7 -16 20 19 -5 27 -1 23 24 -3 -13 -27 -6 -19 -8
right_child=1 6 3 5 17 10 7 -9 -10 -11 -12 25 13 -15 16 -17 -18 28 -20 -21 -22 -23 -24 -25 -26 26 -28 -29 -30 -31
leaf_value=-0.080064108883192764 -0.078371842989337595 0.067805137550256828 -0.075666971311405304 0.075093133373611981 0.021637612974034652 -0.051581120125374413 0.03436378344601692 0.078225255780200162 -0.083375228791967071 0.081081315683618455 0.038357290373122514 -0.083362565721940007 -0.065061413185935738 0.094213556568986001 0.081547622374516154 0.065038829074168705 -0.014817454375607855 0.075534233944750534 0.07961823415855708 -0.016438134109803045 0.025469596116369397 0.028595064971423119 0.087412373588616504 0.09083568011095032 -0.075279580165337909 -0.071013666264761757 0.081889052223846459 -0.030787118206393189 0.036338333467248497 0.088483839101132167
leaf_weight=370.22711716592312 97.748145375400782 31.14132396876812 1340.9114520810544 205.03656752407551 122.06361186876893 865.93404699489474 91.799984507262707 1188.3311471901834 456.18833753094077 129.08715278282762 224.23911352455616 12177.152099084109 391.00706808269024 189.69106297567487 79.118010975420475 60.413000553846359 548.3886661157012 216.98906703293324 320.96833042055368 247.89790535718203 695.84074591100216 33.966647878289223 11473.513039313257 85.927584365010262 44.98203682154417 260.30520608648658 31.539210453629494 267.75690088048577 302.66201995313168 194.16625307500362
leaf_count=6448 1757 226 27454 1587 731 9921 630 11326 8735 1097 1313 271442 6722 1366 484 335 3714 1524 2501 1846 3349 160 128331 824 236 4763 185 2217 1657 1821
internal_value=-0.00117956 0.0752994 -0.0613641 -0.0695865 0.00539346 0.00246369 0.0816078 0.0531062 -0.0515779 0.0123696 -0.0279296 -0.0792219 -0.0567393 -0.0130326 0.020429 -0.0439756 -0.00266744 0.0246113 0.0476504 0.0249967 0.0111641 -0.0709329 0.0867562 0.0402997 -0.016745 -0.0826868 -0.0544897 -0.0143715 0.0527052 0.0711104
internal_weight=32745 14420.4 18324.6 16315.1 2009.51 1924.49 13737.4 2101.8 683.024 226.835 1150.59 14390.6 1921.61 580.698 913.473 926.347 627.507 1605.31 773.903 452.934 1085.66 404.194 11635.6 162.051 76.1234 12469 291.844 389.821 519.651 285.966
internal_count=504702 159181 345521 329435 16086 17503 147592 17975 11589 2854 11569 311932 35542 8088 6649 10256 4198 9478 5934 3433 6297 6608 129617 1286 462 276390 4948 2948 3181 2451
is_linear=0
shrinkage=0.08


Tree=25
num_leaves=31
num_cat=0
split_feature=16 8 7 3 4 11 8 0 11 8 11 6 1 4 0 0 2 11 0 0 6 3 16 9 8 4 11 0 3 16
split_gain=21390.2 2236.69 1785.54 527.271 408.074 358.447 334.635 640.728 327.239 256.659 209.478 168.336 145.287 125.006 108.955 100.833 56.6638 53.7297 52.9509 49.4845 60.5113 47.9126 36.4751 162.663 33.9482 32.7002 30.5328 26.503 25.0528 28.9669
threshold=0.70055997371673595 0.74589723348617565 1.0000000180025095e-35 0.46966911852359777 0.31666667759418493 1.5000000000000002 0.56727004051208507 0.63702240586280834 1.5000000000000002 0.65889152884483349 2.5000000000000004 0.36700680851936346 0.89442723989486705 0.31666667759418493 0.54923510551452648 0.93127068877220165 0.96039214730262767 1.5000000000000002 0.74115687608718883 0.75905716419219982 0.55646631121635448 0.49691358208656317 0.63141322135925304 0.13100686669349673 0.5085725486278535 0.41428571939468389 4.5000000000000009 0.7320508360862733 0.40289855003356939 0.76148387789726268
decision_type=2 2 2 2 2 2 2 2 2 2 2 2 2 2 2 2 2 2 2 2 2 2 2 2 2 2 2 2 2 2
left_child=1 2 4 5 -1 11 22 13 28 24 -9 -3 21 -8 -13 16 -6 -5 25 20 -19 27 -4 -24 -10 -7 -23 -11 29 -2
right_child=8 3 6 17 15 18 7 10 9 12 -12 14 -14 -15 -16 -17 -18 19 -20 -21 -22 26 23 -25 -26 -27 -28 -29 -30 -31
leaf_value=-0.080676596944725093 0.026055638011624568 0.074478297859532028 -0.08243699786906572 0.082914131771434474 -0.012577301556616941 -0.065227047233209712 -0.077548592288466583 0.071758308469390061 -0.069478507988358834 -0.060580886545888647 -0.046504117585174046 -0.01653244974440336 0.081419158231639616 0.018024496796332019 0.049585978510744977 0.050677753752433996 0.023108929446653628 0.083965465833682792 0.086566230105632067 0.084293338158114767 -0.021671505135865798 0.042489274563217022 -0.073813964852481692 0.082749343143592266 -0.0053310223186665328 0.10515807980533713 -0.10325548599464072 0.061596894952503922 0.087142770042360124 0.083143893355260762
leaf_weight=300.71734540537 93.040606513619423 251.95751646161079 11427.375275377184 539.78559112548828 501.78770274296403 588.42307848855853 1362.292471203953 324.68663413822651 86.689992256462574 48.921420805156231 136.01171565428376 637.04727824032307 967.16493222862482 93.605179324746132 212.7860714904964 499.07872354984283 658.40857499837875 50.555710643529892 15.514622576534746 94.763736166059971 110.68546590954065 651.9076812043786 644.18405351415277 45.468291275203228 135.06473799794912 7.2982860580086699 9.3311106190085393 14.800689570605753 10080.744765345007 146.37691862881184
leaf_count=6269 744 1788 274343 5205 3411 8229 28600 2537 1632 235 1505 4427 10162 1082 1391 3152 3254 304 74 698 682 5275 13884 405 895 34 45 84 122748 1608
internal_value=-0.00117204 -0.0554397 -0.0664561 0.0147895 0.00506906 -0.0102076 -0.0764456 -0.045384 0.0809009 0.0505184 0.0368438 0.0170492 0.0611239 -0.0714038 2.26556e-05 0.0206091 0.00767455 0.0685985 -0.0593397 0.038414 0.01145 0.0340481 -0.0813587 -0.0634919 -0.030408 -0.0631396 0.0404326 -0.0322027 0.0865353 0.0609587
internal_weight=30736.5 18502.4 15993.6 2508.82 1959.99 1713.03 14033.6 1916.6 12234 1913.88 460.698 1101.79 1692.13 1455.9 849.833 1659.28 1160.2 795.791 611.236 256.005 161.241 724.961 12117 689.652 221.755 595.721 661.239 63.7221 10320.2 239.418
internal_count=504702 361274 338442 22832 16086 15943 322356 33724 143428 18328 4042 7606 15801 29682 5818 9817 6665 6889 8337 1684 986 5639 288632 14289 2527 8263 5320 319 125100 2352
is_linear=0
shrinkage=0.08


Tree=26
num_leaves=31
num_cat=0
split_feature=8 3 4 11 7 7 8 9 11 1 7 5 11 0 10 7 0 4 11 10 0 6 4 6 7 8 0 6 4 1
split_gain=19169 2329.07 1667.54 812.339 630.068 532.127 336.686 334.026 251.384 198.417 166.7 138.649 133.892 123.946 135.126 81.9415 77.2808 91.6964 75.129 97.3344 55.8461 93.0742 47.1422 46.2909 45.633 44.0407 36.6465 47.2539 38.1999 31.8252
threshold=0.69592735171318065 0.42761905491352087 0.43650794029235845 1.5000000000000002 1.0000000180025095e-35 0.78886163234710704 0.51195240020751964 0.0745370388031006 1.5000000000000002 0.89442723989486705 0.23201345652341845 0.13392857462167743 1.5000000000000002 0.8263767957687379 1.0000000180025095e-35 0.40546767413616186 0.56294015049934398 0.11805555596947671 1.5000000000000002 1.5000000000000002 0.62575301527977001 0.54631218314170849 0.68333333730697643 0.38548950850963598 0.23201345652341845 0.98802351951599132 0.44575163722038275 0.37617924809455877 0.2264957278966904 0.89022758603096019
decision_type=2 2 2 2 2 2 2 2 2 2 2 2 2 2 2 2 2 2 2 2 2 2 2 2 2 2 2 2 2 2
left_child=2 5 13 7 29 11 -6 10 26 16 22 18 20 -1 24 -8 23 -18 19 -2 21 -7 -4 -10 -15 -14 27 -3 -29 -5
right_child=1 8 3 4 6 12 15 -9 9 -11 -12 -13 25 14 -16 -17 17 -19 -20 -21 -22 -23 -24 -25 -26 -27 -28 28 -30 -31
leaf_value=-0.080897339216408584 -0.046091671310024118 0.089560900923258788 0.0011287455424380235 0.013119373818492923 -0.080106575176029496 0.061365056443736181 0.15611120031398326 0.095178857784151721 0.086538905192066654 0.08091895736893065 -0.078833175943942013 0.083800090962336468 -0.041667792106730391 0.025244182151134106 0.12290855338869515 -0.001129364156967612 0.10197902250466263 0.026861819503592326 -0.074634496038020304 0.059079931651148616 0.08032147153534934 0.00038547365695304654 0.036421466781187954 -0.052883007529534273 -0.07182211649681973 0.18231211555121329 0.086491058690236058 -0.077246620491097234 0.080353230905637341 0.052977510291449703
leaf_weight=10815.038499236107 408.608637470752 49.950713273137808 518.65198010951281 262.11601178348064 1745.8451647236943 338.81807741522789 22.91216417402029 357.99221787601709 17.983269788324833 916.43283370137215 130.02415226027369 48.054469875991344 162.51735235378146 41.044779438525438 35.924742925912142 285.62382350862026 121.04591804742813 738.76417103409767 573.9355191141367 65.321505270898342 206.89885614812374 303.85147289931774 454.48066056147218 99.947257645428181 126.62445779889822 5.8196301460266104 9709.7602907121181 29.193639475852251 14.849957250058649 250.96060654520988
leaf_count=273275 4366 532 2438 1224 43429 2323 139 3795 117 10199 2962 328 1565 240 299 2549 852 5863 9972 479 2201 1670 2770 913 2944 35 125284 215 154 1570
internal_value=-0.00116378 0.0668901 -0.0636299 -0.0195859 -0.0466864 -0.0103917 -0.0664918 0.0280337 0.080855 0.0541747 0.00624396 -0.0490754 0.0312567 -0.0797332 -0.0178927 0.0105475 0.0291073 0.037437 -0.055169 -0.0315959 0.044172 0.0325342 0.0176115 -0.0316225 -0.0480607 -0.0339245 0.0860098 0.0362975 -0.0241095 0.0326151
internal_weight=28859 13811.8 15047.2 4028.61 2567.46 2113.83 2054.38 1461.15 11697.9 1894.17 1103.16 1095.92 1017.91 11018.6 203.594 308.536 977.741 859.81 1047.87 473.93 849.568 642.67 973.133 117.931 167.669 168.337 9803.75 93.9943 44.0436 513.077
internal_count=504702 167068 337634 60876 48911 22939 46117 11965 144129 17944 8170 15145 7794 276758 3483 2688 7745 6715 14817 4845 6194 3993 5208 1030 3184 1600 126185 901 369 2794
is_linear=0
shrinkage=0.08


Tree=27
num_leaves=31
num_cat=0
split_feature=16 11 16 7 4 7 11 15 15 9 9 15 9 4 1 3 5 9 3 15 1 15 9 2 4 9 1 1 3 16
split_gain=17668 2004.47 998.819 764.938 585.877 371.873 328.772 314.159 203.437 223.818 200.428 199.777 188.38 388.059 147.853 147.551 126.193 101.267 87.65 64.261 62.1121 59.561 59.4016 62.4683 48.608 35.5315 31.4011 29.8463 27.4548 28.9199
threshold=0.70055997371673595 1.5000000000000002 0.54902839660644542 1.0000000180025095e-35 0.43650794029235845 0.68863317370414745 1.5000000000000002 1.0000000180025095e-35 1.0000000180025095e-35 0.19292803853750232 0.18019481003284457 1.0000000180025095e-35 0.056349206715822227 0.44949495792388922 0.90815371274948131 0.4248871803283692 0.38750000298023229 0.053342817351222045 0.39173060655593878 1.0000000180025095e-35 0.24525599926710132 1.0000000180025095e-35 0.29520697891712194 0.92031747102737438 0.11805555596947671 0.070197045803070082 0.92907443642616283 0.8263767957687379 0.40289855003356939 0.76148387789726268
decision_type=2 2 2 2 2 2 2 2 2 2 2 2 2 2 2 2 2 2 2 2 2 2 2 2 2 2 2 2 2 2
left_child=1 2 4 16 5 19 28 17 25 -10 -9 12 -5 -14 24 -12 -3 -4 -19 -1 -7 -6 -13 -24 -11 -8 -18 -23 29 -2
right_child=6 3 7 11 21 20 8 10 9 14 15 22 13 -15 -16 -17 26 18 -20 -21 -22 27 23 -25 -26 -27 -28 -29 -30 -31
leaf_value=-0.04126260077481432 0.021771409611118342 -0.066024294633277678 -0.080815435203938052 -0.081708664266556166 0.040499474530741375 0.07947774646733595 -0.046035962076364088 -0.079398752864339339 -0.081450123554051249 0.085751954823384241 -0.0052290306329235633 -0.082319405707122012 -0.053335856590652507 0.076269602274474629 0.073078438940928511 0.07129543219728729 0.016766654632348665 0.043766662328438136 0.10207410533773194 -0.076286926066244973 -0.01104143550662484 -0.022451600343185624 -0.058956149877316399 0.13246942872183237 0.0014235175539243411 0.083079780346498461 0.058528333784797403 0.013116860490659908 0.085728525014240414 0.081103084531644346
leaf_weight=424.10763005912304 88.600055351853371 104.07381996512413 24.870967160910368 660.15534766018391 366.00945166870952 124.89631994441152 13.916677117347716 141.96143795177341 113.03212587162852 48.210863783955574 405.52364286780357 8858.0853467211127 675.22187484428287 189.30541848391294 418.9632894769311 267.71664322540164 352.26558342576027 243.66317111253738 511.09590878710151 1600.443742737174 79.329933233559132 237.31133137643337 529.94697041064501 11.139715399593113 472.37887571752071 687.72042503207922 171.24892821907997 415.07539062201977 8726.4141723327339 129.32114058732986
leaf_count=8084 744 1847 558 17042 2479 795 266 3397 1689 338 2726 244696 12311 1754 4766 2232 2105 1762 5391 40070 724 1690 8263 56 3475 7794 1191 2101 122748 1608
internal_value=-0.0011542 -0.0533446 -0.010137 -0.0714558 -0.035601 -0.0585712 0.0788174 0.0417091 0.0471504 0.0249076 0.0069859 -0.0763902 -0.0495288 -0.0249562 0.0377028 0.0252012 0.0144328 0.0780165 0.0832504 -0.06895 0.0443163 0.0146698 -0.0807476 -0.0550151 0.00923302 0.0805188 0.0304275 0.000178524 0.0850281 0.0569807
internal_weight=27092 16393.4 4842.01 11551.4 3247.17 2228.78 10698.6 1594.83 1754.22 1052.59 815.202 10923.9 1524.68 864.527 939.553 673.24 627.588 779.63 754.759 2024.55 204.226 1018.4 9399.17 541.087 520.59 701.637 523.515 652.387 8944.34 217.921
internal_count=504702 361274 72009 289265 55943 49673 143428 16066 18328 10268 8355 284122 31107 14065 8579 4958 5143 7711 7153 48154 1519 6270 253015 8319 3813 8060 3296 3791 125100 2352
is_linear=0
shrinkage=0.08


Tree=28
num_leaves=31
num_cat=0
split_feature=16 11 16 8 0 15 11 8 0 15 16 8 8 5 6 1 1 3 0 3 8 6 10 8 15 16 8 8 8 3
split_gain=16041.7 1881.37 889.766 722.01 459.156 450.987 330.512 329.525 221.391 192.109 182.236 133.702 133.562 110.48 94.5025 94.0464 84.2391 71.8591 68.644 67.2576 81.7469 65.4844 54.2805 53.0922 50.1778 72.3171 46.5486 47.3159 43.0907 41.2696
threshold=0.70055997371673595 1.5000000000000002 0.49957600235939031 1.0000000180025095e-35 0.66287881135940563 1.0000000180025095e-35 1.5000000000000002 0.73735308647155773 0.67962265014648449 1.0000000180025095e-35 0.79550084471702587 0.86689975857734691 0.70438539981842052 0.38750000298023229 0.50384616851806652 0.94185259938240062 0.23606811463832858 0.41444373130798345 0.46841755509376531 0.39173060655593878 0.46920476853847509 0.55051019787788402 1.0000000180025095e-35 0.68775001168251049 1.0000000180025095e-35 0.62273672223091137 0.53400599956512462 1.0000000180025095e-35 0.60044842958450328 0.49691358208656317
decision_type=2 2 2 2 2 2 2 2 2 2 2 2 2 2 2 2 2 2 2 2 2 2 2 2 2 2 2 2 2 2
left_child=1 2 4 13 12 19 -2 24 14 28 23 17 -1 -3 -9 22 -14 -7 -13 21 -21 -4 -12 -11 25 -5 27 -6 -8 -25
right_child=6 3 5 7 26 11 9 8 -10 10 15 18 16 -15 -16 -17 -18 -19 -20 20 -22 -23 -24 29 -26 -27 -28 -29 -30 -31
leaf_value=-0.077015116099823686 0.084336157945190143 -0.063662624362499684 0.073425882428295411 -0.07322550762395369 0.0089144697260547558 -0.066443801015674209 0.006593096925291855 0.0069542630299557033 0.055433459004845184 -0.064941312060862663 -0.0046487295702893434 0.0020937420630318176 0.057020310849099649 0.028401359832177075 -0.065308383331889944 0.082207612414094189 -0.04502711322848018 -0.011312877298541715 0.061636336472398412 0.031624589873399944 0.097081439472349942 0.0012502339138137028 0.053654759588925474 -0.06998159788514953 -0.082089017462850258 -0.019733003622208502 0.14486274094510412 -0.079308430119689452 0.084879581824988254 0.020121922972579746
leaf_weight=1395.7584624662995 8321.8048958443105 99.491352219134569 158.6745296344161 982.60080005973577 725.87893790006638 212.80349224805832 48.579825073480606 152.26004270836711 167.19131755828857 131.56323744729161 220.66018109023571 310.76027943938971 76.540011715143919 516.53316141664982 483.99468031153083 284.17278797924519 159.98385563865304 523.63695169985294 206.09737037867308 160.76560859754682 507.79744771495461 163.19679912552238 190.35872863233089 41.354363195598125 8199.3018510825932 193.61833285912871 15.354972593486307 41.110157240182161 610.23565001785755 152.51783668249846
leaf_count=38557 125100 1847 1372 25305 4264 3908 502 1920 1160 1806 1962 1667 613 3296 7561 3512 2012 7932 1646 2017 5616 1165 1755 198 244898 3278 102 1138 7558 1035
internal_value=-0.00114071 -0.0522322 -0.00973988 -0.0705689 -0.0434431 0.0265304 0.0778029 -0.0756586 -0.0264885 0.0454299 0.0236914 -0.00535353 -0.0675948 0.0135325 -0.0480154 0.0468202 -0.0120042 -0.0272436 0.0258364 0.0668764 0.0813414 0.036831 0.0223539 -0.0257163 -0.0798723 -0.0644201 0.00694682 0.00418578 0.0791069 0.000902181
internal_weight=25454.6 15453.4 4658.36 10795 2414.63 2243.73 10001.2 10179 803.446 1679.44 1020.63 1253.3 1632.28 616.025 636.255 695.192 236.524 736.44 516.858 990.434 668.563 321.871 411.019 325.435 9375.52 1176.22 782.344 766.989 658.815 193.872
internal_count=504702 361274 72009 289265 46686 25323 143428 284122 10641 18328 10268 15153 41182 5143 9481 7229 2625 11840 3313 10170 7633 2537 3717 3039 273481 28583 5504 5402 8060 1233
is_linear=0
shrinkage=0.08


Tree=29
num_leaves=31
num_cat=0
split_feature=16 11 16 8 0 8 15 11 8 3 8 15 3 16 1 1 1 15 5 3 8 4 10 15 15 8 4 8 4 4
split_gain=14560 1849.65 825.401 679.959 520.493 347.218 275.062 271.971 270.152 238.864 165.146 161.547 126.666 119.617 112.901 99.6797 90.8706 79.2099 71.709 61.2018 59.591 51.8775 51.6106 50.2947 48.5378 71.182 43.7676 42.2906 41.2576 40.6782
threshold=0.70934656262397777 1.5000000000000002 0.54902839660644542 1.0000000180025095e-35 0.66287881135940563 0.71248623728752147 1.0000000180025095e-35 1.5000000000000002 0.68775001168251049 0.51471862196922313 0.54589802026748668 1.0000000180025095e-35 0.47413024306297308 0.79550084471702587 0.24525599926710132 0.66333335638046276 0.9529346525669099 1.0000000180025095e-35 0.46428571641445165 0.39173060655593878 0.40973730385303503 0.5634920895099641 1.0000000180025095e-35 1.0000000180025095e-35 1.0000000180025095e-35 0.49743561446666723 0.44949495792388922 0.97158998250961315 0.11805555596947671 0.10555555671453477
decision_type=2 2 2 2 2 2 2 2 2 2 2 2 2 2 2 2 2 2 2 2 2 2 2 2 2 2 2 2 2 2
left_child=1 2 4 15 8 24 19 -2 26 18 -8 -9 -12 28 -10 -3 22 29 -7 27 -21 -19 -15 -11 25 -5 -1 -4 -13 -6
right_child=7 3 6 5 17 9 10 11 14 23 12 13 -14 16 -16 -17 -18 21 -20 20 -22 -23 -24 -25 -26 -27 -28 -29 -30 -31
leaf_value=-0.078815178574917988 0.083999362409695272 -0.058450128267985235 0.0094781191639496457 -0.077741194167449873 0.16451184696113622 -0.056789941804857469 -0.077798030522515854 0.079701420671046505 0.049337761522721568 0.069743962846783442 -0.0027857983555686114 0.078583558020915045 0.069291543082192208 -0.0035473369032678398 -0.03408911711992129 0.027385094455918337 0.082910740709746356 -0.033853555145921886 0.1328539215237754 -0.024687709646157789 0.095054993118451739 0.010503129488396976 0.052817030066495275 -0.0023493818812720035 -0.081896436762455449 -0.033814332259249145 -0.010690799374510012 0.077640570494178204 -0.027872685151512911 0.034142408337565343
leaf_weight=1359.4325416833162 7660.5820416137576 104.58945110440254 132.07672276347876 746.63470318540931 15.977592326700686 645.326451189816 125.92322408780456 598.61768796667457 158.89401128143072 142.98364563286304 457.89667611382902 25.707045629620552 236.70767711475492 229.13159838318825 299.49787094444036 503.06819188967347 250.65515103936195 260.84706895798445 13.018171310424803 28.112047333270311 494.15001539885998 477.94317675381899 190.33764035254717 109.25323519483209 7549.1440862361342 345.27899841964245 63.161239471286535 104.22574858367443 248.75745140761137 370.81539842113853
leaf_count=41195 123968 2035 879 21557 136 10982 3258 7811 1229 1167 3275 184 2258 2060 3743 3108 3315 3746 68 552 6062 2507 1854 683 243761 6775 567 914 2233 2820
internal_value=-0.00112589 -0.0504082 -0.00823435 -0.0694445 -0.0328318 -0.0746647 0.0385988 0.077827 -0.0585806 -0.0276779 0.0064954 0.0471872 0.0217768 0.0265818 -0.00517056 0.0126112 0.044801 0.0101977 -0.0530399 0.0733245 0.0886095 -0.00515803 0.0220285 0.0385176 -0.0796161 -0.0638509 -0.0757905 0.0395425 -0.0179017 0.0395277
internal_weight=23948.7 14745 4585.66 10159.3 3006.57 9551.64 1579.09 9203.79 1880.99 910.582 820.528 1543.21 694.604 944.589 458.392 607.658 670.124 1125.58 658.345 758.565 522.262 738.79 419.469 252.237 8641.06 1091.91 1422.59 236.302 274.464 386.793
internal_count=504702 363277 73141 290136 55943 284993 17198 141425 46734 12900 8791 17457 5533 9646 4972 5143 7229 9209 11050 8407 6614 6253 3914 1850 272093 28332 41762 1793 2417 2956
is_linear=0
shrinkage=0.08


Tree=30
num_leaves=31
num_cat=0
split_feature=16 11 15 7 9 0 8 16 11 0 15 0 9 5 0 7 6 0 5 3 9 6 8 9 15 16 3 8 15 3
split_gain=13212.1 1732.89 744.834 643.817 360.527 358.967 342.902 279.151 278.574 216.758 153.407 143.771 136.44 113.857 105.974 103.444 99.8204 95.8665 90.4181 67.4173 99.5174 72.5843 60.7573 59.2164 52.4191 73.249 42.4233 35.1682 29.871 27.5223
threshold=0.70934656262397777 1.5000000000000002 1.0000000180025095e-35 1.0000000180025095e-35 0.37268517911434179 0.66287881135940563 0.71248623728752147 0.46747551858425146 1.5000000000000002 0.71834936738014232 1.0000000180025095e-35 0.4970588237047196 0.19292803853750232 0.46428571641445165 0.56992483139038097 0.62973192334175121 0.36700680851936346 0.94360822439193737 0.38750000298023229 0.4403389841318131 0.0745370388031006 0.55051019787788402 0.97845596075057995 0.19292803853750232 1.0000000180025095e-35 0.57005420327186596 0.30368906259536749 0.56268712878227245 1.0000000180025095e-35 0.78319624066352855
decision_type=2 2 2 2 2 2 2 2 2 2 2 2 2 2 2 2 2 2 2 2 2 2 2 2 2 2 2 2 2 2
left_child=1 2 7 18 5 -4 24 14 -2 13 27 16 -12 -8 15 -1 -6 22 29 21 -21 -9 -14 -7 25 -5 -13 -10 -20 -3
right_child=8 3 4 6 11 23 9 19 10 -11 12 26 17 -15 -16 -17 -18 -19 28 20 -22 -23 -24 -25 -26 -27 -28 -29 -30 -31
leaf_value=-0.069683190886717136 0.08339359493569265 -0.078909191093398695 -0.075975848114887681 -0.076438004358518288 0.058695871628094455 -0.016140607748551517 -0.054576221255244958 0.072465631585928406 -0.0057673914329401067 0.062788705108809711 -0.0756810422492913 -0.010405178768483346 0.0062554105441960106 0.051339604671573461 0.02200350806418511 0.12415217308855125 -0.030757223821143789 0.079553784340047951 0.049718783012115256 0.022731304627692839 0.094291746997356096 0.0039550017143840073 0.070179997917465611 0.056915832265177581 -0.081601793784516735 -0.030196350646095931 0.076742395854903153 0.082951654754290796 0.0097465169101053212 0.045300126862606954
leaf_weight=207.19431557878852 7120.8978880085051 79.122185539454222 1253.7903906665742 716.62259412556887 103.18192154914141 827.86639973521233 660.63560063764453 177.78926822915673 30.217686463147402 145.33659173548222 78.52777548879385 42.391168124973774 501.75102242082357 72.038826886564493 254.94138154014945 19.258401084691286 352.8864469230175 222.9873459264636 193.8137661665678 167.10190488770604 486.42205839604139 223.24620967358351 117.42758306115866 77.669457800686359 6992.8861181493849 315.87335468642414 228.18644488416612 532.63709844648838 312.68223017454147 13.342396572232245
leaf_count=5391 123968 1744 38031 21695 691 9035 11314 1699 299 1117 1178 276 4294 469 1870 159 2820 3033 1340 2130 6330 2009 1141 608 243761 6637 2092 7512 1956 103
internal_value=-0.00111168 -0.0492713 -0.0079 -0.0685234 -0.0318528 -0.0482555 -0.0739245 0.0371061 0.0768233 -0.0264587 0.0452867 0.01689 0.0251725 -0.0441622 -0.0133724 -0.0531987 -0.0105192 0.0345766 0.0117615 0.0601489 0.0759942 0.0343275 0.0183787 -0.00987442 -0.0791174 -0.0622912 0.0630891 0.0781886 0.0250421 -0.0609861
internal_weight=22528.7 13924.3 4421.93 9502.35 2885.97 2159.33 8903.39 1535.95 8604.45 878.011 1483.55 726.646 920.694 732.674 481.394 226.453 456.068 842.166 598.961 1054.56 653.524 401.035 619.179 905.536 8025.38 1032.5 270.578 562.855 506.496 92.4646
internal_count=504702 363277 73141 290136 53553 47674 284993 19588 141425 12900 17457 5879 9646 11783 7420 5550 3511 8468 5143 12168 8460 3708 5435 9643 272093 28332 2368 7811 3296 1847
is_linear=0
shrinkage=0.08


Tree=31
num_leaves=31
num_cat=0
split_feature=16 11 15 7 8 9 0 11 16 3 15 0 9 1 0 7 1 16 15 8 3 9 6 0 8 7 3 5 10 8
split_gain=11985.1 1627.83 653.737 608.581 338.549 320.649 346.442 281.62 245.133 180.461 146.65 126.446 119.898 115.951 94.4311 90.4347 88.7497 80.6885 65.8489 88.7879 62.4377 96.1526 68.0319 57.1538 56.8709 52.1302 38.3707 36.293 34.4884 33.985
threshold=0.70934656262397777 1.5000000000000002 1.0000000180025095e-35 1.0000000180025095e-35 0.73735308647155773 0.37268517911434179 0.66287881135940563 1.5000000000000002 0.46747551858425146 0.51899951696395885 1.0000000180025095e-35 0.4970588237047196 0.19292803853750232 0.93957647681236278 0.56294015049934398 0.62973192334175121 0.28730159997940069 0.39022776484489446 1.0000000180025095e-35 0.49743561446666723 0.44590643048286444 0.098387096077203764 0.55051019787788402 0.70299971103668224 0.98101189732551586 1.0000000180025095e-35 0.30368906259536749 0.38750000298023229 1.0000000180025095e-35 0.60044842958450328
decision_type=2 2 2 2 2 2 2 2 2 2 2 2 2 2 2 2 2 2 2 2 2 2 2 2 2 2 2 2 2 2
left_child=1 2 8 17 18 6 -4 -2 14 23 29 16 -12 24 15 -1 -7 27 19 -5 22 -22 -10 -6 -14 -8 -13 -3 -11 -9
right_child=7 3 5 4 9 11 25 10 20 28 12 26 13 -15 -16 -17 -18 -19 -20 -21 21 -23 -24 -25 -26 -27 -28 -29 -30 -31
leaf_value=-0.068618295597696707 0.082814760764383696 -0.077062961819112263 -0.075020445501286823 -0.076588373414308131 -0.053529656742770604 0.027640347046347255 0.0031413419785261249 0.0061260698304457578 0.070434014481407195 -0.0037985418622594126 -0.0727310903726342 -0.0095790465423958721 0.0018738920170208947 0.078517359481060145 0.020154429178665643 0.1106865161947795 -0.043422239852148853 0.03249370293103452 -0.081172293668092574 -0.026743904936341715 0.023929240418894181 0.093207116390750591 0.0039305533319798679 0.043230123871186112 0.07022079518858125 -0.039250311435891069 0.073585930719958267 -0.0056138999542168369 0.06565710266022938 0.08288175210911293
leaf_weight=193.72473243065178 6617.5051379315555 68.783952951431274 1171.5440973453224 655.49122382886708 498.79199677705765 213.59795532934368 642.89639641344547 39.946966033428907 172.90521500259638 69.039718925952911 75.310583561658859 42.364522431045771 479.72336085885763 247.34717697650194 254.99046337790787 19.846744868904352 237.58676227368414 385.63530944660306 6549.1545783448964 351.29303896799684 180.85467322170734 440.55458615347743 228.61344557628036 42.389513917267323 93.026469826698303 261.03893492929637 219.30867169424891 134.41222903504968 135.66389961913228 487.00130455195904
leaf_count=5344 123968 1737 38031 21557 8999 1415 3783 367 1736 516 1178 276 3935 3628 1917 159 2096 2390 245441 7184 2357 6001 2074 230 905 5860 2092 1016 1066 7444
internal_value=-0.00109526 -0.0480803 -0.00754377 -0.067594 -0.0731683 -0.0304111 -0.0463103 0.0758732 0.0352067 -0.0217495 0.0435778 0.0158792 0.0238718 0.0327429 -0.0127136 -0.0519559 -0.00978009 0.0109971 -0.0782441 -0.0591964 0.057157 0.0730445 0.0325688 -0.0459507 0.0129748 -0.00910054 0.0601216 -0.0298001 0.042232 0.077063
internal_weight=21210.3 13170.5 4279.83 8890.66 8301.82 2788.34 2075.48 8039.86 1491.49 745.885 1422.36 712.858 895.408 820.097 468.562 213.571 451.185 588.831 7555.94 1006.78 1022.93 621.409 401.519 541.182 572.75 903.935 261.673 203.196 204.704 526.948
internal_count=504702 363277 73141 290136 284993 53553 47674 141425 19588 10811 17457 5879 9646 8468 7420 5503 3511 5143 274182 28741 12168 8358 3810 9229 4840 9643 2368 2753 1582 7811
is_linear=0
shrinkage=0.08


Tree=32
num_leaves=31
num_cat=0
split_feature=16 11 16 7 4 8 15 11 0 7 15 9 3 4 7 4 16 4 10 12 3 9 9 0 3 8 16 9 16 4
split_gain=10872.3 1586.07 608.019 571.451 354.184 353.152 309.534 236.961 229.108 179.328 136.613 135.29 134.185 126.815 107.394 86.1482 84.609 74.1759 62.3147 72.7865 55.91 84.2739 54.7585 47.0792 44.0013 42.8091 40.0113 70.8098 33.1514 27.5613
threshold=0.71742582321167003 1.5000000000000002 0.49957600235939031 1.0000000180025095e-35 0.31666667759418493 0.65889152884483349 1.0000000180025095e-35 1.5000000000000002 0.61938297748565685 0.68863317370414745 1.0000000180025095e-35 0.28869047760963445 0.47413024306297308 0.11805555596947671 1.0000000180025095e-35 0.44949495792388922 0.9166773557662965 0.31666667759418493 1.0000000180025095e-35 1.0000000180025095e-35 0.39173060655593878 0.0745370388031006 0.91106721758842479 0.93405798077583324 0.52704679965972911 0.65889152884483349 0.64634531736373912 0.056349206715822227 0.44345286488533026 0.68333333730697643
decision_type=2 2 2 2 2 2 2 2 2 2 2 2 2 2 2 2 2 2 2 2 2 2 2 2 2 2 2 2 2 2
left_child=1 2 4 17 9 26 20 -2 15 25 -9 14 -13 -10 -8 -7 18 -3 19 -12 22 -22 -4 29 -20 -1 -5 -28 -19 -6
right_child=7 3 6 5 23 8 11 10 13 -11 16 12 -14 -15 -16 -17 -18 28 24 -21 21 -23 -24 -25 -26 -27 27 -29 -30 -31
leaf_value=-0.078940238255895065 0.082594807308233986 -0.074900223092486062 0.0086974505592129787 -0.080400701452841922 -0.010302968658491308 -0.061319008829772086 0.01761031493021236 0.079412019955307014 0.12440693172337007 0.069323324787290183 0.088806998705047671 -0.0021330495780811551 0.075498099174066177 0.00079131135702713979 -0.06228941189745163 0.070285192331672533 0.071427296906043006 0.0015183093772336434 -0.036914601600989139 -0.025375517473694091 0.015575666891265371 0.086345660611539574 0.08554314202599296 0.068796173502007382 0.050860226655088908 -0.038311124146178543 -0.081169381600741164 -0.011492165861902942 0.042100900037082133 0.027444206731947439
leaf_weight=957.9515362419188 6080.4909447468817 58.774760790169239 220.05405683815479 6346.4553424622864 616.68345629796386 679.4795598462224 160.72582623362541 473.63721048459411 65.446251351386309 60.552432522177696 40.543392159044743 534.83091381192207 194.25652509555221 281.85594721883535 326.11361963674426 33.39838794246316 197.33622315526009 284.15690697357059 42.673816114664078 300.9452667683363 136.98879872635007 503.50941404700279 81.261413723230362 63.771096639335155 254.7725954502821 200.75775956362486 240.20479257963598 152.67614551633596 235.66832856833935 154.89082384109497
leaf_count=36096 122807 1764 1743 256193 5467 15176 945 7574 452 454 456 4029 2150 2537 8880 210 2998 1730 225 2908 1780 7221 868 382 2564 3448 8628 2529 1649 839
internal_value=-0.00107878 -0.0462911 -0.00624666 -0.0664246 -0.0373941 -0.0721152 0.023412 0.075946 -0.0291956 -0.0648872 0.0450826 -0.00325498 0.0185508 0.0240857 -0.0359112 -0.0551533 0.0256395 0.0102852 0.0114979 -0.0118191 0.0578403 0.0712095 0.0294219 0.00273467 0.0382674 -0.0719008 -0.078867 -0.0540924 0.0199169 -0.00272536
internal_weight=19980.9 12590.5 4212.35 8378.12 2054.61 7799.52 2157.74 7390.4 1060.18 1219.26 1309.91 1215.93 729.087 347.302 486.839 712.878 836.271 578.6 638.935 341.489 941.814 640.498 301.315 835.345 297.446 1158.71 6739.34 392.881 519.825 771.574
internal_count=504702 365170 74302 290868 46686 285725 27616 139532 18375 39998 16725 16004 6179 2989 9825 15386 9151 5143 6153 3364 11612 9001 2611 6688 2789 39544 267350 11157 3379 6306
is_linear=0
shrinkage=0.08


Tree=33
num_leaves=31
num_cat=0
split_feature=16 15 9 7 8 4 10 7 3 5 10 3 12 7 15 8 16 9 2 5 3 1 7 7 5 16 3 4 5 8
split_gain=9857.74 1424.78 651.269 741.775 389.546 444.094 205.558 221.099 178.126 152.595 143.42 132.919 127.613 116.586 110.72 103.697 103.525 89.4137 118.983 61.6955 60.9874 55.0353 50.7665 47.2227 46.4286 41.797 40.8566 39.3997 56.5747 35.0659
threshold=0.71742582321167003 1.0000000180025095e-35 0.37268517911434179 1.0000000180025095e-35 0.61916849017143261 0.41428571939468389 1.0000000180025095e-35 1.0000000180025095e-35 0.39173060655593878 0.38750000298023229 1.0000000180025095e-35 0.46966911852359777 1.0000000180025095e-35 0.73226860165596019 1.0000000180025095e-35 0.98101189732551586 0.91936165094375621 0.21807064861059192 0.90521115064620983 0.23611111193895343 0.40289855003356939 0.26766170561313635 1.0000000180025095e-35 0.34384952485561376 0.13392857462167743 0.7688768506050111 0.81530213356018078 0.11805555596947671 0.15476191043853763 0.56268712878227245
decision_type=2 2 2 2 2 2 2 2 2 2 2 2 2 2 2 2 2 2 2 2 2 2 2 2 2 2 2 2 2 2
left_child=1 4 3 9 5 22 7 -7 13 26 12 15 -2 24 29 19 -16 -5 -19 -4 25 -15 -1 -8 -6 27 -3 -12 -29 -14
right_child=10 2 11 17 8 6 23 -9 -10 -11 20 -13 14 21 16 -17 -18 18 -20 -21 -22 -23 -24 -25 -26 -27 -28 28 -30 -31
leaf_value=0.011358333256800761 0.080247817056823989 -0.078934376264365044 -0.039010705037587211 -0.080876595830637235 -0.045248121312725202 0.036509371544695975 0.27159493901104542 -0.05486514534827195 0.0686284131542476 0.0055099526597019357 0.078842810265387628 0.055103817914272379 -0.041168385562277122 0.077550074550634701 -0.02264926499081105 0.032362716870555017 0.067423938316681586 -0.059301591954162784 0.084334362494534132 0.098424220692620246 0.081346026119298767 0.0079575616287546544 -0.069638593557765902 0.1058018659147105 0.1005777612240405 0.068248629561303453 0.04100473526222384 -0.10522630640660241 0.07816999856551321 0.082692897660194317
leaf_weight=53.155886387452483 459.45585912838578 202.57189208455384 520.51816847547889 6206.0575777124614 221.01546388678253 491.95491712540388 12.543113816529511 258.54961559176445 637.32175761461258 938.51015229523182 21.039694473147392 225.30927902087569 15.862750947475432 133.02802954614162 308.59909164533019 213.19362449273467 111.05306578800082 742.60926892608404 38.839991230517626 21.779142698273063 5662.3269474394619 160.44132813811302 724.94137427583337 89.088418617844582 14.916270483285187 89.244481060653925 19.968763587996364 36.416408021003008 15.283050015568731 187.97606020793319
leaf_count=843 9382 5905 6832 269073 3860 3391 140 7741 8671 5800 242 2376 169 1329 2961 1261 1752 19901 287 152 119725 1268 25277 825 91 1571 147 295 209 3226
internal_value=-0.0010617 -0.0451083 -0.0604133 -0.0678264 0.00484776 -0.0204095 0.0194898 0.00503075 0.0401391 -0.00861282 0.0749907 0.00117531 0.0482569 0.00584201 0.0246825 -0.0149077 0.00118692 -0.0776654 -0.0521625 -0.0334912 0.0799614 0.0395035 -0.0641053 0.126264 -0.0360286 0.0315609 -0.0681721 -0.0134516 -0.0510119 0.073054
internal_weight=18833.6 11926.3 9129.36 8148.56 2796.96 1630.23 852.136 750.505 1166.72 1161.05 6907.26 980.8 1082.95 529.401 623.491 755.491 419.652 6987.51 781.449 542.297 5824.31 293.469 778.097 101.632 235.932 161.984 222.541 72.7392 51.6995 203.839
internal_count=504702 365170 311734 301113 53436 38217 12097 11132 15219 11852 139532 10621 17490 6548 8108 8245 4713 289261 20188 6984 122042 2597 26120 965 3951 2317 6052 746 504 3395
is_linear=0
shrinkage=0.08


Tree=34
num_leaves=31
num_cat=0
split_feature=16 11 7 16 8 0 3 11 15 7 15 9 3 8 7 16 4 9 3 9 15 6 9 4 3 8 16 3 16 8
split_gain=8936.57 1416.02 517.447 493.464 341.904 305.703 276.553 252.013 241.32 165.138 129.759 105.435 115.685 95.8707 95.6386 75.8534 61.7089 52.6934 50.7591 82.5907 46.7713 46.2302 44.7487 44.2965 43.8658 30.8464 29.5437 27.1072 27.8595 25.9696
threshold=0.71742582321167003 1.5000000000000002 1.0000000180025095e-35 0.49957600235939031 0.60044842958450328 0.63453349471092235 0.75716626644134533 1.5000000000000002 1.0000000180025095e-35 0.68863317370414745 1.0000000180025095e-35 0.26794873178005224 0.47413024306297308 0.84356173872947704 1.0000000180025095e-35 0.9166773557662965 0.31666667759418493 0.19292803853750232 0.47413024306297308 0.0745370388031006 1.0000000180025095e-35 0.48181217908859258 0.19292803853750232 0.86607143282890331 0.68133461475372326 0.65889152884483349 0.46511036157608038 0.40289855003356939 0.76148387789726268 0.56268712878227245
decision_type=2 2 2 2 2 2 2 2 2 2 2 2 2 2 2 2 2 2 2 2 2 2 2 2 2 2 2 2 2 2
left_child=1 3 16 5 -4 9 13 27 18 25 29 14 -13 -6 -10 17 -3 -12 21 -20 -8 -5 24 -19 -7 -1 -18 28 -2 -9
right_child=7 2 4 8 6 22 20 10 11 -11 15 12 -14 -15 -16 -17 26 23 19 -21 -22 -23 -24 -25 -26 -27 -28 -29 -30 -31
leaf_value=-0.075643796888409581 -0.0048419997279754426 -0.073515805840827939 -0.07925610400831179 0.070098979518484553 -0.063422713200777983 -0.053738902143284716 0.088270598854841203 -0.0065162077489180703 0.01598169487790255 0.06594310244214005 -0.065200401383131615 -0.0024116237553164629 0.069842783397777719 -0.010190935814583045 -0.062245155072695985 0.06864129181740164 0.0052609447731766954 0.0072242702283080483 0.014605596030718546 0.087907991242112418 0.0035119630985667423 0.0095347755598688532 0.15315770472076834 0.072009156792963408 0.0074514203056308959 -0.039449417567813075 0.04755225771758758 0.082517194209347111 0.073464423112610464 0.082102598924400777
leaf_weight=860.22905164584517 45.797104224562645 52.318868666887283 5549.5087845157832 123.07451527565718 771.53006687387824 84.013008758425713 117.3652477003634 22.370499771088362 158.62479448318481 61.168557748198509 55.838849995285273 539.16479510255158 192.43350645899773 301.01372852921486 270.74771826155484 174.58328219503164 358.64600802958012 482.84746516495943 131.30752038583159 392.20106195658445 64.60192497074604 234.07549004629254 12.547573700547217 78.532301064580679 697.29380776174366 182.70204478129745 149.90283115208149 5124.4681453295052 79.647886842489243 392.3480687700212
leaf_count=36300 553 1764 258928 1514 20901 1829 1093 207 945 459 789 4241 2256 4219 8562 2998 2165 4203 1756 6373 584 1969 110 1161 4578 3410 1214 120646 1608 7367
internal_value=-0.0010474 -0.0439333 -0.0646415 -0.00522013 -0.0707296 -0.0345857 -0.0330116 0.0740408 0.0220789 -0.0618104 0.0410712 -0.00187585 0.0165936 -0.048483 -0.0333455 0.022084 0.00921567 0.00891507 0.0536584 0.0695221 0.0581796 0.0304053 0.00327871 0.0162871 0.000871696 -0.0693032 0.017727 0.0816178 0.0448765 0.0773224
internal_weight=17760.9 11304.5 7364.89 3939.58 6804.02 1897.95 1254.51 6456.43 2041.63 1104.1 1206.52 1160.97 731.598 1072.54 429.373 791.802 560.868 617.219 880.659 523.509 181.967 357.15 793.854 561.38 781.307 1042.93 508.549 5249.91 125.445 414.719
internal_count=504702 365170 290868 74302 285725 46686 26797 139532 27616 40169 16725 16004 6497 25120 9507 9151 5143 6153 11612 8129 1677 3483 6517 5364 6407 39710 3379 122807 2161 7574
is_linear=0
shrinkage=0.08


Tree=35
num_leaves=31
num_cat=0
split_feature=16 11 7 16 8 0 7 11 0 9 3 4 4 4 7 1 8 4 0 9 4 10 4 2 4 8 3 10 1 16
split_gain=8095.93 1321.6 488.88 438.16 343.607 305.734 281.897 255.344 253.096 144.261 152.955 119.401 94.2506 90.5048 75.6454 73.3754 79.8621 69.5409 66.6203 60.5175 55.2447 54.5394 34.9108 58.492 32.0062 29.1607 27.9703 26.9867 26.7355 26.2303
threshold=0.71742582321167003 1.5000000000000002 1.0000000180025095e-35 0.57302740216255199 0.60044842958450328 0.63702240586280834 0.68863317370414745 1.5000000000000002 0.66287881135940563 0.053342817351222045 0.45035210251808172 0.095454547554254546 0.11805555596947671 0.44949495792388922 0.23201345652341845 0.90366768836975109 0.65889152884483349 0.41428571939468389 0.22401433438062671 0.91833335161209118 0.31666667759418493 1.0000000180025095e-35 0.11805555596947671 0.96178188920021068 0.78888890147209179 0.98802351951599132 0.40289855003356939 1.0000000180025095e-35 0.94185259938240062 0.76148387789726268
decision_type=2 2 2 2 2 2 2 2 2 2 2 2 2 2 2 2 2 2 2 2 2 2 2 2 2 2 2 2 2 2
left_child=1 3 20 5 -4 6 17 26 13 -5 19 -7 -10 -6 -13 22 27 -1 -8 -11 -3 -12 -9 25 -25 -24 29 -17 -22 -2
right_child=7 2 4 9 8 11 18 15 12 10 21 14 -14 -15 -16 16 -18 -19 -20 -21 28 -23 23 24 -26 -27 -28 -29 -30 -31
leaf_value=-0.068878846106980987 -0.0044368598379730716 -0.072572974957035172 -0.078881499010511433 -0.081825740471583613 -0.060317119009707154 0.14265760347640061 0.071820476396243754 0.086863848391879883 0.12553068829544911 -0.002851144662917391 0.0025181634547970198 0.010996707994571435 0.0094195649868060415 0.049156618231993479 -0.046799896501550073 -0.031558499898061004 0.071988560234605106 0.022888458943007249 -0.0079452717042414484 0.058568240395584177 0.005767846836714231 0.080265543890716606 -0.021820872362040819 0.049333410676290435 -0.033234504800315957 0.089882152843895294 0.082113086786133979 0.06683241610830018 0.0481824460465657 0.072393106301784402
leaf_weight=1128.0425768047571 45.972964070737362 48.89872819557786 5146.19803789258 63.538483826443553 829.04040558263659 40.194981206208467 114.70817737653852 44.459600381553173 53.347639372572303 418.5089298915118 65.259861849248409 970.82227384671569 277.36730120703578 51.323760859668255 170.3626395072788 72.985218737274408 496.99684117734432 55.447710329666734 161.16317813843489 136.04776313900948 376.10768679156899 501.50478849560022 235.81127754598856 236.278156157583 34.423790544271469 15.970063515007494 4752.8211808726192 23.613180883228779 127.30631835013628 74.568607844412327
leaf_count=44108 553 1764 258928 2085 23482 409 884 466 396 3163 985 6468 2557 362 4953 1032 9553 607 1330 1200 2297 8110 2112 2797 408 149 120646 208 1082 1608
internal_value=-0.00102681 -0.0427006 -0.0635867 -0.00497715 -0.069859 -0.0231125 -0.0476039 0.0731169 -0.0315198 0.0354419 0.0420867 0.00714166 0.0281495 -0.053935 0.0023685 0.0393929 0.0590519 -0.0645795 0.0252216 0.0122167 0.00860841 0.0713134 0.0188098 0.0130189 0.0388337 -0.0147357 0.0811479 -0.00750714 0.0164939 0.0430912
internal_weight=16769.1 10735.2 6909.59 3825.6 6357.28 2640.74 1459.36 6033.9 1211.08 1184.86 1121.32 1181.38 330.715 880.364 1141.18 1160.54 593.595 1183.49 275.871 554.557 552.313 566.765 566.943 522.483 270.702 251.781 4873.36 96.5984 503.414 120.542
internal_count=504702 365170 290868 74302 285725 58759 46929 139532 26797 15543 13458 11830 2953 23844 11421 16725 10793 44715 2214 4363 5143 9095 5932 5466 3205 2261 122807 1240 3379 2161
is_linear=0
shrinkage=0.08


Tree=36
num_leaves=31
num_cat=0
split_feature=16 11 7 15 8 11 2 9 2 16 15 8 4 16 9 4 16 1 4 6 7 10 12 2 1 15 16 8 15 2
split_gain=7330.4 1232.04 462.448 417.857 342.447 259.726 234.567 205.884 275.436 138.111 127.2 98.2598 71.8986 68.1078 60.3948 56.1476 50.8778 49.9914 48.7948 47.8082 47.246 43.7704 56.2463 36.6111 30.5077 30.4298 43.846 24.362 21.0961 15.4336
threshold=0.71742582321167003 1.5000000000000002 1.0000000180025095e-35 1.0000000180025095e-35 0.60044842958450328 1.5000000000000002 0.92637759447097789 0.31698563694953924 0.78611555695533764 0.57302740216255199 1.0000000180025095e-35 0.89377820491790783 0.44949495792388922 0.92187699675560009 0.053342817351222045 0.10555555671453477 0.44445224106311804 0.66333335638046276 0.31666667759418493 0.4555336087942124 1.0000000180025095e-35 1.0000000180025095e-35 1.0000000180025095e-35 0.78611555695533764 0.83239698410034191 1.0000000180025095e-35 0.57576140761375438 0.56268712878227245 1.0000000180025095e-35 0.75716626644134533
decision_type=2 2 2 2 2 2 2 2 2 2 2 2 2 2 2 2 2 2 2 2 2 2 2 2 2 2 2 2 2 2
left_child=1 3 17 9 25 29 11 8 -5 16 27 -6 15 21 -11 -9 18 -3 -1 -18 -10 22 -12 -16 -23 26 -4 -7 -19 -2
right_child=5 2 4 7 6 10 -8 12 20 14 13 -13 -14 -15 23 -17 19 28 -20 -21 -22 24 -24 -25 -26 -27 -28 -29 -30 -31
leaf_value=-0.05037478776265502 0.063196524264301474 -0.050049516905288666 -0.075978339092234531 -0.072419779705907142 -0.052794327698025549 -0.0054802974402159577 0.082030318906126318 0.014604478604956653 0.0028320671374476186 -0.080075736979714221 0.085609534542828936 0.011529064532670458 0.10055991127759444 0.068851189012782227 0.049320590759905428 -0.040511206862264705 0.084377469864680268 0.040526548210715711 0.013544974185000492 0.015325897965168133 -0.047278847812090068 0.0041155414461268181 -0.022937100985839488 0.092325830769319051 0.057916265572796791 -0.080903979840128037 -0.028751266108646784 0.081138233791527237 0.0051378547343013106 0.081936327138809745
leaf_weight=139.18977696634829 301.34021062403917 80.772685753181577 411.33090481348336 845.05653774365783 875.06803822889924 22.097924564033747 108.21745762601495 561.6529995277524 637.71098174341023 18.307745039463043 33.956202875822783 183.93953450024128 51.865830678492785 140.71643917635083 295.2203043513 149.85553881525993 76.477236108854413 170.4904963709414 169.52436880394816 398.76860413886607 148.44473825395107 134.32558254897594 304.7607625387609 221.93430368602276 135.49929289892316 4180.1846607159823 181.25387822091579 348.77721770852804 293.23245763219893 4222.1027017012239
leaf_count=4959 7411 2035 19760 38203 23376 207 986 5738 3592 426 460 2435 595 2769 3948 1460 851 1308 1107 5112 4380 1081 3025 3931 1816 233259 5909 7367 1800 115396
internal_value=-0.00100641 -0.0414879 -0.0625315 -0.00474687 -0.0689997 0.0721477 -0.0301577 -0.0246655 -0.0407127 0.0314029 0.0376595 -0.041622 0.00962495 0.0186926 0.0627209 0.0029962 0.010012 0.00803192 -0.0152745 0.0264378 -0.00663006 0.00709414 -0.0120554 0.0677761 0.0311329 -0.0784989 -0.061533 0.0759772 0.0181487 0.0806879
internal_weight=15842.1 10198.5 6484.49 3714.01 5939.99 5643.58 1167.23 2394.59 1631.21 1319.42 1120.13 1059.01 763.374 749.258 535.462 711.509 783.96 544.496 308.714 475.246 786.156 608.542 338.717 517.155 269.825 4772.77 592.585 370.875 463.723 4523.44
internal_count=504702 365170 290868 74302 285725 139532 26797 53968 46175 20334 16725 25811 7793 9151 8305 7198 12029 5143 6066 5963 7972 6382 3485 7879 2897 258928 25669 7574 3108 122807
is_linear=0
shrinkage=0.08


Tree=37
num_leaves=31
num_cat=0
split_feature=16 15 8 7 8 7 0 6 10 9 0 12 4 15 0 0 6 16 3 3 16 9 4 4 4 4 0 9 0 8
split_gain=6627.84 1111.5 538.087 635.658 265.966 355.745 284.085 159.157 156.246 155.257 135.753 115.172 111.483 92.2502 81.8575 80.1983 101.458 74.4337 70.6608 67.4543 65.4862 177.57 60.51 51.4074 45.0828 41.4438 40.8824 38.1368 36.8784 31.5101
threshold=0.71742582321167003 1.0000000180025095e-35 0.86287939548492443 1.0000000180025095e-35 0.53400599956512462 0.24575784057378772 0.51191151142120372 0.3483316451311112 1.0000000180025095e-35 0.26794873178005224 0.66287881135940563 1.0000000180025095e-35 0.31666667759418493 1.0000000180025095e-35 0.22401433438062671 0.61143791675567638 0.47114317119121557 0.93678769469261181 0.31311275064945226 0.41728855669498449 0.58206692337989818 0.050641026347875602 0.31666667759418493 0.11805555596947671 0.095454547554254546 0.074175827205181136 0.70299971103668224 0.6885775923728944 0.93127068877220165 0.9796607792377473
decision_type=2 2 2 2 2 2 2 2 2 2 2 2 2 2 2 2 2 2 2 2 2 2 2 2 2 2 2 2 2 2
left_child=1 4 3 12 5 28 7 -6 11 -5 -11 -2 -3 -13 -9 16 -4 29 24 27 -7 -22 -18 -17 -8 -20 -25 -10 -1 -15
right_child=8 2 15 9 6 20 18 14 19 10 -12 13 -14 17 -16 23 22 -19 25 -21 21 -23 -24 26 -26 -27 -28 -29 -30 -31
leaf_value=0.015154378061473739 0.076849944177908094 -0.077870017592311588 0.04366951260949848 -0.078945113618275692 0.066484244404981865 -0.075240040656565074 0.11918061198401826 0.060519200463236514 -0.035302684999092886 -0.056279698814827812 0.034678693338454983 0.069249513390476913 0.0014611062702854435 -0.025189445576962639 -0.046192742765834328 0.10261818579706919 -0.038498207791139688 0.076636360959651179 0.11114923464264098 0.079234647249329632 -0.079712352621218271 0.077372526276003134 0.078889139841311601 -0.041996144925916488 -0.053025628248155404 0.063934234622518668 0.068659313329370766 0.052056072217561818 0.061354330485507272 0.069061187247152475
leaf_weight=375.34844894893467 347.50725268945098 128.20993073284626 183.55592477507889 4858.8399579301476 135.97147244215012 468.79664561897516 12.39360650628805 52.506819255650043 47.025248978286982 471.42237216234207 135.11022395268083 159.93893601745367 979.50649645924568 303.97168366983533 371.57442902587354 83.246495351195335 344.39324926398695 63.226664077490568 163.01494727097452 4235.2537024524063 121.43504702858627 74.194059614092112 30.600921984761953 42.002204285934567 45.263551255688071 440.4789664875716 43.497205063700676 99.980254482477903 156.7597576379776 24.53412002697587
leaf_count=3254 9382 5754 1522 278962 2330 22517 97 814 564 12557 1104 3395 6098 3135 7685 1044 3665 1347 2379 119542 4863 1043 274 400 591 6288 354 1936 1575 231
internal_value=-0.000983377 -0.0401866 -0.0557565 -0.0629811 0.00682692 -0.019979 0.0330913 -0.00883204 0.0711526 -0.0741812 -0.036018 0.0407756 -0.00772088 0.0180517 -0.0329804 0.00953741 -0.00506426 -0.00285159 0.068604 0.0773855 -0.0590157 -0.0201365 -0.028919 0.057869 -0.0160093 0.0766879 0.014299 0.0241111 0.0287649 -0.0181504
internal_weight=14999.6 9718.12 7300.38 6573.09 2417.74 1196.53 1221.2 560.053 5281.44 5465.37 606.533 899.179 1107.72 551.671 424.081 727.296 558.55 391.732 661.151 4382.26 664.426 195.629 374.994 168.746 57.6572 603.494 85.4994 147.006 532.108 328.506
internal_count=504702 365170 311734 304475 53436 33252 20184 10829 139532 292623 13661 17490 11852 8108 8499 7259 5461 4713 9355 122042 28423 5906 3939 1798 688 8667 754 2500 4829 3366
is_linear=0
shrinkage=0.08


Tree=38
num_leaves=31
num_cat=0
split_feature=16 11 7 8 15 11 3 9 0 16 0 15 4 6 15 8 1 9 0 7 4 9 4 8 3 4 9 9 15 8
split_gain=6004.68 1120.24 414.835 343.209 335.965 237.151 219.925 175.4 241.864 122.516 117.349 114.032 87.2953 85.4648 79.9439 63.8501 63.4133 61.376 56.2097 117.478 87.4015 47.8915 45.6145 43.9549 43.2307 41.7599 36.733 34.9118 33.3552 44.2274
threshold=0.72681182622909557 1.5000000000000002 1.0000000180025095e-35 0.60044842958450328 1.0000000180025095e-35 1.5000000000000002 0.51471862196922313 0.31698563694953924 0.66287881135940563 0.58886051177978527 0.55087250471115123 1.0000000180025095e-35 0.10555555671453477 0.36700680851936346 1.0000000180025095e-35 0.97158998250961315 0.94185259938240062 0.26491229236125952 0.55834907293319713 0.62973192334175121 0.074175827205181136 0.053342817351222045 0.44949495792388922 0.98101189732551586 0.38956639170646673 0.31666667759418493 0.18019481003284457 0.70294117927551281 1.0000000180025095e-35 0.49743561446666723
decision_type=2 2 2 2 2 2 2 2 2 2 2 2 2 2 2 2 2 2 2 2 2 2 2 2 2 2 2 2 2 2
left_child=1 4 25 28 9 -2 15 8 22 18 13 -7 -12 -9 -8 -5 23 -18 19 -1 -20 -11 -6 27 -23 -3 -10 -13 29 -4
right_child=5 2 3 6 7 11 14 10 26 21 12 16 -14 -15 -16 -17 17 -19 20 -21 -22 24 -24 -25 -26 -27 -28 -29 -30 -31
leaf_value=-0.057371821128030923 0.080299242581240216 -0.070155464644508031 -0.071515013811508474 -0.057529523833682372 -0.077041589402376168 0.07657117768432159 0.058529231375734569 0.05281690879249936 -0.012271470473400941 -0.084173340769078134 0.10689937744224763 0.0015093007543214793 0.010296853061615947 -0.027743486529670573 -0.014182711815824686 0.082932837002694437 -0.026839884218693794 0.081013917640197622 0.14317400117664936 0.0374797905109093 0.018160373844945593 0.028326914233575133 0.005831191848014998 0.061325702317697718 0.082064805250159467 0.01368973835918866 0.054140237750607285 -0.068991841167270029 -0.080397358806750391 -0.016840514377252921
leaf_weight=183.828070551157 3852.3693435322493 41.212286623194814 414.57520450651646 713.30725991539657 656.8674850333482 310.96748599782586 187.68220450729132 105.55156484246254 755.80699359998107 13.950134554877875 113.68884652666748 365.64698477834463 126.46217717416584 418.20331363379955 199.78753720037639 21.331379238516092 43.548688970506191 150.35627229884267 39.05810322239995 153.22695869021118 428.00125024467707 135.6691745147109 45.447832673788071 70.06031921505928 326.11039324477315 490.41583309695125 57.34675394743681 51.254421129822731 3595.7596423178911 122.71850485913455
leaf_count=6285 121420 1764 21677 22600 36077 7334 1865 894 9018 359 1530 3345 1439 4423 2387 241 599 3381 410 1487 4440 1223 570 901 6983 3379 551 499 233556 4065
internal_value=-0.000966246 -0.0384323 -0.0601539 -0.0669666 -0.00311616 0.0713178 -0.0277298 -0.0215337 -0.0372896 0.029685 0.0097236 0.036433 0.056029 -0.0115083 0.0210374 -0.053451 0.018101 0.0567913 0.0106467 -0.0142518 0.0286147 0.0618651 -0.0716788 0.00269473 0.0662768 0.00718998 -0.00758786 -0.0071582 -0.0776193 -0.0590273
internal_weight=14190.2 9346.01 5786.79 5255.16 3559.22 4844.2 1122.11 2279.37 1515.47 1279.84 763.906 991.834 240.151 523.755 387.47 734.639 680.867 193.905 804.114 337.055 467.059 475.73 702.315 486.962 461.78 531.628 813.154 416.901 4133.05 537.294
internal_count=504702 367223 291534 286391 75689 137479 27093 54502 46216 21187 8286 16059 2969 5317 4252 22841 8725 3980 12622 7772 4850 8565 36647 4745 8206 5143 9569 3844 259298 25742
is_linear=0
shrinkage=0.08


Tree=39
num_leaves=31
num_cat=0
split_feature=8 4 3 10 7 11 5 4 0 2 0 8 0 1 10 5 15 4 4 15 4 7 0 15 0 4 11 7 10 5
split_gain=5335.81 1073.8 1059.52 310.9 466.841 244.208 186.342 191.675 350.439 215.513 162.01 127.083 126.952 108.738 93.7506 93.2583 92.2926 90.847 90.2864 78.6647 73.683 43.6759 40.0022 39.559 44.276 80.3599 38.6932 33.5408 27.1799 21.5637
threshold=0.69592735171318065 0.43650794029235845 0.48834688961505895 1.0000000180025095e-35 1.0000000180025095e-35 1.5000000000000002 0.13392857462167743 0.11805555596947671 0.53144779801368724 0.28730159997940069 0.72046512365341198 0.48989796638488775 0.79502627253532421 0.90815371274948131 1.0000000180025095e-35 0.46428571641445165 1.0000000180025095e-35 0.27922078967094427 0.38750000298023229 1.0000000180025095e-35 0.11805555596947671 0.34302620589733129 0.93127068877220165 1.0000000180025095e-35 0.55834907293319713 0.074175827205181136 3.5000000000000004 0.23201345652341845 1.0000000180025095e-35 0.38750000298023229
decision_type=2 2 2 2 2 2 2 2 2 2 2 2 2 2 2 2 2 2 2 2 2 2 2 2 2 2 2 2 2 2
left_child=1 12 6 4 22 -4 7 8 9 -2 18 -6 23 19 27 -5 -13 -12 -9 -7 -21 -17 29 24 -1 -26 -23 -14 -8 -3
right_child=2 3 5 15 11 13 28 10 -10 -11 17 16 14 -15 -16 21 -18 -19 -20 20 -22 26 -24 -25 25 -27 -28 -29 -30 -31
leaf_value=-0.073996805857997852 0.023742114634048184 -0.047391997155739815 0.080273525014752545 -0.032924647827489426 -0.077218784828076134 0.060494875087426354 -0.072018565507608059 -0.096429431160707305 0.10269494117530771 -0.053563891257435776 0.094450180592984184 0.065182192198753472 0.018706685374891605 0.070918088931314238 0.11196505448162065 0.21218608153319873 -0.048029157762527176 -0.14316218587380181 0.11415279485655296 0.088277980881967408 -0.0094133473241099896 0.08979933102662041 0.033499968352439534 -0.07920911571671016 0.12090653281852949 -0.044560078639883781 -0.047119648485391463 -0.064766701842732713 0.080044821185577514 0.0060634733804839393
leaf_weight=392.43937841895968 442.9343130979687 51.053456157445908 3704.9686181973666 46.672260445542634 727.30983335711062 202.79341588914394 7.8669936154037705 293.05468173697591 190.20439515449107 481.88571517914534 54.832464687526226 74.941882647573948 47.403158340603113 394.87046226859093 34.627556486055255 17.550677077844739 119.68884315062314 12.679257268086074 13.6367896720767 55.583816394209862 445.03416902758181 207.47713562566787 394.65106777846813 3628.0689457980916 20.563545005396008 217.11928457859904 14.107742159627376 87.997740576975048 171.93776994012296 894.47007222473621
leaf_count=19465 5765 286 123322 1282 44413 3377 119 4995 2564 9067 1049 866 366 9468 470 193 2278 114 115 511 3837 3602 3097 243242 470 7759 296 4986 2765 4563
internal_value=-0.000943713 -0.049481 0.0513721 -0.00810342 -0.0180366 0.0704523 -0.00353796 -0.0128262 0.00380041 -0.0165389 -0.062369 -0.0618539 -0.0732889 0.037321 -0.00550197 0.0705156 -0.00443752 0.0498246 -0.0870661 0.0184608 0.00143336 0.0907041 0.0121065 -0.0759956 -0.0574934 -0.0302444 0.081082 -0.0355431 0.0733916 0.00317715
internal_weight=13448.4 6976.14 6472.28 2547.92 2262.12 4803.25 1669.03 1489.23 1115.02 924.82 374.203 921.941 4428.22 1098.28 170.028 285.808 194.631 67.5117 306.691 703.411 500.618 239.136 1340.17 4258.19 630.122 237.683 221.585 135.401 179.805 945.524
internal_count=504702 337634 167068 60876 55503 140515 26553 23669 17396 14832 6273 47557 276758 17193 5822 5373 3144 1163 5110 7725 4348 4091 7946 270936 27694 8229 3898 5352 2884 4849
is_linear=0
shrinkage=0.08


Tree=40
num_leaves=31
num_cat=0
split_feature=16 11 7 8 15 5 11 0 7 4 0 15 16 10 1 7 5 4 0 8 4 8 5 4 3 10 7 8 3 8
split_gain=4922.98 973.969 378.523 328.213 271.909 253.533 242.043 140.705 214.738 160.813 124.47 104.087 99.1566 70.1209 55.1059 56.1977 48.766 43.5665 41.3777 102.29 71.2366 39.6164 37.2849 34.3457 30.5871 28.8229 26.1843 25.9888 22.3063 21.1125
threshold=0.72681182622909557 1.5000000000000002 1.0000000180025095e-35 0.54126495122909557 1.0000000180025095e-35 0.46428571641445165 1.5000000000000002 0.61143791675567638 0.73978170752525341 0.11805555596947671 0.75582656264305126 1.0000000180025095e-35 0.58886051177978527 1.0000000180025095e-35 0.9529346525669099 0.64414930343627941 0.38750000298023229 0.31666667759418493 0.55625879764556896 0.65889152884483349 0.074175827205181136 0.97845596075057995 0.38750000298023229 0.44949495792388922 0.37089946866035467 1.0000000180025095e-35 0.97685134410858165 0.41542178392410284 0.40289855003356939 0.54589802026748668
decision_type=2 2 2 2 2 2 2 2 2 2 2 2 2 2 2 2 2 2 2 2 2 2 2 2 2 2 2 2 2 2
left_child=1 4 22 -4 12 10 28 8 23 29 -5 -8 18 -7 21 -16 -11 -10 19 -1 -20 25 -3 -6 26 -13 -14 -26 -2 -9
right_child=6 2 3 5 7 13 11 9 17 16 -12 14 24 -15 15 -17 -18 -19 20 -21 -22 -23 -24 -25 27 -27 -28 -29 -30 -31
leaf_value=-0.068473306129676392 0.039311035920124845 -0.051335699121991978 -0.078497862976451047 -0.057306519713693688 -0.069792670602858764 -0.0021917727725785383 0.07462310527360648 -0.081709314855081441 -0.00068184401487834641 -0.042035220449036632 0.044908807900597598 -0.024724107629638611 -0.003364069471301584 0.080717649021739182 -0.029151191539491066 0.082173538620283093 0.0013880603630004357 0.095929776374003156 0.13197478240620689 0.024928181316381925 0.016516060803730123 0.055946917257462037 0.014652174694601639 0.020399799766562851 -0.021208229204083204 0.018011435538212044 0.077299594675711958 0.076746734332334268 0.080568243282325702 0.10916525427966735
leaf_weight=123.6232497766614 86.105656376108527 62.273020423948765 3340.4196347789839 927.23274563811719 675.62050798069686 129.75065948162228 274.85037467628717 3.8680245047435156 368.85449008457363 214.12466207705438 83.076287491247058 244.25467153638601 78.152670629322529 131.40346491057426 37.801951976493001 124.93832846730947 729.19719018507749 32.505142265930772 37.23458705842495 190.96009944938123 419.67668367549777 75.457687575370073 456.6868725605309 28.147421842440963 18.394800489768386 172.22072053700686 38.414760131388903 300.75629312358797 3230.7400568556041 90.046575773507357
leaf_count=5779 2059 1847 246352 35872 36374 1903 7334 201 2390 5989 807 2057 582 1457 562 3204 7401 397 416 1960 4467 1033 3296 372 350 1869 500 7133 119361 1378
internal_value=-0.000928205 -0.0361365 -0.058042 -0.0653311 -0.00258177 -0.0307389 0.0693862 -0.0196919 -0.0395542 0.00147054 -0.0489015 0.0333068 0.0277824 0.0395253 0.015961 0.0563146 -0.00846859 0.0071425 0.010552 -0.0117762 0.025925 0.00261131 0.00673391 -0.0661854 0.058291 -0.00705212 0.0232186 0.0711009 0.0794972 0.101304
internal_weight=12726.8 8480.42 5130.84 4611.88 3349.58 1271.46 4246.37 2142.36 1105.13 1037.24 1010.31 929.524 1207.21 261.154 654.673 162.74 943.322 401.36 771.495 314.583 456.911 491.933 518.96 703.768 435.719 416.475 116.567 319.151 3316.85 93.9146
internal_count=504702 367223 291534 286391 75689 40039 137479 54502 39533 14969 36679 16059 21187 3360 8725 3766 13390 2787 12622 7739 4883 4959 5143 36746 8565 3926 1082 7483 121420 1579
is_linear=0
shrinkage=0.08


Tree=41
num_leaves=31
num_cat=0
split_feature=16 11 7 8 11 2 15 9 2 8 15 16 5 4 4 9 4 5 6 5 9 2 7 2 5 16 11 15 9 8
split_gain=4444.7 900.903 358.026 326.81 244.786 243.923 236.638 130.67 214.262 110.368 98.074 89.9682 79.8096 66.5302 49.9372 51.4432 40.4947 68.1788 39.7559 82.6034 38.215 34.5208 33.2459 32.7415 31.2153 25.5479 25.0369 18.5715 30.0537 17.4757
threshold=0.72681182622909557 1.5000000000000002 1.0000000180025095e-35 0.54126495122909557 1.5000000000000002 0.94609123468399059 1.0000000180025095e-35 0.31698563694953924 0.78319624066352855 0.84356173872947704 1.0000000180025095e-35 0.58886051177978527 0.46428571641445165 0.10555555671453477 0.86607143282890331 0.26491229236125952 0.76388889551162731 0.91666665673255932 0.48435972630977636 0.38750000298023229 0.053342817351222045 0.92907443642616283 1.0000000180025095e-35 0.95040982961654674 0.46428571641445165 0.42405030131340032 4.5000000000000009 1.0000000180025095e-35 0.050641026347875602 0.5943126678466798
decision_type=2 2 2 2 2 2 2 2 2 2 2 2 2 2 2 2 2 2 2 2 2 2 2 2 2 2 2 2 2 2
left_child=1 6 21 27 -2 9 11 8 -8 -5 29 18 13 -9 16 -16 23 -18 25 -20 -13 -3 -10 -12 -22 -1 -7 28 -4 -6
right_child=4 2 3 5 10 26 7 12 22 -11 14 20 -14 -15 15 -17 17 -19 19 -21 24 -23 -24 -25 -26 -27 -28 -29 -30 -31
leaf_value=-0.0085145608493681964 0.079085637591830946 -0.020045351215629916 -0.078107011437685475 -0.055744222282573287 0.0026726566361280537 0.091336843690159361 -0.068510215441355479 0.013764415913451287 0.0027319337986053283 0.0020410746231084181 -0.0098154398898555404 -0.083905695642191899 0.09580827101253174 -0.049473545079131431 -0.024818480277044461 0.082389406033762186 -0.27024625698951626 -0.019058898687945844 -0.030830776299850787 0.027501315050998187 0.041041098839703055 0.022563590376486264 -0.041476872676932487 0.033489934828494002 0.085886459222653019 0.07093146393603017 -0.049422876262241511 -0.080516347974755667 -0.03125174525918064 0.079517633057434547
leaf_weight=35.357850404456258 3077.1976151894778 197.27221762947738 250.99350254703313 825.6421463470906 20.583355028182268 107.70346971042454 608.25081922486424 521.22769522108138 632.54969889298081 284.40704665705562 250.40678503736854 12.128844074904917 62.003385962918401 133.8073340319097 38.381665060296655 112.92349429056048 8.853650236502288 31.594128802418709 280.86132815480232 347.72470776364207 232.48228070512414 317.6225457303226 131.50038863159716 201.77087295986712 173.45094733498991 96.902244368568063 8.7438638033345324 2710.0824453029782 134.59196465555578 237.2516347002238
leaf_count=1173 121420 2909 16766 34233 187 1217 38090 5956 3623 4495 2208 359 904 1426 571 3037 96 434 6836 3284 4029 2234 4503 2379 4177 1329 94 222726 6860 7147
internal_value=-0.000902874 -0.0348968 -0.0568203 -0.0643325 0.0683441 -0.0293838 -0.00244957 -0.0186196 -0.0330813 -0.040939 0.0316894 0.026208 0.00905796 0.000846476 0.014995 0.0551939 0.00264831 -0.0740415 0.009826 0.00143769 0.0560222 0.00623878 -0.00487683 0.0095083 0.060203 0.0496927 0.0807674 -0.0781791 -0.0617518 0.073383
internal_weight=12084.3 8105.31 4837.06 4322.16 3978.96 1226.5 3268.25 2089.34 1372.3 1110.05 901.766 1178.91 717.038 655.035 643.931 151.305 492.625 40.4478 760.846 628.586 418.062 514.895 764.05 452.178 405.933 132.26 116.447 3095.67 385.585 257.835
internal_count=504702 367223 291534 286391 137479 40039 75689 54502 46216 38728 16059 21187 8286 7382 8725 3608 5117 530 12622 10120 8565 5143 8126 4587 8206 2502 1311 246352 23626 7334
is_linear=0
shrinkage=0.08


Tree=42
num_leaves=31
num_cat=0
split_feature=16 11 15 11 16 8 4 4 8 8 8 15 9 8 15 9 6 0 1 9 5 8 4 0 0 8 16 0 9 6
split_gain=4008.47 831.71 346.786 246.239 208.526 201.133 177.261 150.743 128.749 121.128 102.343 102.054 96.138 109.947 92.9725 68.1665 57.8755 51.5322 47.0166 48.8025 40.1051 57.9189 46.3141 37.9433 35.2219 34.4773 33.026 32.4152 29.1597 29.0369
threshold=0.72681182622909557 1.5000000000000002 1.0000000180025095e-35 1.5000000000000002 0.49957600235939031 1.0000000180025095e-35 0.31666667759418493 0.44949495792388922 0.96437636017799389 0.65889152884483349 0.73735308647155773 1.0000000180025095e-35 0.050641026347875602 1.0000000180025095e-35 1.0000000180025095e-35 0.18019481003284457 0.54631218314170849 0.6776927411556245 0.94185259938240062 0.26491229236125952 0.46428571641445165 0.46920476853847509 0.087121214717626586 0.22401433438062671 0.93788579106330883 0.98101189732551586 0.39022776484489446 0.43792808055877691 0.64495798945426952 0.40946348011493688
decision_type=2 2 2 2 2 2 2 2 2 2 2 2 2 2 2 2 2 2 2 2 2 2 2 2 2 2 2 2 2 2
left_child=1 4 7 -2 6 26 9 10 15 -1 -3 20 13 -9 -5 -7 27 -18 25 -20 22 -22 -6 -11 -8 28 -4 -13 -16 -10
right_child=3 2 5 14 11 8 24 12 29 23 -12 16 -14 -15 18 -17 17 -19 19 -21 21 -23 -24 -25 -26 -27 -28 -29 -30 -31
leaf_value=-0.07487739874830926 0.078664973366600735 -0.062642904221516471 -0.041168171698385908 0.072462629042313847 0.042643964515843728 -0.080140644284630649 -0.0024843927808739443 0.035027769275546586 0.29670400480628528 0.054604673884766461 0.016146436238517706 0.016548931543555693 0.071668853346615019 -0.073329038842524952 0.0052263984300859783 -0.050932879518942098 -0.029885143380074718 0.01110410464193695 -0.022018307895521731 0.079056280323266781 0.020064668179233077 0.091415738774788355 -0.01407765146214063 -0.022794844849600756 0.067080310809221444 0.05696444334170174 0.010808563620700014 0.083637744813832557 -0.04434288125047222 0.054007797830989815
leaf_weight=496.4201620714739 2855.1938055604696 378.7993721049279 122.68483805842698 240.96951011754572 274.06366419792175 2618.8598506767303 725.88798151724041 153.94643676280975 3.4931258745491496 55.67423895560205 146.25012432411313 156.66219387110323 163.10187680833042 98.133722133934498 315.04234749637544 635.48580863326788 404.09202617499977 381.74025454279035 41.666468860581517 114.83021090179682 123.90232226625085 176.57755892723799 138.78175975568593 149.07713786885142 49.775891430675983 62.602887865155935 215.95786556787789 65.306464476510882 100.07930677756667 32.597968792542815
leaf_count=36103 121420 21508 2344 7334 4158 229746 6361 1241 28 609 1919 1076 2327 6347 2884 24449 7470 6841 599 3381 1682 4443 2182 3286 327 901 1290 1151 960 335
internal_value=-0.00087494 -0.0336103 -0.0555107 0.0672854 -0.00231851 -0.0667287 -0.0243718 -0.0122119 -0.0727707 -0.0535229 -0.0406965 0.0166046 0.0238105 -0.00715507 0.0301612 -0.0744372 0.000215532 -0.00997346 0.0140889 0.0521457 0.0397595 0.0619943 0.0235765 -0.00174903 0.00197971 0.001622 -0.00802178 0.0362875 -0.00672398 0.0774975
internal_weight=11497.7 7767.27 4569.31 3730.38 3197.96 3629.08 1476.84 940.232 3290.44 701.172 525.049 1721.13 415.182 252.08 875.191 3254.35 1007.8 785.832 634.221 156.497 713.325 300.48 412.845 204.751 775.664 477.725 338.643 221.969 415.122 36.0911
internal_count=504702 367223 291534 137479 75689 258192 46686 33342 254558 39998 23427 29003 9915 7588 16059 254195 16538 14311 8725 3980 12465 6125 6340 3895 6688 4745 3634 2227 3844 363
is_linear=0
shrinkage=0.08


Tree=43
num_leaves=31
num_cat=0
split_feature=8 4 3 11 15 7 5 4 0 2 0 0 8 8 1 7 4 8 4 15 4 15 0 4 7 7 11 4 4 13
split_gain=3549.22 891.009 831.453 242.605 190.575 212.357 147.937 155.629 302.418 190.36 135.513 125.835 118.215 101.359 90.6402 84.3177 81.0542 75.4803 74.5143 68.9592 63.7108 44.7077 43.4833 63.6988 35.9783 31.7258 31.6562 30.614 28.502 28.0096
threshold=0.69592735171318065 0.43650794029235845 0.48834688961505895 1.5000000000000002 1.0000000180025095e-35 1.0000000180025095e-35 0.23611111193895343 0.11805555596947671 0.51649147272109996 0.28730159997940069 0.72046512365341198 0.79502627253532421 0.46920476853847509 0.49743561446666723 0.94185259938240062 0.28505899012088781 0.27922078967094427 0.51195240020751964 0.44949495792388922 1.0000000180025095e-35 0.11805555596947671 1.0000000180025095e-35 0.55834907293319713 0.074175827205181136 0.43842941522598272 0.23201345652341845 3.5000000000000004 0.16025641560554507 0.81666666269302379 1.0000000180025095e-35
decision_type=2 2 2 2 2 2 2 2 2 2 2 2 2 2 2 2 2 2 2 2 2 2 2 2 2 2 2 2 2 2
left_child=1 11 6 -4 12 -6 7 8 9 -2 18 21 15 -7 19 28 -12 25 -9 -5 -21 22 -1 -24 -14 -13 -26 -19 -3 -15
right_child=2 4 3 14 5 13 -8 10 -10 -11 16 17 24 29 -16 -17 -18 27 -20 20 -22 -23 23 -25 26 -27 -28 -29 -30 -31
leaf_value=-0.071570793866870694 0.022405229854304553 0.011261495415507326 0.078766819972284158 0.059481730619521438 0.0021586473412797428 -0.078842580333760182 0.075408251908067006 -0.090149870298110099 0.098184817892429929 -0.05312536869168711 0.094764002843824899 0.018182562202874258 0.13871915459765002 -0.017121003892604174 0.078206425614789271 -0.0457303466447853 -0.13102598730227893 0.17112926851105414 0.11196432228347787 0.088487548491911414 -0.0036705437865831993 -0.078178856801556659 0.10905322918692407 -0.0390102052383072 0.069671648037643696 -0.068340008242756517 -0.055187080529735963 0.02635549766692236 0.055987224078998879 0.088077673473655929
leaf_weight=311.57006467785686 422.68804454710335 315.22002121340483 2770.8193302005529 202.79076038300991 876.44825580716133 449.76540303882211 138.24480363447219 270.79269413184375 180.60256308037788 431.62491602730006 49.809710878878832 46.912362811155617 46.328417028300464 146.50042105093598 215.94814220443368 146.89653970766813 12.787556078284977 18.904812347143888 12.200125917792318 53.023494359105825 507.68861446715891 2719.0508974455297 20.621119987219572 189.33818633761257 152.05694830883294 64.295736789703369 14.210224247537552 18.491842833347619 128.30528761725873 18.21184535510838
leaf_count=19465 5765 2484 123322 4405 4572 38461 2595 5160 2756 8916 1112 366 442 2579 7292 7080 124 174 125 512 4984 243242 470 7759 3120 4984 175 298 1567 396
internal_value=-0.000851346 -0.0447022 0.0464458 0.0666693 -0.00619926 -0.0231218 -0.00349225 -0.0113934 0.00412847 -0.0157551 -0.0578757 -0.0707626 0.0252201 -0.0591801 0.032446 0.00680137 0.048639 0.00122166 -0.0814365 0.0195032 0.00504435 -0.0740636 -0.052608 -0.0244682 0.0763726 -0.0318411 0.0590004 0.0995417 0.0242 -0.00548944
internal_weight=10952.1 5683.13 5269.02 3750.27 2293.94 1490.93 1518.75 1380.51 1034.92 854.313 345.59 3389.19 803.017 614.478 979.451 590.422 62.5973 148.605 282.993 763.503 560.712 3240.58 521.529 209.959 212.596 111.208 166.267 37.3967 443.525 164.712
internal_count=504702 337634 167068 140515 60876 46008 26553 23958 17437 14681 6521 276758 14868 41436 17193 11131 1236 5822 5285 9901 5496 270936 27694 8229 3737 5350 3295 472 4051 2975
is_linear=0
shrinkage=0.08


Tree=44
num_leaves=31
num_cat=0
split_feature=16 11 8 8 11 0 15 0 8 8 8 15 6 2 16 16 6 6 0 11 10 3 3 5 10 16 5 8 8 3
split_gain=3267.58 722.006 306.866 315.941 247.356 214.946 168.344 103.788 172.148 108.15 100.085 82.4897 81.4604 75.5265 65.9125 39.6971 35.2863 34.5575 61.3689 33.2531 31.0599 28.3945 27.3472 26.5791 23.6121 23.0451 21.6163 20.8142 20.4405 19.3486
threshold=0.72681182622909557 1.5000000000000002 1.0000000180025095e-35 0.52420487999916088 1.5000000000000002 0.61620295047760021 1.0000000180025095e-35 0.61143791675567638 0.85798320174217235 0.54589802026748668 1.0000000180025095e-35 1.0000000180025095e-35 0.4403389841318131 0.94609123468399059 0.58886051177978527 0.94187903404235851 0.55051019787788402 0.48435972630977636 0.60107529163360607 4.5000000000000009 1.0000000180025095e-35 0.40289855003356939 0.38956639170646673 0.38750000298023229 1.0000000180025095e-35 0.7688768506050111 0.38750000298023229 0.41542178392410284 0.60723635554313671 0.73765182495117199
decision_type=2 2 2 2 2 2 2 2 2 2 2 2 2 2 2 2 2 2 2 2 2 2 2 2 2 2 2 2 2 2
left_child=1 6 23 -4 21 12 14 8 26 10 -9 28 -5 -7 17 19 -10 -1 -19 24 -11 25 -16 29 -13 -2 -8 -24 -6 -3
right_child=4 2 3 5 11 13 7 9 16 20 -12 15 -14 -15 22 -17 -18 18 -20 -21 -22 -23 27 -25 -26 -27 -28 -29 -30 -31
leaf_value=0.047642697348584714 -0.027393703726784686 -0.073773814758029965 -0.077961032835545063 0.0060243981971715814 -0.0033326407940483102 -0.0010138090238776107 -0.068901789466531332 0.0011784885450036385 0.029501052730690727 -0.053449841783866719 -0.076106367753843135 -0.0049918510836514827 -0.065608239456491149 0.078032675551374164 0.019443984361034818 0.076852260876820275 -0.01738481977989819 -0.034322606335394475 0.019763237786073834 -0.12240530017327879 0.060881287915076694 0.079294952432936716 -0.018706632220615922 0.012256667211891432 0.028721110700349928 0.066390391537612573 -0.011707247333020056 0.071880190739496183 0.078481969419606099 0.034476385411924139
leaf_weight=123.7356781726703 28.795647833496332 41.683521525934339 2416.4198076017201 121.85357987321913 21.759732820093632 333.79361125361174 500.58906139805913 642.24674090836197 191.54595421813428 16.4552380181849 128.73698844853789 320.07578748930246 611.35773777030408 100.69703898392618 121.72570149973035 55.731242591515183 221.55936397053301 204.55366098042578 390.73363671638072 12.606360739096997 200.51405031606555 2391.8881502477452 17.439394265413284 440.53721248917282 227.43841368705034 40.148806361481547 46.194104420021176 234.75041828304529 191.91438855230808 14.156431153416632
leaf_count=2502 544 1681 241207 4652 213 6207 34439 4427 1483 235 7225 3519 33013 1312 1223 1938 1694 5998 4122 111 3082 119361 350 3296 3157 1515 1917 6992 7121 166
internal_value=-0.000831845 -0.0312958 -0.0532854 -0.0614497 0.0651008 -0.0272816 -0.0017874 -0.0158874 -0.034622 0.00231509 -0.0117263 0.0273214 -0.0537035 0.0173059 0.0233416 0.0124616 0.00435491 0.00917418 0.00117817 0.00605482 0.0522103 0.077836 0.050585 0.00566591 0.00901258 0.0272201 -0.0640698 0.0656159 0.0701503 -0.0463304
internal_weight=10411.6 7121.28 4080.5 3584.12 3290.36 1167.7 3040.78 1947.84 959.888 987.953 770.984 829.526 733.211 434.491 1092.94 615.852 413.105 719.023 595.287 560.121 216.969 2460.83 373.916 496.377 547.514 68.9445 546.783 252.19 213.674 55.84
internal_count=504702 367223 291534 286391 137479 45184 75689 54502 39533 14969 11652 16059 37665 7519 21187 8725 3177 12622 10120 6787 3317 121420 8565 5143 6676 2059 36356 7342 7334 1847
is_linear=0
shrinkage=0.08


Tree=45
num_leaves=31
num_cat=0
split_feature=8 4 2 10 7 11 4 5 2 8 15 6 15 5 6 1 15 8 7 11 10 1 7 10 5 7 8 4 11 9
split_gain=2884.55 829.826 622.622 226.364 272.649 181.462 132.169 161.114 153.555 114.967 94.2493 87.8856 80.9221 71.1297 69.3364 66.3013 58.8151 49.4215 61.5171 41.3819 40.8381 38.3541 36.6364 35.8418 34.1344 33.0621 32.6897 30.8354 28.4835 28.1506
threshold=0.72792208194732677 0.43650794029235845 0.75716626644134533 1.0000000180025095e-35 1.0000000180025095e-35 1.5000000000000002 1.0000000180025095e-35 0.46428571641445165 0.47673159837722784 0.45910002291202551 1.0000000180025095e-35 0.55051019787788402 1.0000000180025095e-35 0.46428571641445165 0.84409722685813915 0.9529346525669099 1.0000000180025095e-35 0.54126495122909557 0.24575784057378772 1.5000000000000002 1.0000000180025095e-35 0.76506900787353527 0.80712324380874645 1.0000000180025095e-35 0.17424242943525317 0.34302620589733129 0.93629321455955516 0.68333333730697643 3.5000000000000004 0.26794873178005224
decision_type=2 2 2 2 2 2 2 2 2 2 2 2 2 2 2 2 2 2 2 2 2 2 2 2 2 2 2 2 2 2
left_child=1 10 6 4 27 -4 8 14 11 -6 17 -2 -7 -5 24 23 -11 18 -1 -19 -9 29 -13 -14 -8 -15 -16 -3 -27 -12
right_child=2 3 5 13 9 12 7 20 -10 16 21 22 15 25 26 -17 -18 19 -20 -21 -22 -23 -24 -25 -26 28 -28 -29 -30 -31
leaf_value=0.019970388815679481 0.031925594814221983 -0.0025067383620522004 0.079316577171301736 -0.026910080094214212 -0.077397213024424913 0.075639645036701467 -0.11590369859547434 -0.061550231928071061 0.078832439179687561 0.043320074972220193 -0.078413099453566823 -0.040754781718437959 -0.013972596180276846 0.18811943712443771 -0.046732105595419418 0.080829371458871424 -0.039672926123042962 0.024174499511421171 -0.072354554565246726 -0.04388244915874534 0.088343650389572079 -0.028363619179935125 0.0041821659102466748 0.031456542519571126 -0.037469151637540013 0.080115523540141273 0.014349660216064439 0.022445566339397097 -0.040965144356550916 -0.039464578139709217
leaf_weight=55.037512824870646 433.65906815510243 733.99938745051622 2197.2874394375831 46.713643552735448 456.10364575963467 213.65880526788533 110.92239604145288 13.63593517243862 233.62661044672132 87.939365769736469 2284.204892937094 230.87344371154904 263.0879675578326 17.15096446312964 144.10318305157125 88.673364019021392 144.36333463154733 115.62036255002022 287.29187699221075 113.12729790527374 79.180065734311938 111.34929891303182 233.59983456879854 192.45452361740172 52.232067784294486 204.54547413624823 91.794745516031981 557.86695563793182 13.239187804982064 125.27799485716969
leaf_count=1220 5919 3690 115713 1408 42621 7365 2230 138 6775 1474 238197 5844 2387 206 2381 3198 3960 2743 21056 4762 1799 6583 2267 2313 732 4928 1932 4256 311 6294
internal_value=-0.000810545 -0.04068 0.0458075 -0.00385643 -0.0134008 0.067674 0.00600832 -0.0286147 0.0210557 -0.0540653 -0.0676187 0.00602648 0.0339191 0.0632499 -0.0506962 0.0175396 -0.0082555 -0.0382733 -0.0575111 -0.00948311 0.0663222 -0.0742667 -0.0181544 0.00522 -0.0907938 0.0811769 -0.0229634 0.00826842 0.072755 -0.076388
internal_weight=9932.62 5353.83 4578.79 2261.92 1980.27 2955.16 1623.63 491.868 1131.76 688.406 3091.91 898.132 757.875 281.649 399.052 544.216 232.303 571.077 342.329 228.748 92.816 2520.83 464.473 455.542 163.154 234.936 235.898 1291.87 217.785 2409.48
internal_count=504702 343709 160993 62854 56001 130976 30017 9212 20805 48055 280855 14030 15263 6853 7275 7898 5434 29781 22276 7505 1937 251074 8111 4700 2962 5445 4313 7946 5239 244491
is_linear=0
shrinkage=0.08


Tree=46
num_leaves=31
num_cat=0
split_feature=8 2 3 11 10 7 0 6 5 0 8 1 15 0 5 8 7 15 0 6 3 15 0 0 7 9 0 6 2 9
split_gain=2577.11 705.066 689.67 233.004 191.716 324.686 115.885 133.337 140.794 94.6203 90.0996 79.5554 61.5882 56.5405 54.4985 52.3853 50.13 49.4883 48.7589 57.9283 45.5975 43.9134 34.7335 31.1114 26.8984 32.4743 22.1017 19.1502 18.3716 17.3477
threshold=0.68775001168251049 0.82413583993911754 0.51899951696395885 1.5000000000000002 1.0000000180025095e-35 1.0000000180025095e-35 0.72046512365341198 0.55051019787788402 0.46428571641445165 0.79502627253532421 0.45910002291202551 0.9529346525669099 1.0000000180025095e-35 0.22401433438062671 0.15476191043853763 0.51491078734397899 0.73226860165596019 1.0000000180025095e-35 0.55834907293319713 0.48435972630977636 0.72065573930740368 1.0000000180025095e-35 0.52689418196678173 0.93127068877220165 0.30028901994228369 0.10762548446655275 0.4246212244033814 0.99264705181121837 0.96039214730262767 0.26794873178005224
decision_type=2 2 2 2 2 2 2 2 2 2 2 2 2 2 2 2 2 2 2 2 2 2 2 2 2 2 2 2 2 2
left_child=1 9 6 -4 5 23 7 16 13 17 -7 12 -5 -9 -14 -11 22 18 -1 -20 27 -12 -2 28 -22 -26 -18 -6 -3 -19
right_child=2 4 3 11 20 10 -8 8 -10 15 21 -13 14 -15 -16 -17 26 29 19 -21 24 -23 -24 -25 25 -27 -28 -29 -30 -31
leaf_value=-0.06995491057623647 -0.027516626693179884 -0.014644944367640519 0.077920907297923864 0.059030997750245583 -0.031377453929600126 -0.077625634220445841 0.064017514952474291 0.044330595892158861 0.10304987614031869 -0.02426679798386187 0.031781214333273793 0.079101505616704995 0.077939781843732986 -0.041211536318460563 -0.0041776601188877388 0.13595174616466829 0.031919225301163909 -0.077856266446519246 0.2473410041313131 -0.023924775693433317 0.25675261784441261 -0.043722085104030611 0.12927822705554134 0.027380706253579867 0.0028694483183167082 0.09211930105072795 0.087225621346035953 0.1475473026991343 0.008600653831064094 -0.035718657181836602
leaf_weight=258.03015859611332 127.55695697385818 345.03792019560933 2193.7157386923209 175.49192941561341 36.774209608323872 504.15893594641238 152.87031383812428 52.810488461516798 49.548372749239206 36.749763811938465 79.154942472465336 166.94580319523811 57.867887105792761 777.49139834940434 487.19464532379061 20.261381583288312 288.00695532094687 2072.6252083973959 5.1798956757411352 184.26340144779533 5.3949206331744781 130.70833047665656 9.7318550329655391 371.65047034621239 32.141754179261625 138.61958549451083 55.089388158172369 4.2732237055897704 589.10432844795287 64.474274876527488
leaf_count=18939 3264 1980 122003 4577 1188 51339 3823 582 1005 2550 1179 6922 564 16309 5033 240 3285 232307 143 7510 57 4518 99 3153 752 2977 1114 74 3272 3944
internal_value=-0.000790874 -0.0412836 0.0422074 0.0639281 -0.0082349 -0.0159149 -0.00202353 -0.00944557 -0.0279531 -0.0692708 -0.0592907 0.0293408 0.0178118 -0.0357707 0.00454054 0.0326738 0.0244519 -0.0715196 -0.0473274 -0.0165076 0.0631829 -0.0152442 -0.0164021 0.00780344 0.0808767 0.0753201 0.0407995 -0.0127506 1.45816e-05 -0.076585
internal_weight=9472.92 4878.6 4594.32 3081.22 2237.02 2019.81 1513.11 1360.24 879.85 2641.58 714.022 887.5 720.554 830.302 545.063 57.0111 480.385 2584.57 447.473 189.443 217.204 209.863 137.289 1305.79 176.156 170.761 343.096 41.0474 934.142 2137.1
internal_count=504702 336122 168580 139099 70489 65441 29481 25658 17896 265633 57036 17096 10174 16891 5597 2790 7762 262843 26592 7653 5048 5697 3363 8405 3786 3729 4399 1262 5252 236251
is_linear=0
shrinkage=0.08


Tree=47
num_leaves=31
num_cat=0
split_feature=8 4 3 11 10 7 0 8 5 4 0 2 0 1 8 4 15 4 5 15 3 4 15 5 7 8 4 11 0 7
split_gain=2306.84 733.078 574.116 206.352 174.714 222.384 140.497 108.246 99.4598 130.013 247.142 136.433 113.303 71.1066 70.7159 70.6891 60.9597 60.4124 59.9048 59.2607 47.2264 44.5231 44.1316 42.9686 33.9129 31.4688 29.4695 25.0805 23.3651 20.9061
threshold=0.72792208194732677 0.43650794029235845 0.51899951696395885 1.5000000000000002 1.0000000180025095e-35 1.0000000180025095e-35 0.77836257219314586 0.45910002291202551 0.23611111193895343 0.11805555596947671 0.53144779801368724 0.25176055729389196 0.72046512365341198 0.9529346525669099 0.51195240020751964 0.27922078967094427 1.0000000180025095e-35 0.44949495792388922 0.46428571641445165 1.0000000180025095e-35 0.90595519542694103 0.16025641560554507 1.0000000180025095e-35 0.11805555596947671 0.23201345652341845 0.58851018548011791 0.10555555671453477 3.5000000000000004 0.93957647681236278 0.36074022948741918
decision_type=2 2 2 2 2 2 2 2 2 2 2 2 2 2 2 2 2 2 2 2 2 2 2 2 2 2 2 2 2 2
left_child=1 6 8 -4 5 28 16 -7 9 10 11 -2 17 19 24 -14 20 -11 -6 -5 25 -16 -9 -21 -8 -1 -22 29 -3 -20
right_child=2 4 3 13 18 7 14 22 -10 12 -12 -13 15 -15 21 -17 -18 -19 27 23 26 -23 -24 -25 -26 -27 -28 -29 -30 -31
leaf_value=-0.066565058000488703 0.034788816959620002 0.00084153268013903763 0.07764561175505813 0.062545292341137843 -0.026435984479560359 -0.076609628550649927 0.018697992374935715 0.037691653311817334 0.065141070880316065 -0.085292798883318865 0.096092804543626897 -0.035543355043447626 0.090348246112531228 0.080349035783363207 0.15277595754451509 -0.12664842435406118 -0.076351403128148615 0.11182550005056978 0.15717115703251064 0.074273862785242645 0.237855227285351 0.005903805463320283 -0.034991651539709505 -0.0025986607653733828 -0.068290227930122446 -0.020073062182134307 0.016556755416668418 -0.026525296258586857 0.025583477202704867 0.073201565750076483
leaf_weight=292.29774986766279 271.81623267848045 945.26699430495501 1986.4559965841472 149.84319822490215 45.236216275021434 392.64862545579672 51.152256063185632 86.697575180791318 138.19360172562301 229.94203713349998 168.19173620641232 503.4853045148775 47.529664704576135 144.46291760914028 27.210585849825293 12.042086897417901 2080.325564772822 10.400764178484676 21.150892969220877 51.844563126564026 4.3780063632875672 25.672177695203573 139.47265515290201 454.48222182691097 65.298061830922961 136.77612319868058 32.005166571587324 14.643284143880008 329.39925689250231 184.55902887135744
leaf_count=21988 3261 5053 120083 4288 1408 42621 453 1474 3299 4345 3165 9179 1296 6612 304 134 245029 122 255 517 83 456 3960 4692 6477 4491 1574 344 2893 4846
internal_value=-0.00076838 -0.0381359 0.0429231 0.063826 -0.00334429 -0.0118673 -0.0658023 -0.0512157 0.000755995 -0.00639983 0.00818514 -0.0108853 -0.0522823 0.029538 0.00475933 0.0464836 -0.0704958 -0.0767626 0.0574196 0.0183514 -0.0443244 0.0814762 -0.00713004 0.00527258 -0.0300796 -0.0517448 0.0431857 0.0746343 0.00723535 0.0818352
internal_weight=9042.88 4874.19 4168.69 2787.09 2159.07 1893.49 2715.12 618.819 1381.6 1243.41 943.493 775.302 299.915 800.633 169.333 59.5718 2545.78 240.343 265.589 656.17 465.457 52.8828 226.17 506.327 116.45 429.074 36.3832 220.353 1274.67 205.71
internal_count=504702 343709 160993 136192 62854 56001 280855 48055 24801 21502 15605 12440 5897 16109 7690 1430 273165 4467 6853 9497 28136 760 5434 5209 6930 26479 1657 5445 7946 5101
is_linear=0
shrinkage=0.08


Tree=48
num_leaves=31
num_cat=0
split_feature=16 11 4 11 9 10 0 7 4 10 12 0 6 5 6 4 5 9 0 4 0 6 9 7 2 7 0 10 2 5
split_gain=2172.32 553.755 288.993 211.076 127.434 126.998 138.418 147.378 131.714 102.331 171.702 84.0638 64.7989 57.7957 53.888 49.6128 47.0834 44.8895 38.1786 34.5525 32.4021 35.2612 31.5078 28.681 28.062 24.775 23.0905 21.7187 24.7625 45.8479
threshold=0.74437829852104198 1.5000000000000002 0.43650794029235845 1.5000000000000002 0.19292803853750232 1.5000000000000002 0.60736888647079479 0.66024062037467968 0.11805555596947671 1.0000000180025095e-35 1.0000000180025095e-35 0.75582656264305126 0.48181217908859258 0.38750000298023229 0.4403389841318131 0.31666667759418493 0.46428571641445165 0.048199767246842391 0.94360822439193737 0.27922078967094427 0.4970588237047196 0.33615820109844213 0.050641026347875602 1.0000000180025095e-35 0.29818989336490637 0.64414930343627941 0.53694942593574535 1.0000000180025095e-35 0.96178188920021068 0.77500000596046459
decision_type=2 2 2 2 2 2 2 2 2 2 2 2 2 2 2 2 2 2 2 2 2 2 2 2 2 2 2 2 2 2
left_child=1 5 4 -2 23 6 7 15 -8 10 22 12 -6 -10 -9 -1 26 -12 27 -13 21 -7 -4 -3 -23 -20 -11 28 29 -5
right_child=3 2 9 18 11 20 8 14 13 16 17 19 -14 -15 -16 -17 -18 -19 25 -21 -22 24 -24 -25 -26 -27 -28 -29 -30 -31
leaf_value=-0.06680666028387737 0.077377028593265229 -0.021443863330144444 0.0066700374340563189 0.01315345608677311 0.010339800494134868 0.083298590577872228 0.098968994615246705 0.040356464639637962 -0.032524077343511149 0.18763008853069671 -0.07873679952624818 0.10224006626609634 -0.055888467794472395 0.011069873454668757 -0.015625380262501737 0.0047369998144863893 0.070500169810616964 -0.025624173251667909 0.0037973898027378935 -0.02761406649538824 0.070177769085575839 0.041806907894223859 0.10992790985653608 -0.077347475305878405 -0.032881459998246258 0.075727171991730305 -0.057229063972988325 0.033593586142842823 0.018101564825497067 -0.091274484766169894
leaf_weight=469.43269946239889 1774.7267110394314 60.951998168602586 432.24239016883075 65.948108436539769 118.27198949968442 43.821147709153593 98.955215744674206 165.18270934000611 236.87500116089359 2.6828337153419843 275.82579785073176 38.510691549628973 471.39762758882716 1091.5074369357899 329.69160495046526 71.480118802748621 120.58870445657521 161.45691932737827 40.395277246832848 19.886530192568898 171.84751151362434 57.99900032998994 19.778018140234053 1614.5185360885225 72.36557055125013 126.98269697278738 30.328108802437782 218.94003433547914 188.92353311926126 45.451337667182088
leaf_count=39305 118499 2349 4933 715 4059 873 2901 2420 7526 41 35277 402 21848 14118 3446 2186 2003 6196 732 180 4293 576 396 213835 966 5702 951 4420 3088 466
internal_value=-0.000745994 -0.0260751 -0.0479584 0.062805 -0.0636618 0.000149368 -0.00622615 -0.0284885 0.00992912 -0.0129718 -0.0233864 -0.0335376 -0.0426048 0.00329627 0.00306064 -0.0573524 0.047326 -0.0591261 0.0251414 0.0580197 0.0455314 0.0212159 0.0111881 -0.0753138 0.000347282 0.0583675 -0.0373291 0.0144314 0.000461868 -0.0294535
internal_weight=8636.97 6175.6 3366.44 2461.37 2323.54 2809.16 2463.12 1035.79 1427.34 1042.9 889.303 648.067 589.67 1328.38 494.874 540.913 153.6 437.283 686.641 58.3972 346.033 174.186 452.02 1675.47 130.365 167.378 33.0109 519.263 300.323 111.399
internal_count=504702 371080 292470 133622 242673 78610 71902 47357 24545 49797 46802 26489 25907 21644 5866 41491 2995 41473 15123 582 6708 2415 5329 216184 1542 6434 992 8689 4269 1181
is_linear=0
shrinkage=0.08


Tree=49
num_leaves=31
num_cat=0
split_feature=8 4 3 11 15 7 0 8 15 8 1 10 10 0 15 12 15 5 5 0 6 5 4 8 10 8 0 7 6 0
split_gain=1854.57 636.508 547.568 231.496 119.306 138.637 113.563 92.13 86.0806 77.4407 70.5195 65.8489 57.4342 50.4788 50.3608 47.3966 46.8368 46.6208 42.8816 41.8542 50.5156 39.1916 35.1223 29.8815 29.1369 24.9932 23.5793 28.0643 20.6346 18.5486
threshold=0.68775001168251049 0.41428571939468389 0.51899951696395885 1.5000000000000002 1.0000000180025095e-35 1.0000000180025095e-35 0.79502627253532421 0.97483214735984813 1.0000000180025095e-35 0.49743561446666723 0.9529346525669099 1.0000000180025095e-35 1.0000000180025095e-35 0.75582656264305126 1.0000000180025095e-35 1.0000000180025095e-35 1.0000000180025095e-35 0.46428571641445165 0.15476191043853763 0.55834907293319713 0.51887464523315441 0.13392857462167743 0.16025641560554507 0.44392034411430364 1.0000000180025095e-35 0.47162140905857092 0.64326766133308422 0.92566707730293285 0.58411949872970592 0.90054944157600414
decision_type=2 2 2 2 2 2 2 2 2 2 2 2 2 2 2 2 2 2 2 2 2 2 2 2 2 2 2 2 2 2
left_child=1 6 7 -4 11 -6 16 8 21 -7 14 15 29 17 -5 23 19 -10 -16 -1 -21 22 -2 -3 -11 -17 27 -9 -29 -8
right_child=2 4 3 10 5 9 12 26 13 24 -12 -13 -14 -15 18 25 -18 -19 -20 20 -22 -23 -24 -25 -26 -27 -28 28 -30 -31
leaf_value=-0.069039612792227839 0.015607807969608273 0.016057186035391479 0.07654474980832135 0.054734568197537678 -0.00044570179110702039 -0.077521511151553008 -0.041991848760732212 -0.011916028703076949 -0.039317395830718686 -0.032911370547986568 0.077944445355374772 0.06984498974714233 0.11601843498958184 0.063287298069251124 0.071973979894206133 -0.068935323824189057 -0.076721822296953887 0.10329083398052355 -0.0042558352334256186 0.13212848253753293 -0.028869730745295977 0.077965017235875095 -0.062120930585207547 0.10956333537736283 0.041996995074686662 0.0054923747826530044 0.076039327380655372 0.064808261677698209 0.010596249016640228 0.040006208165911883
leaf_weight=217.29386456869543 299.65058465022594 433.18299068976194 1766.7609682139009 157.1074420902878 862.97691740654409 310.97058089077473 65.181773297023028 93.551447382196784 620.2456894274801 96.315788941923529 135.94600910693407 142.72903066501021 25.651471321471035 34.595483724027872 52.357298538088799 65.752621706575155 1732.9785216050223 15.026807252317665 482.09818198438734 13.571818239986895 154.02598069421947 56.339723523706198 42.479084509424865 23.035855490714312 50.739480957854539 51.486254766583443 68.932864546775818 106.30190956220031 77.838163889013231 24.214702916797251
leaf_count=19275 4780 4466 122003 4577 4636 40072 4177 849 16133 2064 6922 2995 437 674 564 6332 240808 249 5033 417 7631 1172 536 367 954 627 2473 1818 797 864
internal_value=-0.000720095 -0.0374082 0.0383552 0.0601897 -0.00507165 -0.0193266 -0.0669102 -0.00167736 -0.0133051 -0.0549006 0.0252711 0.0212216 0.0104972 -0.0308193 0.0149167 0.00911957 -0.0711151 -0.0359441 0.00321193 -0.045871 -0.0158323 0.0161382 0.00595695 0.0207786 -0.00706523 -0.0362499 0.0341606 0.0237648 0.0418922 -0.0197811
internal_weight=8279.34 4270.11 4009.23 2594.27 2037.19 1321 2232.92 1414.96 1068.34 458.026 827.509 716.187 115.048 669.868 691.563 573.458 2117.87 635.272 534.455 384.892 167.598 398.469 342.13 456.219 147.055 117.239 346.624 277.692 184.14 89.3965
internal_count=504702 336122 168580 139099 62513 47726 273609 29481 23544 43090 17096 14787 5478 17056 10174 11792 268131 16382 5597 27323 8048 6488 5316 4833 3018 6959 5937 3464 2615 5041
is_linear=0
shrinkage=0.08


Tree=50
num_leaves=31
num_cat=0
split_feature=7 0 3 9 7 11 4 9 15 11 11 0 5 4 8 15 4 3 4 4 9 8 6 0 2 0 7 15 13 15
split_gain=1666.5 636.677 369.8 213.93 310.065 189.138 123.901 91.8622 91.7911 83.8386 69.6247 59.8408 69.6408 74.9405 59.7523 59.4345 57.253 71.8287 46.2725 41.5837 41.1499 38.9314 32.474 52.3432 23.929 21.9151 21.0285 19.3656 16.4567 15.8495
threshold=0.66024062037467968 0.66287881135940563 0.52419984340667736 0.13100686669349673 0.23201345652341845 1.5000000000000002 0.44949495792388922 0.056349206715822227 1.0000000180025095e-35 3.5000000000000004 2.5000000000000004 0.22401433438062671 0.23611111193895343 0.16025641560554507 0.68010151386260997 1.0000000180025095e-35 0.11805555596947671 0.75615617632865917 0.86607143282890331 0.76388889551162731 0.10762548446655275 0.82066103816032421 0.48181217908859258 0.44920890033245092 0.80229884386062633 0.93127068877220165 0.28080031275749212 1.0000000180025095e-35 1.0000000180025095e-35 1.0000000180025095e-35
decision_type=2 2 2 2 2 2 2 2 2 2 2 2 2 2 2 2 2 2 2 2 2 2 2 2 2 2 2 2 2 2
left_child=1 6 10 4 25 -4 14 -6 -9 16 11 -2 13 -13 29 -7 -5 -18 19 -17 26 -11 23 -16 -22 -3 -8 -27 -24 -1
right_child=2 3 5 9 7 15 20 8 -10 21 -12 12 -14 -15 22 18 17 -19 -20 -21 24 -23 28 -25 -26 27 -28 -29 -30 -31
leaf_value=-0.057786792062287304 0.05557907221040672 0.00041675545172081184 0.077868886897369302 0.13542112921893079 -0.078808496473753084 0.074217723567478786 -0.002111181579567013 0.033850019438464822 -0.070900136641710312 -0.078089972466240942 -0.062056294905449498 0.0037258543516934697 0.066097733186132365 -0.074015636735829504 -0.034876669701431842 0.012471903319869186 -0.0015772672799262278 0.066099369518525547 0.078088207587428141 -0.076713535794652524 0.13434856481775709 0.076140592309926966 -0.062862948569949062 0.11171010143839454 0.022502925306267015 0.050038736619460733 -0.072557056761644048 0.010529651188172029 -0.013363734237172105 -0.078811734509313155
leaf_weight=275.56546424981207 163.06439867801964 929.7082226104103 1513.9955029282719 46.765846544411033 481.35719259129837 132.82399607170373 76.756871266756207 112.76758113782853 101.93546245293692 50.677661358844489 90.424564902670681 645.56198177253827 97.566494107246399 90.480704184621572 52.380705695599318 422.57809336017817 154.7270016586408 285.69581237342209 63.868775349110365 36.336267812177539 17.067944259848446 13.203756948933004 188.36429108586162 22.196556894108653 43.301329775713384 119.28887695260346 41.935772161465138 237.44100952567533 55.696253621019423 1371.8192718350329
leaf_count=23617 1785 6518 116032 654 64912 6450 688 1956 9764 1109 3270 10743 3128 1281 1596 4589 2919 9426 3015 494 240 203 8041 191 826 1561 5040 1704 1175 211775
internal_value=-0.000698974 -0.0312861 0.0432432 -0.00413137 -0.0163876 0.0623254 -0.0633586 -0.0593987 -0.0158827 0.0399609 0.00515939 0.0112576 0.00258779 -0.0058308 -0.0691611 0.0264307 0.0512601 0.0423236 0.0142894 0.00541031 0.000350027 -0.0462118 -0.0374492 0.0087522 0.0541246 0.00688467 -0.0270007 0.0237413 -0.0515669 -0.0752948
internal_weight=7935.35 4678.65 3256.7 2533.57 1982.5 2169.6 2145.08 696.06 214.703 551.07 1087.1 996.674 833.609 736.043 1966.02 655.607 487.189 440.423 522.783 458.914 179.062 63.8814 318.638 74.5773 60.3693 1286.44 118.693 356.73 244.061 1647.38
internal_count=504702 353915 150787 100726 86415 130580 253189 76632 11720 14311 20207 16937 15152 12024 246395 14548 12999 12345 8098 5083 6794 1312 11003 1787 1066 9783 5728 3265 9216 235392
is_linear=0
shrinkage=0.08


Tree=51
num_leaves=31
num_cat=0
split_feature=16 11 4 11 8 15 15 12 9 0 4 8 15 8 0 6 6 0 4 0 10 4 12 16 4 8 9 8 4 11
split_gain=1584.8 427.737 250.253 208.437 172.575 100.343 95.1966 64.8412 56.4095 53.7558 104.017 102.712 51.7846 44.9837 66.4294 58.0796 44.1259 72.3781 43.7524 40.4961 37.8401 35.275 33.7896 33.533 29.7201 29.5854 33.2923 26.7924 23.3243 20.1996
threshold=0.74437829852104198 1.5000000000000002 0.43650794029235845 1.5000000000000002 0.75440767407417308 1.0000000180025095e-35 1.0000000180025095e-35 1.0000000180025095e-35 0.17519181966781619 0.61143791675567638 0.11805555596947671 0.84764185547828685 1.0000000180025095e-35 0.52731794118881237 0.51191151142120372 0.42340287566185003 0.47114317119121557 0.66287881135940563 0.31666667759418493 0.76506900787353527 1.0000000180025095e-35 0.16025641560554507 1.0000000180025095e-35 0.58206692337989818 0.31666667759418493 0.98101189732551586 0.70294117927551281 0.60723635554313671 0.41428571939468389 4.5000000000000009
decision_type=2 2 2 2 2 2 2 2 2 2 2 2 2 2 2 2 2 2 2 2 2 2 2 2 2 2 2 2 2 2
left_child=1 5 4 -2 19 13 20 -8 -9 11 -11 28 27 18 15 -15 23 -18 -1 -3 22 -21 -4 -6 -13 26 29 -5 -7 -14
right_child=3 2 6 12 16 9 7 8 -10 10 -12 24 25 14 -16 -17 17 -19 -20 21 -22 -23 -24 -25 -26 -27 -28 -29 -30 -31
leaf_value=-0.062418639644945269 0.076166025097867504 -0.075667120418383887 0.032193100919501665 -0.048493687630665437 0.012268574176925061 -0.063085307768266152 -0.0019790843385111647 -0.074621201920815741 -0.0010844863879882643 0.098496491480298889 -0.0059240659628670171 -0.0048474735021056077 0.013335907128502404 0.05914507571837066 0.065125885581928236 -0.0170568048122491 -0.05336995129625436 0.029396008340550991 0.011686104712979222 0.090766289417752818 0.070260750846348655 -0.0428989893605079 -0.026502886584093836 0.13661241777411742 0.082235163320304533 0.060042212617218434 -0.055775357487422975 0.078249212414420566 0.017582138585291642 -0.11495843057813188
leaf_weight=59.328002501279116 1424.2525165667757 1469.772202254273 152.9224738329649 11.746953930705784 58.127351988106966 342.01821266114712 291.57241111202165 235.74918922269717 93.136056653689593 65.862726473715156 836.13770501408726 370.00331342872232 385.48974857758731 97.70634916331619 261.64029666781425 185.63403295353055 204.67495802696794 100.98530954681337 362.83894778415561 15.051879726350306 82.646623475477099 78.727282719220966 106.47188119823113 18.234810750000179 26.906252280808985 65.751237517222762 54.909170207567513 116.91273691225797 24.589144235476851 8.017678910866378
leaf_count=4396 118499 225510 1860 116 1158 35828 3469 35271 768 1880 13890 3028 5814 2447 9015 3241 6899 910 3920 1027 1573 7002 6856 167 556 1586 757 6789 409 61
internal_value=-0.000680393 -0.0229823 -0.0441313 0.0590992 -0.0606378 0.000379106 -0.0107656 -0.0294459 -0.0537966 -0.0115226 0.00170057 -0.027144 0.0212858 0.0208749 0.0360601 0.00922045 -0.0124356 -0.0260254 0.00127201 -0.072415 0.0231202 -0.0214453 0.00810055 0.0419611 0.0010558 0.00992755 0.00257925 0.0666773 -0.0576748 0.0107219
internal_weight=7607.82 5540.74 2908.07 2067.08 1945.57 2632.66 962.499 620.458 328.885 1665.52 902 763.517 642.828 967.148 544.981 283.34 382.022 305.66 422.167 1563.55 342.041 93.7792 259.394 76.3622 396.91 514.168 448.417 128.66 366.607 393.507
internal_count=504702 371080 292470 133622 242673 78610 49797 39508 36039 55591 15770 39821 15123 23019 14703 5688 9134 7809 8316 233539 10289 8029 8716 1325 3584 8218 6632 6905 36237 5875
is_linear=0
shrinkage=0.08


Tree=52
num_leaves=31
num_cat=0
split_feature=9 3 14 15 11 9 3 11 5 4 0 0 2 4 1 4 10 15 9 0 0 4 6 1 0 2 15 15 13 3
split_gain=1290.62 545.519 515.116 254.133 233.581 133.956 151.049 84.4212 76.9815 106.221 227.74 93.797 60.1452 68.9637 44.7332 42.1365 32.5301 28.483 28.1835 36.8606 27.3665 21.2678 19.5587 18.0451 17.5969 15.3766 23.1383 14.7523 14.2303 26.3177
threshold=0.21807064861059192 0.51668518781661998 1.0000000180025095e-35 1.0000000180025095e-35 1.5000000000000002 0.050641026347875602 0.71010184288024913 2.5000000000000004 0.23611111193895343 1.0000000180025095e-35 0.4970588237047196 0.69614070653915416 0.95040982961654674 0.11805555596947671 0.83414238691329967 0.31666667759418493 1.0000000180025095e-35 1.0000000180025095e-35 0.18019481003284457 0.58759590983390819 0.55834907293319713 0.86607143282890331 0.60749301314353954 0.76506900787353527 0.93127068877220165 0.67041200399398815 1.0000000180025095e-35 1.0000000180025095e-35 1.0000000180025095e-35 0.77459675073623668
decision_type=2 2 2 2 2 2 2 2 2 2 2 2 2 2 2 2 2 2 2 2 2 2 2 2 2 2 2 2 2 2
left_child=2 7 3 5 28 -1 20 8 9 10 -2 -11 13 -6 -15 23 -8 -14 -5 -20 -7 -19 -21 -4 25 26 -17 -26 29 -3
right_child=1 4 15 18 12 6 16 -9 -10 11 -12 -13 17 14 -16 24 -18 21 19 22 -22 -23 -24 -25 27 -27 -28 -29 -30 -31
leaf_value=-0.07423024943287676 -0.010538534215804243 0.023989381532739586 -0.075139382430832721 -0.078035123375872095 0.080682111764828521 -0.064508354526783496 0.021929907321580445 -0.060005204260050009 0.064030008354005977 -0.078689356591606113 0.097074908233381801 0.024590464901199049 0.082025432229813275 -0.038357644177713389 0.02336279577078838 0.35670755089218392 0.08427558008951469 0.020296331932886304 -0.078303555241897055 0.27671863861395091 -0.0067722744433406489 0.070606314192315486 -0.0011499864327291953 0.084668562035706649 0.045768222469298271 0.00016787907128020568 0.011157511886498318 0.010462082685877895 0.080279513394757487 0.073904231428641429
leaf_weight=169.00369599694386 716.97098291385919 88.030307297594845 55.346094504930079 1492.805067142006 56.001986436545849 115.33243113849312 95.936586331576109 164.84472940908745 112.50031301937997 194.44255389086902 152.65740911336616 79.201323667541146 92.847142277285457 202.9222642602399 119.36010514572263 1.9399910494685171 121.26240784395486 241.06457295175642 71.65528829023242 1.6671790070831765 96.50761513132602 69.21786189917475 58.802730641327798 4.9244997347705057 111.55648970603943 994.17305161710829 3.4380806265398851 235.92746599763632 1105.0872560357675 291.33655416918918
leaf_count=18646 17729 4103 6206 258042 869 10475 2145 9493 3438 5258 3208 1947 5554 2672 2073 37 2781 2998 10184 71 2591 3182 1741 63 1510 6425 203 1642 95125 24291
internal_value=-0.000655219 0.032687 -0.0345136 -0.0584909 0.0570544 -0.0139042 0.00985891 -0.00617881 0.000886956 -0.00532645 0.00835228 -0.0487969 0.0216519 -0.0012601 -0.0154989 0.00336074 0.0567376 0.0431518 -0.0749007 -0.0394864 -0.0382056 0.0315195 0.00651096 -0.062082 0.00628885 0.000897674 0.135805 0.0217968 0.0756902 0.0623217
internal_weight=7316.76 3686.49 3630.28 2222.97 2265.87 598.043 429.039 1420.62 1255.77 1143.27 869.628 273.644 781.414 378.284 322.282 1407.31 217.199 403.13 1624.93 132.125 211.84 310.282 60.4699 60.2706 1347.04 999.551 5.37807 347.484 1484.45 379.367
internal_count=504702 181940 322762 306676 140867 36638 17992 41073 31580 28142 20937 7205 17348 5614 4745 16086 4926 11734 270038 11996 13066 6180 1812 6269 9817 6665 240 3152 123519 28394
is_linear=0
shrinkage=0.08


Tree=53
num_leaves=31
num_cat=0
split_feature=7 0 3 11 10 7 4 9 6 0 5 4 4 3 4 1 9 10 4 5 2 0 3 6 6 0 4 9 10 9
split_gain=1190.51 520.616 299.713 186.438 174.885 230.84 110.032 92.4327 65.9797 72.1173 68.1081 63.3431 62.5404 94.1 58.6113 53.3197 51.2142 47.1629 43.3754 42.4691 37.7545 31.9981 29.7442 44.592 26.9054 33.4852 26.772 25.7326 23.8212 20.8695
threshold=0.66024062037467968 0.66287881135940563 0.52704679965972911 1.5000000000000002 1.0000000180025095e-35 0.23201345652341845 0.44949495792388922 0.061553031206130988 0.55051019787788402 0.70659971237182628 0.46428571641445165 1.0000000180025095e-35 0.11805555596947671 0.75615617632865917 0.21111111342906955 0.9529346525669099 0.21807064861059192 1.0000000180025095e-35 0.27922078967094427 0.23611111193895343 0.94609123468399059 0.42933948338031774 0.41223156452178961 0.4403389841318131 0.28035087883472448 0.22401433438062671 0.087121214717626586 0.10762548446655275 1.0000000180025095e-35 0.38675214350223547
decision_type=2 2 2 2 2 2 2 2 2 2 2 2 2 2 2 2 2 2 2 2 2 2 2 2 2 2 2 2 2 2
left_child=1 6 8 -4 5 -3 16 -7 21 10 11 -10 -6 14 -14 26 -1 -8 -11 -20 -9 24 29 -24 -2 -26 -5 -15 -28 -18
right_child=2 4 3 15 12 7 17 20 9 18 -12 -13 13 27 -16 -17 22 -19 19 -21 -22 -23 23 -25 25 -27 28 -29 -30 -31
leaf_value=-0.074369943151306253 0.060571979487355425 0.0057286095968433325 0.076888062566670842 0.078992020259422133 0.13173417687836231 -0.078456656920465703 -0.024800377821323303 -0.050097962812104442 -0.009179690079967882 0.080446430147208758 0.093287859550890834 -0.068133764255986634 0.061793762840112197 0.0025091836621467952 -0.037181618922388658 0.079114031677077201 -0.064716243582790614 0.070220861044023211 -0.1562880831874742 0.043086601925133534 0.011239287857773901 0.089254400367118653 0.11437677131496124 -0.02744149587810342 0.052787014994621483 -0.012329539767530777 -0.0064395703072805833 0.077402495795118181 0.029805914382670232 -0.0050962871917507296
leaf_weight=1267.3135107988492 85.919601278845221 1266.6636203187518 1207.8788203671575 36.437566806562245 43.77743859263137 378.93841569684446 122.95535797718912 117.14303304953501 358.75953005906194 79.022117827087641 31.190673779696226 172.83327636588365 52.80254273628816 34.621074209921062 139.33940357202664 91.333400007337332 215.26367689622566 45.913609731476754 11.169438485987486 17.631349800154567 142.1699879039079 53.266455437522382 17.183435446117073 81.444890805985779 73.855761422310024 160.10885492386296 293.50077276211232 193.26802321011201 191.93749227747321 45.521972025278956
leaf_count=224274 1457 9757 115736 610 717 63330 5801 6495 6238 3056 1026 3252 1653 838 5521 6166 17641 993 145 987 4373 1328 262 2831 843 2190 3887 8042 3866 1387
internal_value=-0.000633958 -0.0279415 0.0390601 0.0586497 -0.0033138 -0.0140399 -0.06043 -0.0532721 0.00488125 -0.0101226 -0.0216058 -0.028347 0.0407394 0.0312555 -0.00998219 0.0227245 -0.0668106 0.00103485 0.0498138 -0.0342343 -0.0164694 0.0318454 -0.040156 -0.00273333 0.0222858 0.00822585 0.0128558 0.0660247 0.00789154 -0.0543092
internal_weight=7029.17 4164.32 2864.85 1821.09 2368.72 1904.92 1795.6 638.251 1043.76 670.606 562.783 531.593 463.808 420.031 192.142 613.209 1626.73 168.869 107.823 28.8008 259.313 373.151 359.414 98.6283 319.884 233.965 521.876 227.889 485.438 260.786
internal_count=504702 353915 150787 130265 100726 83955 253189 74198 20522 14704 10516 9490 16771 16054 7174 14529 246395 6794 4188 1132 10868 5818 22121 3093 4490 3033 8363 8880 7753 19028
is_linear=0
shrinkage=0.08


Tree=54
num_leaves=31
num_cat=0
split_feature=16 11 4 11 8 10 0 4 7 1 10 12 8 2 0 6 2 0 0 9 3 4 0 8 4 0 3 4 10 8
split_gain=1141.85 332.918 226.357 185.067 157.09 83.9777 78.1297 138.71 98.6097 62.2077 57.456 103.55 50.5035 50.3582 48.876 56.0142 38.631 35.6327 31.3191 28.2969 25.4289 24.572 23.7327 20.5668 19.855 29.9646 23.095 19.2363 18.3229 24.1727
threshold=0.76148387789726268 1.5000000000000002 0.43650794029235845 1.5000000000000002 0.70438539981842052 1.5000000000000002 0.55403152108192455 0.074175827205181136 0.60894551873207103 0.25493229925632482 1.0000000180025095e-35 1.0000000180025095e-35 0.45910002291202551 0.73746865987777721 0.75582656264305126 0.52679425477981578 0.94360822439193737 0.76993650197982799 0.9529346525669099 0.050641026347875602 0.54110360145568859 0.11805555596947671 0.7320508360862733 0.6253834366798402 0.11805555596947671 0.4970588237047196 0.31662489473819738 0.31666667759418493 1.0000000180025095e-35 0.9796607792377473
decision_type=2 2 2 2 2 2 2 2 2 2 2 2 2 2 2 2 2 2 2 2 2 2 2 2 2 2 2 2 2 2
left_child=1 5 4 -2 17 6 8 -8 27 -10 11 19 -13 -9 15 -6 22 -3 28 -4 24 -19 -12 -20 25 -7 -26 -1 29 -5
right_child=3 2 10 18 14 20 7 13 9 -11 16 12 -14 -15 -16 -17 -18 21 23 -21 -22 -23 -24 -25 26 -27 -28 -29 -30 -31
leaf_value=-0.06987466707440014 0.076144926753171152 -0.075838202144374062 0.0046895253434067821 -0.010556953488890504 0.02229591377263665 0.02305792484328812 0.09945293249827368 -0.038388983821019643 0.037816633466503963 -0.023393984539714686 0.044578446357271623 -0.076735233985674375 -0.01473240697287995 0.0062123130512471347 0.06059036329068259 -0.044495774177977773 0.082833712049702871 0.096276201496270794 -0.026672866827373208 0.10236874187003797 0.087716384845111045 -0.037141401223589915 -0.041523870145270453 0.073797731153002463 -0.061472447086648424 0.094474845776852098 0.031334967223659999 0.0026126362839117702 0.030482448289031669 0.067559306237195318
leaf_weight=250.89333158032969 1099.8612141218036 1130.9579000803642 418.34011691669002 246.67550729867071 111.65487354062498 137.38284332305193 96.196823750622571 187.98640262102708 158.79189597675577 321.20150069659576 40.342751725576818 192.32658667955548 149.38026093924418 1172.7006235625595 46.871929254382849 286.69589867768809 66.732966671697795 10.213222538586704 15.281954407691954 19.882892295252532 57.87750972667709 65.457001956179738 41.628877342212945 88.872466659173369 29.278385119047016 51.768039726186544 41.462723267730325 25.843776378780603 176.82307668123394 28.25671249255538
leaf_count=32962 115224 222359 4933 3742 2658 1781 3764 10221 1668 5525 781 37450 4284 18932 541 9895 1373 836 147 434 3495 6533 1101 5718 411 1055 984 1087 4304 504
internal_value=-0.00060832 -0.0193103 -0.039531 0.0571303 -0.0572963 0.0013027 -0.00421805 0.00661386 -0.025072 -0.00314423 -0.00793013 -0.0166191 -0.0496301 5.03984e-05 -0.0166823 -0.0257745 0.0376422 -0.0722822 0.0195101 0.00912139 0.0397608 -0.019134 0.00085182 0.0590563 0.0290812 0.0426038 -0.00707624 -0.0631053 0.0103925 -0.0025284
internal_weight=6767.64 5111.87 2580.49 1655.77 1651.85 2531.38 2213.61 1456.88 756.731 479.993 928.634 779.93 341.707 1360.69 445.223 398.351 148.705 1206.63 555.91 438.223 317.77 75.6702 81.9716 104.154 259.892 189.151 70.7411 276.737 451.755 274.932
internal_count=504702 375063 293178 129639 242822 81885 74159 32917 41242 7193 50356 47101 41734 29153 13094 12553 3255 229728 14415 5367 7726 7369 1882 5865 4231 2836 1395 34049 8550 4246
is_linear=0
shrinkage=0.08


Tree=55
num_leaves=31
num_cat=0
split_feature=16 15 11 11 7 9 8 7 5 2 15 9 1 3 11 8 5 9 8 5 4 1 4 5 7 8 2 8 4 10
split_gain=1020.73 338.349 231.934 183.09 125.534 136.834 68.5685 109.401 96.3068 64.6155 45.2703 34.2071 40.2188 33.9408 38.8006 33.2439 76.9034 37.6206 32.7718 24.64 34.9755 23.4033 23.5886 46.4383 20.7469 20.4109 20.3515 17.2695 16.0905 15.9288
threshold=0.76148387789726268 1.0000000180025095e-35 1.5000000000000002 1.5000000000000002 1.0000000180025095e-35 0.18019481003284457 0.49743561446666723 0.2623975276947022 0.46428571641445165 0.94360822439193737 1.0000000180025095e-35 0.048199767246842391 0.7243877947330476 0.88273492455482494 2.5000000000000004 0.88103562593460094 0.38750000298023229 0.21132376790046695 0.58355855941772472 0.46428571641445165 0.11805555596947671 0.9529346525669099 0.76388889551162731 0.91666665673255932 0.64414930343627941 0.5943126678466798 0.9569842815399171 0.28509852290153509 0.81666666269302379 1.0000000180025095e-35
decision_type=2 2 2 2 2 2 2 2 2 2 2 2 2 2 2 2 2 2 2 2 2 2 2 2 2 2 2 2 2 2
left_child=1 6 15 -2 -4 -6 7 27 13 -7 25 -9 -13 14 -8 16 18 -18 -3 20 -17 22 26 -24 -23 -5 -12 28 -1 -10
right_child=3 2 4 10 5 9 8 11 29 -11 21 12 -14 -15 -16 19 17 -19 -20 -21 -22 24 23 -25 -26 -27 -28 -29 -30 -31
leaf_value=0.0079022850537254011 0.075725348901105063 -0.065676169033321199 -0.0048012682495926157 -0.070541651440526251 -0.078075948620038541 -0.036683811438445367 0.014856571796339254 -0.078461715858329381 0.03893092662137386 0.05895132085056904 -0.011175651509652003 -0.063024951773328855 0.028514750856205404 0.12334623973985277 -0.04710983519186885 0.015791622271484802 -0.0052740926310225799 0.070468038479539627 -0.022533447911559899 0.089075468096787916 -0.043823988949083903 -0.022509445077920281 -0.20784274649618351 -0.010936342828970443 0.078072791852037207 0.077865876521098637 0.028151274157025796 0.22293733140866864 0.044339329466122061 0.082396497493133311
leaf_weight=339.51638675946742 1020.7016758951358 212.22906434908509 302.73206632072106 6.3493908010423175 1019.8488697474822 456.39297976158559 531.44562648748979 124.76600409951061 78.069748288951814 50.186971582006663 180.29821053519845 63.89356846967712 59.159618817269802 16.576669462025166 73.630301302764565 329.33655179105699 648.7523393118754 44.872118776198477 240.24519878672436 23.244400389492512 77.876238690689206 17.899689055047929 9.8745165392756444 34.264111299067736 49.199898436665535 90.01415100786835 158.03270026668906 2.6019192086532703 100.53147350205109 174.72802521660924
leaf_count=3702 115224 31707 3634 55 230125 24853 15398 17338 1501 433 1904 6879 1115 516 3232 4047 8543 1069 9349 1109 1030 212 89 484 3204 6488 1979 92 1489 7902
internal_value=-0.000583999 -0.018331 -0.0324795 0.055724 -0.0518614 -0.0611947 0.01246 -0.00638523 0.0273403 -0.0272092 0.0183286 -0.0489442 -0.0190159 0.01041 0.00731602 -0.00999207 -0.0171115 -0.000374165 -0.0427692 0.00896353 0.00439061 0.00766303 1.77823e-05 -0.0549875 0.0512412 0.0680873 0.00719376 0.0174416 0.0162265 0.0689733
internal_weight=6537.27 4970.64 3405.72 1566.63 1829.16 1526.43 1564.92 690.469 874.45 506.58 545.933 247.819 123.053 621.653 605.076 1576.56 1146.1 693.624 452.474 430.457 407.213 449.569 382.47 44.1386 67.0996 96.3635 338.331 442.65 440.048 252.798
internal_count=504702 375063 315899 129639 259045 255411 59164 30615 28549 25286 14415 25332 7994 19146 18630 56854 50668 9612 41056 6186 5077 7872 4456 573 3416 6543 3883 5283 5191 9403
is_linear=0
shrinkage=0.08


Tree=56
num_leaves=31
num_cat=0
split_feature=7 0 3 11 10 7 4 9 4 3 10 6 5 15 0 0 4 1 7 4 0 6 4 4 4 4 3 9 2 0
split_gain=835.262 428.549 246.208 179.757 138.289 205.028 91.8809 85.7179 73.8669 86.3439 60.7436 56.6443 49.4527 49.2424 48.6767 81.5091 136.159 52.94 36.682 36.6778 106.282 41.5706 34.9541 34.8089 31.4193 29.6297 24.9906 24.2271 20.5478 15.4103
threshold=0.66024062037467968 0.63702240586280834 0.53907206654548656 1.5000000000000002 1.0000000180025095e-35 0.23201345652341845 0.31666667759418493 0.061553031206130988 0.11805555596947671 0.75615617632865917 1.0000000180025095e-35 0.36700680851936346 0.38750000298023229 1.0000000180025095e-35 0.22401433438062671 0.4970588237047196 0.10555555671453477 0.3034138828516007 1.0000000180025095e-35 1.0000000180025095e-35 0.51000401377677929 0.48435972630977636 0.86607143282890331 0.21111111342906955 0.087121214717626586 0.76388889551162731 0.6832355558872224 0.10762548446655275 0.63224515318870556 0.93127068877220165
decision_type=2 2 2 2 2 2 2 2 2 2 2 2 2 2 2 2 2 2 2 2 2 2 2 2 2 2 2 2 2 2
left_child=1 6 11 -4 5 29 19 -7 -6 23 18 -2 -12 -5 -13 17 -17 -16 28 20 26 -22 25 -10 -9 -15 -1 -11 -8 -3
right_child=2 4 3 13 8 7 10 24 9 27 12 14 -14 22 15 16 -18 -19 -20 -21 21 -23 -24 -25 -26 -27 -28 -29 -30 -31
leaf_value=-0.065783661006685909 0.047798897610839365 -0.00041692231617327958 0.076020135501601929 0.071830678835895834 0.12997089114011096 -0.077858292133981225 0.27151495055244751 0.14965698504305466 0.039156466373288915 0.0005622507521479903 -0.031124801236398648 0.051485285704363531 0.10359882129074283 0.0085824905000856915 0.00033352231478655332 0.086430680466695442 -0.018360374405246457 -0.058131983094881087 -0.070537460933975074 -0.079934230170386394 0.16821896053106358 0.0097544494238892762 0.07569588556248695 -0.032671727101646821 -0.021642251036552991 -0.064804387284272777 0.18519061049132801 0.072882620472603424 -0.0020158234128502626 0.019483240420273419
leaf_weight=403.25685918983072 160.31925999652594 944.35129936342128 964.73513671848923 95.950474482960999 47.407551102107391 344.4473990406841 1.8058512480929483 7.0437028668820849 60.886525918729603 35.65737695642747 29.96297438046895 90.413778154179454 41.712881544604897 395.04152829851955 165.41783413290977 121.02863981109113 230.46757305972278 247.31567270681262 103.01033470081165 715.37894205283374 15.723500499734653 32.483588353963569 45.569110227748752 148.47785390983336 252.80788495601155 38.655792301520705 2.5552949472330502 175.83660462149419 65.848685919307172 338.24898028466851
leaf_count=58651 2696 7068 115171 6422 876 71232 94 252 2573 899 2533 870 1032 4534 2377 3261 6787 5160 19296 155143 399 2871 3015 6791 11858 494 62 8156 871 3258
internal_value=-0.000555633 -0.024504 0.0347533 0.0549149 -0.00361276 -0.0132698 -0.0593563 -0.0516885 0.0353008 0.0246367 -0.0145238 0.00416311 0.0472797 0.0195178 -0.00402236 -0.0105893 0.0177217 -0.0346998 -0.04048 -0.0686472 -0.0508627 0.0614401 0.00904459 -0.0117829 -0.0169989 0.00204146 -0.0642033 0.0606896 0.00528533 0.00483117
internal_weight=6321.82 3766.9 2554.91 1539.95 2355.17 1886.9 1411.74 604.299 468.266 420.858 242.341 1014.96 71.6759 575.217 854.643 764.23 351.496 412.734 170.665 1169.4 454.019 48.2071 479.266 209.364 259.852 433.697 405.812 211.494 67.6545 1282.6
internal_count=504702 353915 150787 129636 112963 93668 240952 83342 19295 18419 23826 21151 3565 14465 18455 17585 10048 7537 20261 217126 61983 3270 8043 9364 12110 5028 58713 9055 965 10326
is_linear=0
shrinkage=0.08


Tree=57
num_leaves=31
num_cat=0
split_feature=16 15 11 11 12 9 8 8 7 5 6 15 9 2 8 5 8 9 3 9 7 12 16 6 9 8 7 11 8 4
split_gain=820.258 281.225 198.519 176.927 115.947 116.119 60.3932 54.1739 90.0776 83.0669 48.3091 39.885 32.3411 35.1489 26.9211 47.089 49.9784 43.7398 23.276 21.5797 25.1195 21.5137 21.2563 19.4193 18.5022 18.2811 14.2935 22.3989 15.1596 13.2572
threshold=0.76148387789726268 1.0000000180025095e-35 1.5000000000000002 1.5000000000000002 1.0000000180025095e-35 0.17519181966781619 0.97158998250961315 0.49743561446666723 0.2623975276947022 0.46428571641445165 0.55051019787788402 1.0000000180025095e-35 0.048199767246842391 0.86729559302330028 0.98101189732551586 0.38750000298023229 0.58355855941772472 0.21132376790046695 0.4248871803283692 0.18019481003284457 1.0000000180025095e-35 1.0000000180025095e-35 0.94187903404235851 0.97332859039306652 0.77097901701927196 0.5943126678466798 0.4405770748853684 1.5000000000000002 0.57790625095367443 0.81666666269302379
decision_type=2 2 2 2 2 2 2 2 2 2 2 2 2 2 2 2 2 2 2 2 2 2 2 2 2 2 2 2 2 2
left_child=1 7 14 -2 19 -6 -7 8 29 10 18 25 -10 -14 15 16 -3 -17 -9 20 -4 -13 24 -12 -23 -5 28 -28 -11 -1
right_child=3 2 4 11 5 6 -8 9 12 26 23 21 13 -15 -16 17 -18 -19 -20 -21 -22 22 -24 -25 -26 -27 27 -29 -30 -31
leaf_value=0.0086467868026593991 0.074849104577744865 -0.063473046747368131 -0.004564485631805823 -0.062451556258077114 -0.077792131574394074 -0.035631696793904676 0.084057615810738395 0.025990698044318115 -0.077947270827236501 0.17490662699650694 -0.011868514897507112 0.094272624664197446 -0.057325893825005358 0.030752373182229367 0.017675866094137758 -0.0049177577377141259 -0.014319838982461365 0.069990257804435893 0.088946053237203893 0.094623229078382373 -0.078106160258206311 0.0029149661005654533 0.070386690090334256 0.055529746427739016 -0.066767334481250065 0.077192447869826195 0.081294343423627249 0.024082981161287265 0.078047324728864803 0.042304676337562741
leaf_weight=340.08667652634904 883.33214550605044 190.80260249879211 301.3314268826507 6.4969756118953219 842.14715313422494 450.48674479266629 28.699873433448374 159.19353871978819 107.63400152605027 13.246379680000244 363.38551215315238 17.231410968117416 63.605235825758427 53.292776786722243 206.53236570395529 644.49663343140855 432.45722800632939 54.074182332959026 49.202431600540876 12.651067773811517 32.978361599612981 370.85714280605316 28.054991487413645 29.587682502809912 26.103518277406693 78.404987448826432 92.393456988967955 83.267371621448547 47.159145854413509 96.048300401307642
leaf_count=3786 115224 31707 3634 55 220863 25757 352 4706 17338 130 12104 421 6986 1008 2972 8544 11928 1703 1449 162 8277 5150 1935 887 366 6488 6032 1694 1547 1497
internal_value=-0.000536945 -0.0166097 -0.0300137 0.052961 -0.0490955 -0.0599028 -0.0284632 0.0119917 -0.00513598 0.025504 0.00971793 0.0162835 -0.0463058 -0.0171718 -0.0091848 -0.0133817 -0.0293674 0.000880637 0.0408545 -0.00793793 -0.0118191 0.00664181 0.003089 -0.00679397 -0.00166723 0.0665064 0.0657185 0.0541748 0.0992877 0.0160591
internal_weight=6105.24 4694.76 3196.66 1410.48 1668.29 1321.33 479.187 1498.1 660.667 837.436 601.369 527.149 224.532 116.898 1528.36 1321.83 623.26 698.571 208.396 346.961 334.31 442.247 425.016 392.973 396.961 84.902 236.066 175.661 60.4055 436.135
internal_count=504702 375063 315899 129639 259045 246972 26109 59164 30615 28549 19146 14415 25332 7994 56854 53882 43635 10247 6155 12073 11911 7872 7451 12991 5516 6543 9403 7726 1677 5283
is_linear=0
shrinkage=0.08


Tree=58
num_leaves=31
num_cat=0
split_feature=16 15 11 11 12 9 8 8 5 8 6 15 9 3 10 5 8 9 10 3 8 9 8 9 8 1 9 8 8 3
split_gain=730.784 245.966 182.921 173.468 109.757 118.594 51.7588 46.5732 72.632 69.7339 41.8321 37.1779 36.4954 44.4554 27.5141 37.3214 50.7899 35.5755 22.1065 21.1853 21.136 32.0772 23.882 22.9293 28.0196 21.1668 18.6837 23.5149 16.8054 15.5995
threshold=0.76148387789726268 1.0000000180025095e-35 1.5000000000000002 1.5000000000000002 1.0000000180025095e-35 0.17519181966781619 0.97158998250961315 0.50627660751342785 0.46428571641445165 1.0000000180025095e-35 0.55051019787788402 1.0000000180025095e-35 0.050641026347875602 0.69614070653915416 1.5000000000000002 0.38750000298023229 0.58355855941772472 0.21132376790046695 1.5000000000000002 0.4248871803283692 0.98208940029144298 0.64852941036224376 0.91316914558410656 0.85357144474983226 0.98802351951599132 0.92907443642616283 0.18019481003284457 1.0000000180025095e-35 0.5943126678466798 0.31662489473819738
decision_type=2 2 2 2 2 2 2 2 2 2 2 2 2 2 2 2 2 2 2 2 2 2 2 2 2 2 2 2 2 2
left_child=1 7 14 -2 26 -6 -7 9 10 -1 19 28 -11 -14 15 16 -3 -17 -12 -9 21 22 -13 -22 -25 -23 27 -4 -5 -16
right_child=3 2 4 11 5 6 -8 8 -10 12 18 20 13 -15 29 17 -18 -19 -20 -21 23 25 -24 24 -26 -27 -28 -29 -30 -31
leaf_value=0.015049635029709397 0.074359366030235741 -0.062525780366724654 -0.0041963807884256889 -0.056061143795095643 -0.077513548049564743 -0.033414701133706655 0.077661240703300397 0.024536747513913482 0.06310915713072629 -0.072478929588225327 -0.016053858943339636 -0.0025982845195252798 -0.063580928272610943 0.03191427337890005 -0.002800499258027151 -0.004471947397870271 -0.012413647589394042 0.065117766648309219 0.030223657032597644 0.085471269872105321 0.071571427072504648 -0.052445144708415922 0.046339844238787287 -0.41870139302611331 0.024881465942011516 0.062308532135764365 0.089211120731497409 -0.077875446402150508 0.076784821780164908 0.046555757569526734
leaf_weight=418.50560745596886 820.57522739842534 177.64547182968818 301.53419626643881 6.6516857966780654 780.08290650765412 442.29663813463412 28.58387944009155 158.20174653176218 221.34390467498451 111.74738139705732 304.41699179448187 195.19040710572153 55.373276930768043 71.464109835680574 80.277737700380385 644.51248838566244 477.02098206989467 50.715019843541086 84.373656933195889 47.474636025726795 45.558391315862536 88.52159858122468 94.823467303067446 1.3866594322025765 2.658895225264132 11.640043492428957 12.357650918886064 30.529473777860403 72.745845302008092 83.728022406343371
leaf_count=4234 115224 31223 3634 55 220863 25757 352 4568 9321 18574 10727 3160 6843 1591 972 8533 12256 1687 1875 1431 1334 892 1694 28 77 687 162 8277 6488 2183
internal_value=-0.000510927 -0.0157069 -0.0284639 0.0514619 -0.0473658 -0.0583761 -0.0266721 0.011223 0.02399 -0.00462788 0.00942439 0.0152719 -0.0391445 -0.00977598 -0.00854453 -0.0123038 -0.0260117 0.000604439 -0.00601091 0.0386018 0.00617566 -7.76818e-05 0.0134026 0.0553633 -0.127162 -0.0391093 -0.00737588 -0.0109703 0.0656554 0.0223968
internal_weight=5921.94 4582.19 3109.28 1339.75 1595.38 1250.96 470.881 1472.9 815.811 657.09 594.467 519.177 238.585 126.837 1513.9 1349.89 654.666 695.228 388.791 205.676 439.779 390.176 290.014 49.6039 4.04555 100.162 344.421 332.064 79.3975 164.006
internal_count=504702 375063 315899 129639 259045 246972 26109 59164 27922 31242 18601 14415 27008 8434 56854 53699 43479 10220 12602 5999 7872 6433 4854 1439 105 1579 12073 11911 6543 3155
is_linear=0
shrinkage=0.08


Tree=59
num_leaves=31
num_cat=0
split_feature=16 15 11 11 0 4 7 12 0 4 0 6 4 0 10 7 4 6 15 0 4 7 6 0 7 13 7 7 10 11
split_gain=650.691 214.721 169.256 167.959 118.264 63.7304 62.1892 58.0732 45.8588 95.8907 63.5972 61.4014 45.2512 51.8279 41.3257 39.7987 39.2649 39.2163 34.5207 31.4874 72.1766 57.0041 31.4275 20.2958 17.8965 17.5081 16.8651 15.6517 17.7418 15.2933
threshold=0.76148387789726268 1.0000000180025095e-35 1.5000000000000002 1.5000000000000002 0.66287881135940563 0.11805555596947671 0.71471861004829418 1.0000000180025095e-35 0.4970588237047196 0.074175827205181136 0.28730159997940069 0.3483316451311112 0.31666667759418493 0.69614070653915416 1.0000000180025095e-35 0.62973192334175121 0.31666667759418493 0.47114317119121557 1.0000000180025095e-35 0.61143791675567638 0.11805555596947671 0.5965881645679475 0.58995378017425548 0.9529346525669099 0.40081967413425451 1.0000000180025095e-35 0.24575784057378772 0.97685134410858165 1.0000000180025095e-35 4.5000000000000009
decision_type=2 2 2 2 2 2 2 2 2 2 2 2 2 2 2 2 2 2 2 2 2 2 2 2 2 2 2 2 2 2
left_child=1 8 -2 19 6 24 -5 -7 10 -10 15 -12 13 -11 -14 26 -13 -8 -4 21 -21 -3 -23 27 -6 -22 -1 28 -20 -25
right_child=2 3 18 4 5 7 17 -9 9 12 11 16 14 -15 -16 -17 -18 -19 23 20 25 22 -24 29 -26 -27 -28 -29 -30 -31
leaf_value=0.65449978467405634 0.073842026567961794 -0.058150018272194633 0.064766817481307262 -0.074143095534190517 -0.055307685428233215 0.0011300231874410086 0.062495902433614456 -0.046977990620520327 0.090080838384394096 -0.065738228473643079 0.068043178033732998 -0.06512659309953478 0.0058178252971502866 0.05252879772092723 0.044723199245530462 0.045421996124728088 0.08245869792913775 -0.040662559589311621 -0.019289363624089558 0.092331935576175625 -0.007498642719406895 0.015740922397336998 -0.026480078031125839 0.060648726353741786 0.12284559403611808 0.034591213484454909 -0.053518033136057852 0.053961794624205466 0.017660899784225106 -0.1797245559497555
leaf_weight=0.21661129500716825 762.58235464431345 189.74746658396907 74.303986525628716 732.68822835036553 4.2397930673323598 285.71664133155718 33.208871732000262 366.69916038610972 109.48280902137049 89.733666353393346 29.277348473900929 187.09601738350466 570.47683166596107 32.233135105576366 251.88762135384604 130.53267663298175 12.295332690468056 81.384813296142966 220.27231067419052 53.18811456207186 736.90861368738115 220.17860895837657 231.43072310928255 50.474687278270721 24.247737031430006 69.189110400155187 36.070548959542066 30.979395006783307 133.61145290452987 1.7528104111552227
leaf_count=11 115224 33166 6543 190043 842 4721 555 59679 4293 6993 1474 13173 16078 1183 9895 2127 476 2690 2200 2211 12402 2903 4026 2854 515 2146 3461 590 2210 18
internal_value=-0.000483524 -0.014835 0.049963 -0.0269527 -0.045621 -0.0207954 -0.0655716 -0.0259097 0.0104893 0.0192071 -0.01274 -0.0401408 0.0109902 -0.0344829 0.0177344 0.0248196 -0.0560258 -0.0107676 0.0143551 -0.00794181 0.00206972 -0.0213552 -0.00589556 0.00578528 0.0963311 -0.00388598 -0.0492916 -0.000565163 -0.00533852 0.0525815
internal_weight=5752.11 4478.13 1273.98 3028.83 1528.19 680.903 847.282 652.416 1449.3 1053.81 395.489 228.669 944.331 121.967 822.364 166.82 199.391 114.594 511.395 1500.64 859.286 641.357 451.609 437.091 28.4875 806.098 36.2872 384.863 353.884 52.2275
internal_count=504702 375063 129639 315899 259045 65757 193288 64400 59164 38442 20722 15123 34149 8176 25973 5599 13649 3245 14415 56854 16759 40095 6929 7872 1357 14548 3472 5000 4410 2872
is_linear=0
shrinkage=0.08


Tree=60
num_leaves=31
num_cat=0
split_feature=16 15 11 11 0 8 4 7 0 4 7 1 2 8 4 15 11 9 0 4 9 5 8 8 9 8 9 9 4 9
split_gain=579.201 190.538 162.424 149.079 119.599 62.6807 55.8327 43.4922 40.4655 85.1621 57.8153 47.6472 41.1521 42.0293 35.2463 33.8916 31.7385 29.5067 26.7864 66.116 53.1543 34.9613 20.6318 17.5205 35.7681 22.5533 18.2637 17.068 16.8045 16.7352
threshold=0.7688768506050111 1.0000000180025095e-35 1.5000000000000002 1.5000000000000002 0.66287881135940563 0.80145984888076793 0.11805555596947671 1.0000000180025095e-35 0.4970588237047196 0.074175827205181136 0.62973192334175121 0.32466214895248419 0.92907443642616283 0.48397369682788854 0.31666667759418493 1.0000000180025095e-35 2.5000000000000004 0.12973351776599887 0.61143791675567638 0.11805555596947671 0.26491229236125952 0.46428571641445165 0.98802351951599132 0.97603827714920055 0.64852941036224376 0.91316914558410656 0.84807693958282482 0.30217391252517706 0.31666667759418493 0.061553031206130988
decision_type=2 2 2 2 2 2 2 2 2 2 2 2 2 2 2 2 2 2 2 2 2 2 2 2 2 2 2 2 2 2
left_child=1 8 -2 18 5 -5 17 -8 10 29 28 27 16 -14 -13 -4 -11 -6 20 -20 -3 -22 -7 24 25 -17 -25 -12 -1 -10
right_child=2 3 15 4 6 22 7 -9 9 12 11 14 13 -15 -16 23 -18 -19 19 -21 21 -23 -24 26 -26 -27 -28 -29 -30 -31
leaf_value=-0.061823255903544726 0.073975708296935713 -0.061598385970367035 0.066817154567760301 -0.074863704153960473 -0.081043326065881813 -0.025504516819288694 0.0014625660646728953 -0.040549683163875465 -0.051797027187567138 0.0041299054266471253 0.12156583593991281 -0.055510028805424994 0.012435309148138318 0.06539315389273441 0.099787370919435597 -0.0036125768369459029 -0.047944804498667157 0.13076234707990536 0.089860492775937426 -0.0038924644838573452 -0.011596623394724876 0.09525010709332403 0.087310301865451814 0.05704859283018833 -0.047367438906952344 0.045322525225197377 -0.10395898061203136 0.028558740531130354 0.048163073010766277 0.09327141324622161
leaf_weight=126.21399444481358 697.55941361933947 149.97214386076666 66.401353797409683 654.62902863207273 5.1579271843656924 133.98414997523651 265.9379311860539 387.48145450185984 5.3584667714312664 370.2145405318588 13.802677870262412 77.174439375754446 349.29271384095773 132.21708942111582 10.643238555174319 183.47156012710184 93.905201889574528 22.891654457896948 51.189791191834956 808.35226047271863 460.51153171388432 20.470760326366872 11.245748933404682 57.481754061765969 83.483441415242851 89.768654283136129 4.8927437709644428 148.3597660753876 9.5642269798554462 101.34620531834662
leaf_count=15537 113608 31738 6391 188509 1095 4621 1823 62676 519 12825 409 1582 8761 6658 407 3061 6933 274 2327 14898 7685 787 182 1673 1221 1664 118 2329 467 3924
internal_value=-0.000458257 -0.0137926 0.0492462 -0.0253603 -0.0433336 -0.0643154 -0.0187066 -0.0234509 0.0101121 0.0182371 -0.0120524 0.0107729 0.0105922 0.0269769 -0.0366885 0.0137151 -0.00640635 0.0918142 -0.00749758 0.00169097 -0.020015 -0.00704919 -0.0167688 0.00530174 -0.00153805 0.0124643 0.0444189 0.0364752 -0.0540758 0.0859864
internal_weight=5592.98 4409.92 1183.06 2971.82 1481.33 799.859 681.469 653.419 1438.09 1052.33 385.758 249.98 945.63 481.51 87.8177 485.5 464.12 28.0496 1490.5 859.542 630.954 480.982 145.23 419.098 356.724 273.24 62.3745 162.162 135.778 106.705
internal_count=504702 376966 127736 316615 259180 193312 65868 64499 60351 39620 20731 4727 35177 15419 1989 14128 19758 1369 57435 17225 40210 8472 4803 7737 5946 4725 1791 2738 16004 4443
is_linear=0
shrinkage=0.08


Tree=61
num_leaves=31
num_cat=0
split_feature=16 15 0 9 11 4 7 9 6 5 9 4 13 0 4 5 15 0 5 7 4 4 2 0 5 2 10 9 0 4
split_gain=515.113 175.527 138.011 197.278 131.501 93.5094 68.3203 124.558 55.9404 61.5385 49.6772 46.8858 39.2191 46.7835 60.5894 41.4778 36.5552 35.5809 34.5139 33.0604 25.0428 26.5267 22.5528 30.2837 20.716 18.6241 17.8079 15.8289 14.1338 13.4925
threshold=0.79550084471702587 1.0000000180025095e-35 0.66287881135940563 0.31698563694953924 1.5000000000000002 0.14835165441036227 1.0000000180025095e-35 0.13840996474027636 0.48181217908859258 0.46428571641445165 0.11651583760976793 0.44949495792388922 1.0000000180025095e-35 0.4970588237047196 0.074175827205181136 0.38750000298023229 1.0000000180025095e-35 0.38742592930793768 0.26785714924335485 0.62973192334175121 0.86607143282890331 0.76388889551162731 0.270728349685669 0.62115561962127697 0.91666665673255932 0.79118219017982494 1.0000000180025095e-35 0.042572464793920524 0.20761494338512423 0.11805555596947671
decision_type=2 2 2 2 2 2 2 2 2 2 2 2 2 2 2 2 2 2 2 2 2 2 2 2 2 2 2 2 2 2
left_child=1 12 3 11 -2 10 -7 -8 17 -10 -4 -3 13 19 27 -16 -6 -5 22 -1 21 26 -14 -24 -23 -13 -18 -15 -21 -12
right_child=4 2 5 8 16 6 7 -9 9 -11 29 25 18 14 15 -17 20 -19 -20 28 -22 24 23 -25 -26 -27 -28 -29 -30 -31
leaf_value=-0.063396831859061212 0.074535097925958291 -0.074290650497430333 -0.081140751440063871 0.0056687333170786893 0.079398412737602883 0.001501910800791308 -0.077392237496846511 0.00066587314336711992 -0.033436223017638621 0.070005639677290663 0.10397381204891931 0.087220040854085398 0.056705693268053782 -0.062793789251478618 -0.030939656718990922 0.013973100197676844 -0.0075436739172220491 0.080307180510596043 0.07232817244851461 0.062029955763041981 0.061790497891210966 -0.15417511963214231 -0.019099266526935062 0.052673277620770884 -0.02573459433226662 -0.025632893686732498 0.03475096606509722 0.097160725463258268 -0.013746373676914003 0.048596391626070407
leaf_weight=103.05900106346235 606.74578824965283 715.31700311228633 14.308593998430295 151.1290345126763 51.038290513679385 856.75698402803391 241.50266722263768 285.50141159654595 415.65755104320124 40.383352781645954 58.024116531014442 10.712349682115017 67.981005034875125 4.2443602401763192 163.46421226277016 675.1165341376327 176.19367499090731 56.031184253748506 104.63314805552363 19.723000694997609 46.644030379597098 11.252673016861079 124.66707318788394 53.888000920647755 28.121345807798207 74.081861806334928 99.799867146648467 58.992246013134718 78.269387307111174 54.707227670587599
leaf_count=14054 106966 218230 3159 2085 5767 5540 62666 6505 10151 1063 2446 870 1615 422 9110 21530 1850 1560 8533 214 3157 87 3172 2819 398 4305 1737 1748 1824 1119
internal_value=-0.00042758 -0.0122327 -0.0233695 -0.0408802 0.0508325 -0.00640918 -0.0124397 -0.0351047 -0.0086166 -0.0242762 0.059277 -0.0676231 0.0105467 0.00313277 0.0109126 0.00521827 0.0160149 0.0258564 0.0338305 -0.0317636 0.00707872 -0.00101336 0.0174916 0.00256172 -0.0624415 -0.0113758 0.00775016 0.0864248 0.00150518 0.0770998
internal_weight=5447.95 4428.15 2974.11 1463.31 1019.8 1510.8 1383.76 527.004 663.201 456.041 127.04 800.111 1454.04 1102.87 901.817 838.581 413.05 207.16 351.169 201.051 362.012 315.368 246.536 178.555 39.374 84.7942 275.994 63.2366 97.9924 112.731
internal_count=504702 384740 319699 238264 119962 81435 74711 69171 14859 11214 6724 223405 65041 48902 32810 30640 12996 3645 16139 16092 7229 4072 7606 5991 485 5175 3587 2170 2038 3565
is_linear=0
shrinkage=0.08


Tree=62
num_leaves=31
num_cat=0
split_feature=16 11 11 9 7 3 2 15 9 0 0 10 15 12 9 1 1 3 7 4 10 11 0 2 11 11 0 4 6 2
split_gain=458.972 159.609 128.476 122.272 218.836 126.968 105.57 94.2104 49.6886 48.9537 61.9889 42.5435 34.3679 22.7192 34.9682 22.6309 21.8518 17.9571 17.7157 15.304 15.4812 14.873 14.5087 12.0478 11.6225 11.2179 11.1713 64.935 10.8848 8.20716
threshold=0.79550084471702587 2.5000000000000004 1.5000000000000002 0.18019481003284457 0.24575784057378772 0.55217784643173229 0.94609123468399059 1.0000000180025095e-35 0.050641026347875602 0.22401433438062671 0.44337606430053716 1.0000000180025095e-35 1.0000000180025095e-35 1.0000000180025095e-35 0.050641026347875602 0.9529346525669099 0.87138131260871898 0.75716626644134533 0.59105202555656444 0.76388889551162731 1.0000000180025095e-35 4.5000000000000009 0.92907443642616283 0.598850578069687 4.5000000000000009 1.0000000180025095e-35 0.628892481327057 0.11805555596947671 0.85857143998146068 0.94804319739341747
decision_type=2 2 2 2 2 2 2 2 2 2 2 2 2 2 2 2 2 2 2 2 2 2 2 2 2 2 2 2 2 2
left_child=1 3 -2 4 22 9 16 8 -6 18 -11 17 -4 -8 29 19 26 -7 -5 20 -14 -16 23 -1 -17 -13 -3 -28 -21 -15
right_child=2 6 12 5 7 11 13 -9 -10 10 -12 25 15 14 21 24 -18 -19 -20 28 -22 -23 -24 -25 -26 -27 27 -29 -30 -31
leaf_value=-0.072991249944626566 0.074047683998594141 -0.071703471503799937 0.079202160529271565 -0.05164041371324548 -0.077458248954035303 -0.034238857656762427 0.043418559486539929 -0.076328353553829636 0.0084566802706163742 -0.027289459405654044 0.012816676515100251 0.084062056362673068 -0.0077631078641421259 0.58510536580489092 0.029716955458727906 0.069599763384652402 -0.0014926455692890256 0.032025286661331212 0.045391504185359609 -0.068561522096431501 0.032257190517075471 -0.059105220402074714 0.017040646951301329 -0.001673882481617114 -0.13522307720372514 0.052908536711053937 0.10555927952726235 -0.060829392681747044 0.019090687618333217 -0.076852485526097011
leaf_weight=15.415175973670555 563.63724739314057 361.98770996346138 47.226365556009114 13.025273123057557 57.481709508458152 40.762667834758759 72.162659784313291 438.6382442000322 171.98277044855058 515.69761745096184 472.74897946976125 124.6082975694444 175.41797940805554 0.12023275741375883 74.353923982009292 41.459467309527099 39.509346897481009 73.12886227411218 159.56624163943343 32.401036629453301 95.562416451983154 14.402227645972742 313.5992248931434 915.72922898456454 1.8522677216678847 182.04439878952689 16.142782874871045 214.11456244601868 12.590647259727119 39.788268897449598
leaf_count=3560 106966 97385 5767 1422 9251 1199 1124 141130 8226 21812 14646 12221 1743 39 2291 3296 2194 1932 2268 330 1630 483 3028 10032 19 7325 921 30593 211 11658
internal_value=-0.000408407 -0.0115587 0.0493237 -0.00405889 -0.0176661 0.0123984 -0.0430362 -0.0546002 -0.0130653 -0.00124347 -0.00810771 0.0500609 0.0150432 0.00748925 -0.012662 0.00660978 -0.0590976 0.00830883 0.0380686 -0.000823851 0.00635022 0.015304 0.00215782 -0.00285455 0.0608403 0.0655678 -0.0629405 -0.0491643 -0.0440326 -0.0748582
internal_weight=5297.16 4327.01 970.147 3494.43 1912.85 1581.58 832.582 668.103 229.464 1161.04 988.447 420.544 406.51 200.827 128.665 359.284 631.754 113.892 172.592 315.972 270.98 88.7562 1244.74 931.144 43.3117 306.653 592.245 230.257 44.9917 39.9085
internal_count=504702 384740 119962 238052 175227 62825 146688 158607 17477 40148 36458 22677 12996 15595 14471 7229 131093 3131 3690 3914 3373 2774 16620 13592 3315 19546 128899 31514 541 11697
is_linear=0
shrinkage=0.08


Tree=63
num_leaves=31
num_cat=0
split_feature=16 15 11 11 5 9 9 7 10 2 10 15 11 11 6 7 1 10 5 9 10 5 6 16 3 12 1 3 9 9
split_gain=408.478 144.381 125.131 114.777 94.9499 62.058 47.4632 83.1808 36.5678 40.6829 35.5794 32.266 31.3089 28.9496 27.9284 22.3134 20.4969 20.2682 28.5677 33.9603 30.3735 18.068 43.3796 16.0216 18.6918 14.0759 13.778 10.8978 10.3869 15.1462
threshold=0.79550084471702587 1.0000000180025095e-35 1.5000000000000002 1.5000000000000002 0.46428571641445165 0.26201373338699346 0.18019481003284457 1.0000000180025095e-35 1.5000000000000002 0.92907443642616283 1.0000000180025095e-35 1.0000000180025095e-35 3.5000000000000004 2.5000000000000004 0.47114317119121557 0.62973192334175121 0.9529346525669099 1.5000000000000002 0.38750000298023229 0.43167701363563543 1.0000000180025095e-35 0.61250001192092907 0.93582704663276683 0.70055997371673595 0.31662489473819738 1.0000000180025095e-35 0.83910790085792553 0.51899951696395885 0.91106721758842479 0.90692642331123363
decision_type=2 2 2 2 2 2 2 2 2 2 2 2 2 2 2 2 2 2 2 2 2 2 2 2 2 2 2 2 2 2
left_child=1 8 -2 17 5 -5 7 -6 9 13 25 -4 -8 15 -7 -1 21 18 19 -3 -20 26 -23 -19 -25 -11 -13 28 29 -10
right_child=2 3 11 4 6 14 12 -9 27 10 -12 16 -14 -15 -16 -17 -18 23 20 -21 -22 22 -24 24 -26 -27 -28 -29 -30 -31
leaf_value=-0.010902611199353712 0.073531077183142918 -0.040523974697471064 0.079000831278463676 -0.073087311861542756 0.00063546129417928838 0.034720401015018082 0.036845623023786682 -0.069362960544090135 0.025883503086498019 0.020145520763163515 0.065677204235527337 0.0013402516984388864 -0.060360958988455171 -0.040233217658050553 -0.0364606413671303 0.019586906432132224 0.059457785892943676 0.033476174654847708 -0.0028264779034005579 -0.0024542836837696119 0.059873515827402628 0.00078320633200275108 -0.10683025460640534 -0.11394695249066893 0.01437134178987126 -0.01834948773234632 0.07164513260930766 0.080242755187177231 0.085394649375219719 -0.24282314362227261
leaf_weight=391.97092898539267 523.8129469146952 305.28049981384538 43.702101851347834 505.96006224723533 264.53952476941049 42.591583224479109 139.72781493328512 184.37331078504212 91.123737721471116 302.94439437729307 101.86271165288053 37.693148758262396 25.000018960563466 130.79078450379893 205.42588023212738 252.62615707190707 40.898262291681021 129.94878339138813 636.07697751559317 294.7670994088985 53.614929084898904 217.17614323180169 26.948315003886819 11.037771025672553 21.257545820437372 76.053837011568248 33.870809016749263 43.897628031671047 20.085398622322828 1.3626165962778021
leaf_count=20974 106966 39809 5767 182537 1919 1599 1402 61723 2085 4614 6585 383 350 12162 10158 7786 3315 1993 8336 4422 3326 2750 259 199 1926 5814 522 4397 611 13
internal_value=-0.000390102 -0.0109114 0.0477968 -0.0213704 -0.0380016 -0.0570182 -0.014636 -0.0281136 0.00996334 0.00542091 0.0237022 0.0141213 0.022093 -0.00591636 -0.0242369 0.00104664 0.00616993 -0.00570557 -0.00905793 -0.0218226 0.00204766 -0.00073365 -0.011096 0.0209435 -0.0294848 0.0124207 0.0346151 0.0464332 0.0332491 0.0219246
internal_weight=5156.42 4232.32 924.102 2819.6 1367.62 753.978 613.641 448.913 1412.72 1256.25 480.861 400.289 164.728 775.388 248.017 644.597 356.587 1451.98 1289.74 600.048 689.692 315.688 244.124 162.244 32.2953 378.998 71.564 156.469 112.572 92.4864
internal_count=504702 384740 119962 319699 259688 194294 65394 63642 65041 57935 17013 12996 1752 40922 11757 28760 7229 60011 55893 44231 11662 3914 3009 4118 2125 10428 905 7106 2709 2098
is_linear=0
shrinkage=0.08


Tree=64
num_leaves=31
num_cat=0
split_feature=16 0 8 4 11 4 2 10 4 4 0 4 8 11 5 15 12 5 10 4 4 7 8 5 2 4 1 8 11 11
split_gain=362.676 129.637 218.565 132.44 121.602 89.3504 68.8912 72.0439 65.556 118.343 133.157 80.2829 45.2324 35.6057 30.5096 30.252 25.8069 25.0691 34.8207 19.0009 24.0658 18.177 23.2766 16.4609 15.6085 15.038 14.5307 12.6173 12.07 11.3187
threshold=0.79550084471702587 0.66287881135940563 0.65889152884483349 0.14835165441036227 1.5000000000000002 0.31666667759418493 0.92805382609367382 1.0000000180025095e-35 0.44949495792388922 1.0000000180025095e-35 0.51191151142120372 0.31666667759418493 0.51491078734397899 2.5000000000000004 0.15476191043853763 1.0000000180025095e-35 1.0000000180025095e-35 0.46428571641445165 1.0000000180025095e-35 0.86607143282890331 0.83974358439445507 0.48989796638488775 0.65232810378074657 0.61250001192092907 0.81872946023941051 0.11805555596947671 0.78142958879470836 0.51195240020751964 3.5000000000000004 4.5000000000000009
decision_type=2 2 2 2 2 2 2 2 2 2 2 2 2 2 2 2 2 2 2 2 2 2 2 2 2 2 2 2 2 2
left_child=1 2 5 12 -2 -1 13 16 9 10 -4 -11 -3 14 -5 -6 -8 -7 -19 20 23 22 -14 -17 -10 -23 -15 -9 -26 -21
right_child=4 3 8 6 15 17 7 27 24 11 -12 -13 21 26 -16 19 -18 18 -20 29 -22 25 -24 -25 28 -27 -28 -29 -30 -31
leaf_value=-0.074060766801271619 0.07298333630351457 -0.049282710869801294 -0.0063626050272066479 -0.070458431205496705 0.07879331001003391 -0.057254871674676917 0.0071314639219016316 0.023470020345709403 0.097444986332869243 -0.084789605056119155 0.090364988316355713 0.016259048569664095 0.34402330264945186 -0.071797318084177247 -0.0069731306169189267 0.034285062888326057 -0.02667582090313364 -0.011409730667763273 0.096623226149124997 0.066490348714415101 -0.31269424713254707 0.09248894836602195 0.11371268818172178 -0.0093461207508262444 0.043709700652764027 0.040450302339406684 -0.025306150250992646 0.07699063523459318 -0.096189513440650368 -0.139777311244284
leaf_weight=579.4141990293283 487.02500452939421 19.072415626607835 693.99498304491863 52.870404097018763 40.444143313914537 56.661541542969644 929.80966519005597 38.759355767862871 43.184421256650239 180.88515811064281 104.84436267358251 69.713744414038956 3.3417924141977009 105.23370722355321 579.11738266004249 71.874698361381888 171.10170673788525 121.71492867311463 22.647187829948962 38.628061263822019 1.5761861130595196 85.160063459537923 17.598424501251429 240.56031243130565 40.702531022485346 60.99576458032243 72.783024176023901 103.38334356131963 4.3707339898683122 1.7811181005090464
leaf_count=211322 106966 3779 18324 1565 5767 14276 10462 506 1676 6954 2658 2075 120 17039 30698 1079 26228 12884 738 3140 20 5022 247 2973 2255 1341 6070 8460 41 17
internal_value=-0.000363394 -0.0102481 -0.0255117 0.0028267 0.0462347 -0.0581167 -0.00303203 0.00879757 -0.0031452 -0.00871424 0.00633249 -0.056679 0.0674365 -0.021186 -0.0122841 0.0132431 0.0018772 -0.012161 0.00553822 0.00576291 -0.000881948 0.0807588 0.150467 0.000691097 0.0630742 0.0707715 -0.0527892 0.0623967 0.0301437 0.0573987
internal_weight=5039.25 4157.36 1918.13 2239.23 881.89 780.438 2053.06 1243.05 1137.7 1049.44 798.839 250.599 186.168 810.005 631.988 394.865 1100.91 201.024 144.362 354.42 314.011 167.096 20.9402 312.435 88.2577 146.156 178.017 142.143 45.0733 40.4092
internal_count=504702 384740 273203 111537 119962 239220 101028 45656 33983 30011 20982 9029 10509 55372 32263 12996 36690 27898 13622 7229 4072 6730 367 4052 3972 6363 23109 8966 2296 3157
is_linear=0
shrinkage=0.08


Tree=65
num_leaves=31
num_cat=0
split_feature=8 4 1 0 15 8 5 10 7 8 5 8 11 11 8 0 9 0 4 6 9 6 0 0 0 5 1 4 4 5
split_gain=292.146 236.28 178.63 98.8405 58.7405 53.6172 50.86 58.3727 106.7 72.9056 49.8581 41.0356 32.1116 30.252 31.0112 25.5606 28.1693 25.0149 58.0497 30.637 24.2641 23.7745 29.2511 27.5903 18.3084 17.9546 15.6824 15.4704 14.7479 23.3402
threshold=0.72792208194732677 0.31666667759418493 0.88203668594360363 0.76506900787353527 1.0000000180025095e-35 0.98101189732551586 0.30952382087707525 1.0000000180025095e-35 1.0000000180025095e-35 0.45176798105239874 0.41428571939468389 0.58355855941772472 1.5000000000000002 3.5000000000000004 0.49743561446666723 0.71010184288024913 0.91106721758842479 0.60736888647079479 0.11805555596947671 0.4403389841318131 0.061553031206130988 0.60172414779663097 0.74601566791534435 0.53410854935646068 0.64326766133308422 0.30952382087707525 0.9529346525669099 0.44949495792388922 0.78888890147209179 0.91666665673255932
decision_type=2 2 2 2 2 2 2 2 2 2 2 2 2 2 2 2 2 2 2 2 2 2 2 2 2 2 2 2 2 2
left_child=1 3 4 11 10 21 -3 8 27 -10 15 -1 -4 14 -9 16 -2 19 -19 -13 -5 23 -23 -6 -7 -22 28 -8 -14 -30
right_child=2 6 12 20 5 24 7 13 9 -11 -12 17 26 -15 -16 -17 -18 18 -20 -21 25 22 -24 -25 -26 -27 -28 -29 29 -31
leaf_value=-0.074853010764476771 0.000562637513165144 -0.068833157065938955 0.079117841494364835 -0.017592398946814032 -0.0065553635141166345 0.013161948743056005 0.038363883772975275 -0.00037743289651076192 -0.073771913082064308 -0.0067013005650345108 0.073273762348428292 0.029088422950228697 0.036763770720889696 -0.057077009112126577 0.068509117049253873 0.066980237564813569 0.072143544664256667 0.15747000151775664 -0.049673107680211048 -0.064179155753569112 0.14112527989952403 -0.034132523405738323 0.0014248208676852065 0.053655056761264489 0.054206111560198125 -0.093070087605320317 0.076039727979548138 0.003039369380831838 -0.16706390651980216 0.0094999328260923638
leaf_weight=517.5807940105442 306.96628234791569 73.544649066636339 313.06239643041044 12.890416745794935 180.50624774652533 193.48903035977855 84.972877282183617 60.220262466697022 214.06863786559552 201.22185763926245 133.57455822546035 28.127185647841543 107.15912845684215 19.464228140190244 136.91544012492523 56.082968122791499 39.740544057451189 13.886279470752923 22.998591014184058 113.48546707490459 21.676806233357642 364.56901436392218 249.33611997170374 66.707292700186372 108.59075135691091 2.3192244581878176 48.626582683995366 1198.4021622613072 6.071301735937598 22.732775263953954
leaf_count=209475 5836 13542 73815 1967 3823 3226 1512 2325 66844 9316 20983 2812 3080 1168 5432 6113 1599 159 1402 19208 483 11241 9214 2374 12354 154 6615 7910 81 639
internal_value=-0.000339422 -0.0178565 0.0213597 -0.0566834 0.00901654 -0.00108281 -0.00354708 -0.00104015 -0.00602733 -0.041274 0.0309187 -0.0634461 0.0635135 0.0380714 0.0474659 0.0168728 0.00876745 -0.03037 0.0283114 -0.0456543 0.0709345 -0.0112557 -0.019691 0.00969162 0.0279164 0.11849 0.0370486 0.00537822 0.0231036 -0.0277161
internal_weight=4918.99 2721.77 2197.21 732.965 1699.56 1163.2 1988.81 1915.27 1698.67 415.29 536.364 696.078 497.652 216.6 197.136 402.79 346.707 178.498 36.8849 141.613 36.8864 861.119 613.905 247.214 302.08 23.996 184.59 1283.38 135.963 28.8041
internal_count=504702 343709 160993 235660 76763 42232 108049 94507 85582 76160 34531 233056 84230 8925 7757 13548 7435 23581 1561 22020 2604 26652 20455 6197 15580 637 10415 9422 3800 720
is_linear=0
shrinkage=0.08


Tree=66
num_leaves=31
num_cat=0
split_feature=16 15 13 0 9 4 15 7 9 4 6 5 9 4 8 7 0 0 6 4 5 0 9 4 9 7 5 6 2 0
split_gain=283.324 110.304 100.701 91.2244 151.631 71.5124 48.4303 45.6712 99.7773 44.9308 41.347 45.3678 36.0965 31.2531 31.0132 53.7154 51.4438 43.7004 40.6641 33.1376 63.0936 27.8043 26.5462 18.6401 32.4484 18.5402 17.301 16.4874 16.1182 14.0397
threshold=0.79550084471702587 1.0000000180025095e-35 1.0000000180025095e-35 0.66287881135940563 0.31698563694953924 0.14835165441036227 1.0000000180025095e-35 1.0000000180025095e-35 0.13840996474027636 0.44949495792388922 0.48181217908859258 0.46428571641445165 0.11651583760976793 0.86607143282890331 0.49743561446666723 0.28505899012088781 0.44337606430053716 0.28730159997940069 0.30094340443611151 0.074175827205181136 0.13392857462167743 0.38742592930793768 0.10762548446655275 0.76388889551162731 0.8441295623779298 0.60265192389488231 0.91666665673255932 0.55051019787788402 0.79118219017982494 0.84356173872947704
decision_type=2 2 2 2 2 2 2 2 2 2 2 2 2 2 2 2 2 2 2 2 2 2 2 2 2 2 2 2 2 2
left_child=1 14 6 4 9 12 -2 -7 -9 -3 21 -12 -5 23 15 -1 17 25 -19 27 -21 -6 -17 29 -25 -16 -24 -18 -11 -8
right_child=2 3 -4 5 10 7 13 8 -10 28 11 -13 -14 -15 16 22 19 18 -20 20 -22 -23 26 24 -26 -27 -28 -29 -30 -31
leaf_value=0.011415614422619376 0.079395660988849592 -0.071804562640907441 0.076502019059119658 -0.081113197408992907 0.0056162354703765309 0.00096515749857087254 -0.012884545105253151 -0.075937129508100151 0.00049072448879790905 0.083788041715106273 -0.028981583710271513 0.063889985661709045 0.071322050807167761 0.062685880941198244 -0.046010450237041804 -0.059109223172036457 0.12466884465855003 0.097538446464218359 -0.052827147219982287 -0.03862233782993519 0.042620016570848719 0.074169048894052084 -0.028883570629376427 -0.037552380488637592 -0.46614971414291023 0.035190919705295663 0.076323886087146312 0.055098528100379948 -0.021575939441116933 0.022183557297919081
leaf_weight=416.98275732970797 72.204652322456241 520.71909155591857 334.65521491481923 11.018717895145526 149.2799386116676 849.16896934295073 133.0336828569416 183.79302947525866 269.80601863423362 10.726013293722643 392.97612734138966 36.817609704798087 101.74271795386449 57.624520139070228 20.961357430322096 131.92020513606258 32.198294076137245 12.681526734493671 124.65098896296695 77.404323714785278 291.85218913853168 50.734136745100841 24.330359254963696 44.90084331179969 1.1597093062009651 127.19256446929649 16.988623972050846 67.5171802372206 69.503753920085728 162.09072102839127
leaf_count=6139 15084 218230 84741 3159 2085 5540 3668 62666 6505 870 10151 1063 3565 8576 2262 21689 1198 569 6158 2370 16090 1560 2619 1131 121 2374 171 3402 4305 6641
internal_value=-0.000325934 -0.00906174 0.0429478 -0.0185424 -0.0344718 -0.00469224 0.0191075 -0.00998239 -0.0304769 -0.0632182 -0.00704262 -0.0210259 0.0564265 0.00819234 0.00959581 -0.0041403 0.0203417 -0.00643266 -0.0389421 0.0366406 0.0255898 0.0230049 -0.041583 -0.00101136 -0.0483436 0.0237023 0.0143733 0.0775629 -0.0074897 0.00637585
internal_weight=4796.64 3990.97 805.669 2646.29 1230.76 1415.53 471.014 1302.77 453.599 600.949 629.808 429.794 112.761 398.809 1344.68 590.222 754.458 285.486 137.333 468.972 369.257 200.014 173.239 341.185 46.0606 148.154 41.319 99.7155 80.2298 295.124
internal_count=504702 384740 119962 319699 238264 81435 35221 74711 69171 223405 14859 11214 6724 20137 65041 30618 34423 11363 6727 23060 18460 3645 24479 11561 1252 4636 2790 4600 5175 10309
is_linear=0
shrinkage=0.08


Tree=67
num_leaves=31
num_cat=0
split_feature=13 2 3 8 7 8 10 5 2 0 4 6 0 9 4 0 6 5 0 9 7 9 6 0 3 7 9 6 5 7
split_gain=257.21 183.603 182.424 99.3534 90.3311 111.442 71.3187 36.8678 43.9203 43.812 71.5901 38.9606 35.8694 22.0721 19.1607 52.297 32.3187 28.2776 17.0949 17.0112 41.1596 35.3636 17.0357 16.825 16.7163 13.413 12.8001 42.1622 12.3991 12.0498
threshold=1.0000000180025095e-35 0.94360822439193737 0.51668518781661998 0.88103562593460094 1.0000000180025095e-35 0.49743561446666723 1.0000000180025095e-35 0.23611111193895343 0.30210618674755102 0.64747309684753429 0.21111111342906955 0.31643131375312811 0.48610039055347448 0.11651583760976793 1.0000000180025095e-35 0.4970588237047196 0.84409722685813915 0.30952382087707525 0.94474968314170849 0.21807064861059192 0.25472371280193334 0.050641026347875602 0.90661337971687328 0.26365442574024206 0.93788579106330883 0.82548910379409801 0.89564427733421337 0.69309264421463024 0.30952382087707525 0.56973218917846691
decision_type=2 2 2 2 2 2 2 2 2 2 2 2 2 2 2 2 2 2 2 2 2 2 2 2 2 2 2 2 2 2
left_child=1 3 7 4 18 -6 19 8 29 11 -11 -10 -7 -4 15 23 17 -16 28 20 -3 -22 25 -5 -18 -21 -8 -28 -1 -2
right_child=2 6 13 14 5 12 26 -9 9 10 -12 -13 -14 -15 16 -17 24 -19 -20 22 21 -23 -24 -25 -26 -27 27 -29 -30 -31
leaf_value=-0.064021702190768762 -0.045396947203919125 0.006952873751748391 -0.0098129915028222024 0.035239660045010925 -0.075170106353139157 -0.049014683000743652 0.055095039080148574 0.071778565541020467 0.095080518983277976 0.078163677808361434 -0.14010554692503521 -0.042717877527204885 -0.01262329780743819 0.077611324400185144 -0.11450923865836782 0.090026081990353002 0.025198923694093548 -0.013512150385092332 0.095194998698613975 0.040469645698898458 -0.075328462012339129 -0.0040933408740828313 0.062932341939359385 -0.020993381734420509 -0.034421484424704975 -0.0046068182423906678 -1.4216774247427351 -0.0095203122369695841 -0.0033391988407997578 0.031261464444490301
leaf_weight=22.690040800254792 13.98411959945224 863.51781743054744 19.327058194205165 54.931126062758267 488.3314250720432 274.15720155939925 215.0464636500692 49.680277564562857 13.911819301778449 53.299502653768286 11.73451434378512 234.13967962493189 471.39561578491703 422.93710576347075 27.813272851752117 58.508121299790218 137.2258939340245 48.998010910116136 10.857216686010359 66.338060324080288 78.667922948603518 102.99556311045308 53.933480026200414 89.593406910076737 38.553318188292906 116.33988002012484 0.15978458058088907 0.88347577210515738 428.80920574325137 213.17437929310836
leaf_count=4282 2521 7037 1080 568 224185 40817 20287 3056 228 2929 335 9651 25948 96132 576 2043 4573 1399 66 1990 26790 4621 7659 1865 1792 3531 38 197 5505 3001
internal_value=-0.000311041 -0.0102827 0.0349482 -0.025253 -0.0341621 -0.0454631 0.0112236 0.00582802 -0.000236718 -0.0196662 0.0387799 -0.0349895 -0.0260053 0.0737909 0.00791461 0.0262132 -0.00679385 -0.0500831 -0.00400336 0.00405626 -0.000328746 -0.0349411 0.0234261 0.000379767 0.0121225 0.0117623 0.0537389 -0.225805 -0.00638879 0.0265423
internal_weight=4681.93 3649.75 1032.19 2151.86 1696.24 1233.88 1497.88 589.924 540.244 313.086 65.034 248.051 745.553 442.264 455.623 203.033 252.59 76.8113 462.356 1281.79 1045.18 181.663 236.611 144.525 175.779 182.678 216.09 1.04326 451.499 227.158
internal_count=504702 385769 118933 313619 300803 290950 72150 21721 18665 13143 3264 9879 66765 97212 12816 4476 8340 1975 9853 51628 38448 31411 13180 2433 6365 5521 20522 235 9787 5522
is_linear=0
shrinkage=0.08


Tree=68
num_leaves=31
num_cat=0
split_feature=13 2 2 8 7 8 9 11 15 16 7 9 2 5 4 2 15 6 8 9 8 11 5 9 8 15 5 6 6 4
split_gain=226.482 159.984 156.399 87.7128 82.4005 110.932 50.1505 30.8929 25.1437 27.6111 24.6388 39.0706 24.3381 23.7231 29.7081 38.1588 23.3791 21.6026 21.4578 23.9532 21.3901 19.4055 18.8604 17.4474 13.9876 12.8404 12.1661 16.58 10.3226 10.107
threshold=1.0000000180025095e-35 0.94360822439193737 0.7320508360862733 0.88103562593460094 1.0000000180025095e-35 0.49743561446666723 0.15894736349582675 2.5000000000000004 1.0000000180025095e-35 0.69355911016464245 0.30320054292678839 0.050641026347875602 0.23845060169696811 0.46428571641445165 0.080128207802772536 0.47478812932968145 1.0000000180025095e-35 0.93582704663276683 0.98802351951599132 0.82480818033218395 0.34384952485561376 1.5000000000000002 0.91666665673255932 0.12060606107115747 0.61302095651626598 1.0000000180025095e-35 0.30952382087707525 0.680425524711609 0.18301435559988025 0.31666667759418493
decision_type=2 2 2 2 2 2 2 2 2 2 2 2 2 2 2 2 2 2 2 2 2 2 2 2 2 2 2 2 2 2
left_child=1 3 12 4 26 -6 10 -7 -8 24 20 -12 -2 14 15 -14 28 -16 19 -18 -3 -20 -11 -4 -10 -13 -1 -28 -5 -15
right_child=2 6 23 16 5 7 8 -9 9 22 11 25 13 29 17 -17 18 -19 21 -21 -22 -23 -24 -25 -26 -27 27 -29 -30 -31
leaf_value=-0.062599826564141217 0.040552145709839095 0.0053596116561751049 -0.010537541268070525 -0.1302588372490385 -0.074665698099807554 -0.013419525850788053 0.069402590147055535 -0.049013974647491243 0.20323654686479986 -0.019778503867188813 -0.075386344555055787 0.02217117111013284 -0.0031398709871949121 -0.063557309540939563 -0.060810626373679892 0.0712375229948016 -0.0083087535440605174 0.012202148523561386 0.008004702824667401 -0.15943068913771247 0.15975884665487847 0.088085118787382663 0.027285515010744367 0.075761489850196054 0.067591665655387434 -0.039797775554522338 0.057904317599689552 -0.004945709900620948 0.051246712418673665 0.11207896221510021
leaf_weight=21.402159338351339 115.62926678243093 871.59781076700892 15.606198442168532 2.0582613162696353 453.71116601326503 508.54447718383744 96.423204803839326 225.14146855531726 6.7413323409855392 70.349924137583002 65.399100616225041 72.019970511319116 290.09166322136298 2.4150729521643397 82.957808401202783 52.070129401981831 273.90213920385577 37.731031184550375 62.695004588458687 6.8811992944683871 5.7806094903498879 28.022761176340282 241.79265088774264 381.78883795789443 17.48398808715865 30.446740195970051 28.745178514393046 410.26029566954821 77.995253201341256 15.91481112106703
leaf_count=4282 2541 10655 497 14 224185 38578 16054 28187 132 2331 23331 1380 10650 131 4035 4885 5849 1381 2513 192 146 484 14755 93817 171 3195 1279 4292 3764 996
internal_value=-0.000288888 -0.00967591 0.0334879 -0.0238712 -0.0324313 -0.0435711 0.0104867 -0.0243422 0.0333877 0.0230637 0.00100434 -0.0270761 0.00759608 -0.000323371 -0.00385831 0.00817887 0.00736628 -0.0379846 -0.00108376 -0.0120123 0.00637687 0.0327416 0.0166783 0.0723724 0.105338 0.00375785 -0.00370178 -0.000830419 0.04658 0.0889378
internal_weight=4571.6 3577.39 994.205 2099.36 1647.8 1187.4 1478.04 733.686 432.791 336.368 1045.24 167.866 596.81 481.181 462.851 342.162 451.555 120.689 371.501 280.783 877.378 90.7178 312.143 397.395 24.2253 102.467 460.408 439.005 80.0535 18.3299
internal_count=504702 385769 118933 313619 300803 290950 72150 66765 33443 17389 38707 27906 24619 22078 20951 15535 12816 5416 9038 6041 10801 2997 17086 94314 303 4575 9853 5571 3778 1127
is_linear=0
shrinkage=0.08


Tree=69
num_leaves=31
num_cat=0
split_feature=13 5 0 7 10 12 8 5 1 6 0 6 0 6 2 10 16 5 8 7 2 0 0 5 6 0 7 0 1 8
split_gain=198.307 148.666 138.895 96.6585 50.683 56.4294 72.6235 45.6045 41.9821 43.3176 40.1752 38.2524 37.8576 36.3991 31.992 28.5361 28.6604 27.4912 26.3916 24.2219 22.5419 28.1043 16.5899 14.9106 24.8704 14.3342 13.8481 13.2054 12.8786 12.0278
threshold=1.0000000180025095e-35 0.23611111193895343 0.61311829090118419 0.73978170752525341 1.0000000180025095e-35 1.0000000180025095e-35 0.44965827465057379 0.46428571641445165 0.8263767957687379 0.65545505285263073 0.72638148069381725 0.4403389841318131 0.48610039055347448 0.63714733719825756 0.5912291705608369 1.0000000180025095e-35 0.30293948948383337 0.13392857462167743 0.51756480336189281 0.60265192389488231 0.30210618674755102 0.4654348641633988 0.22401433438062671 0.46428571641445165 0.50384616851806652 0.56294015049934398 0.9631328582763673 0.44337606430053716 0.44590643048286444 0.79226601123809826
decision_type=2 2 2 2 2 2 2 2 2 2 2 2 2 2 2 2 2 2 2 2 2 2 2 2 2 2 2 2 2 2
left_child=2 10 3 7 5 19 -7 11 9 -6 13 12 -1 25 -11 16 -9 -8 -3 28 27 -22 29 24 -24 26 -2 -15 -4 -5
right_child=1 18 4 22 8 6 17 15 -10 14 -12 -13 -14 20 -16 -17 -18 -19 -20 -21 21 -23 23 -25 -26 -27 -28 -29 -30 -31
leaf_value=-0.03325068315647732 0.0044219606042460412 -0.010344069178725764 0.21543732943781757 0.21375671758956913 0.065368652325278859 -0.076286644665582576 0.096236676983974603 0.040652504813652027 0.048657039394250992 0.069062046144651931 0.07376195314181809 -0.069065397543131027 0.11609079562166151 0.011323300667110328 -0.016805694395885872 0.061379889939965696 -0.058257996441195385 -0.014192382749064633 0.07622813177247395 0.055280732377507545 -0.070845228863808993 -0.009660862863150833 0.029270574892732548 0.053990644513661215 -0.032502826196643235 0.09712184769085308 0.045946676273212986 0.17159420414474366 0.00069451850892543617 0.040279708132464592
leaf_weight=75.9974760573823 180.56177812803071 24.056448417948559 1.7897143035661418 2.7206174368038765 62.08571446838323 142.00555006333161 14.940814880304968 26.781710750423372 221.93974832887761 30.940207417588681 51.761665579280816 483.17727318685502 12.675485992804168 60.995033899089321 270.93784208991565 30.189378076931462 62.510231221676804 420.37375532311853 356.712794292951 54.691277298377827 80.771284954855219 118.59505103772972 64.417184943333268 26.026699186069891 118.34059766470455 14.849263164447619 71.853086355840787 3.4778116687666616 1354.1487983984407 42.767467485740781
leaf_count=15654 6041 1173 186 41 3207 73465 421 775 22099 1839 7599 180706 1760 1629 13652 1774 18184 16608 90915 9013 4282 4610 874 980 2773 1442 1208 34 21387 371
internal_value=-0.000273594 0.0318816 -0.00907776 -0.0352978 0.000555173 -0.00553935 -0.0266081 -0.0508096 0.0212337 0.00451131 0.00648439 -0.0602016 -0.0119028 -7.25242e-05 -0.0080049 -0.00585829 -0.0285914 -0.0104022 0.0707586 0.00308332 -0.0211513 -0.0344491 0.00687661 -0.00266149 -0.0107294 0.0207362 0.0162425 0.0199687 0.000977959 0.0506553
internal_weight=4483.09 963.634 3519.46 945.604 2573.85 1987.95 577.32 691.332 585.904 363.964 582.865 571.85 88.673 531.103 301.878 119.481 89.2919 435.315 380.769 1410.63 263.839 199.366 254.273 208.784 182.758 267.264 252.415 64.4728 1355.94 45.4881
internal_count=504702 118933 385769 223892 161877 121080 90494 218853 40797 18698 26845 198120 17414 19246 15491 20733 18959 17029 92088 30586 10555 8892 5039 4627 3647 8691 7249 1663 21573 412
is_linear=0
shrinkage=0.08


Tree=70
num_leaves=31
num_cat=0
split_feature=13 3 2 8 0 4 7 10 7 5 4 0 2 0 4 4 9 4 8 15 8 9 9 11 11 7 9 9 7 9
split_gain=173.97 155.467 127.738 72.093 71.8608 125.238 58.1064 51.764 41.2412 28.4254 39.1456 54.3032 44.905 38.6501 56.3691 31.8417 27.852 25.9178 21.3494 20.1494 18.3244 19.0009 17.2662 17.2585 14.0311 13.533 15.5189 12.3168 30.3953 30.3317
threshold=1.0000000180025095e-35 0.51668518781661998 0.94360822439193737 0.88103562593460094 0.57712131738662731 0.074175827205181136 1.0000000180025095e-35 1.0000000180025095e-35 0.73978170752525341 0.17424242943525317 0.080128207802772536 0.51649147272109996 0.30877573788166052 0.64747309684753429 0.21111111342906955 0.38750000298023229 0.061553031206130988 0.44949495792388922 0.51756480336189281 1.0000000180025095e-35 0.98802351951599132 0.82480818033218395 0.28869047760963445 1.5000000000000002 4.5000000000000009 0.83816528320312511 0.10762548446655275 0.21807064861059192 0.25472371280193334 0.050641026347875602
decision_type=2 2 2 2 2 2 2 2 2 2 2 2 2 2 2 2 2 2 2 2 2 2 2 2 2 2 2 2 2 2
left_child=2 9 3 4 8 16 -7 27 17 10 11 12 -2 15 -15 -12 -6 -1 -3 -5 21 -21 -10 -22 25 26 -9 28 -4 -30
right_child=1 18 7 19 5 6 -8 24 22 -11 13 -13 -14 14 -16 -17 -18 -19 -20 20 23 -23 -24 -25 -26 -27 -28 -29 29 -31
leaf_value=-0.06474024252681683 0.020294460096914983 -0.0022888991515933729 0.0059200505451926788 0.043819249009726391 -0.066374203244652707 -0.0019063486437858068 -0.041475433368043095 -0.0041192864256843712 0.15317658577412405 0.061873940090363587 -0.10773036254593539 0.089151122522816109 -0.037511431427284664 0.067375946500878511 -0.14484212784929965 0.09598061109793786 0.12240685215138519 0.029796485288409322 0.076312369092179588 -0.0076332096087000584 0.00736633401404791 -0.13811586526074895 -0.0058353894560473655 0.084076642734332796 -0.1105807268394349 0.022366878946855372 0.077790571197639782 0.020402242927679521 -0.073873401336697148 -0.0040040879806348085
leaf_weight=466.87741120939609 233.38181609928142 23.651514815865085 858.45576659496874 77.861435248050839 5.5891530999215311 433.97926191939041 524.66142931743525 17.187737455475144 4.6860600716900072 49.952254183473997 52.493123289546929 48.347711074398831 136.19848833826836 30.886512476019561 10.815430787159128 5.4175497549585989 47.589765685726888 19.328359463135712 340.64843062555883 271.21828667493537 61.773744910722598 7.3356376769952467 64.872295933542773 26.963578412309289 3.5209095021709791 69.706675842637196 106.72616930620279 228.08659056434408 65.410682313493453 101.42426942300517
leaf_count=186805 5907 1039 7037 3778 1580 5099 102421 359 129 3346 2413 2247 5950 1482 295 81 1620 1427 96173 5849 2513 192 1722 484 128 8532 11503 13180 26790 4621
internal_value=-0.000260704 0.0304244 -0.00851657 -0.0215595 -0.0296279 -0.0169334 -0.0235624 0.00958183 -0.0527393 0.00424271 -0.00131977 0.00942174 -0.00100829 -0.0463861 0.012337 -0.0886732 0.102566 -0.0609821 0.0712093 0.00685259 -0.000983908 -0.0110694 0.00487705 0.0306754 0.0476879 0.050566 0.0664291 0.00358819 -0.000152269 -0.0313976
internal_weight=4395.05 931.793 3463.26 2012.74 1567.58 1011.82 958.641 1450.52 555.764 567.493 517.541 417.928 369.58 99.6126 41.7019 57.9107 53.1789 486.206 364.3 445.153 367.291 278.554 69.5584 88.7373 197.141 193.621 123.914 1253.38 1025.29 166.835
internal_count=504702 118933 385769 313619 300803 110720 107520 72150 190083 21721 18375 14104 11857 4271 1777 2494 3200 188232 97212 12816 9038 6041 1851 2997 20522 20394 11862 51628 38448 31411
is_linear=0
shrinkage=0.08


Tree=71
num_leaves=31
num_cat=0
split_feature=16 15 13 0 8 4 1 4 4 4 0 16 3 8 0 6 8 5 8 0 10 15 5 6 5 0 0 4 8 2
split_gain=156.542 94.0718 61.2254 60.6025 109.319 66.3125 41.7554 36.3709 35.9301 74.3133 62.9638 35.4725 35.3491 26.1437 20.6985 23.4951 19.3786 19.1713 18.9086 18.2278 16.0374 14.8527 14.7916 22.2527 14.18 12.9606 11.1481 9.11249 6.37598 5.36156
threshold=0.84865140914917003 1.0000000180025095e-35 1.0000000180025095e-35 0.66287881135940563 0.81509971618652355 0.14835165441036227 0.94360822439193737 0.31666667759418493 0.10555555671453477 0.44949495792388922 0.53144779801368724 0.73558631539344799 0.72638148069381725 0.53102344274520885 0.92637759447097789 0.64760348200798046 0.65889152884483349 0.46428571641445165 0.60723635554313671 0.4970588237047196 1.0000000180025095e-35 1.0000000180025095e-35 0.52777779102325451 0.96824595332145702 0.46428571641445165 0.73375529050827037 0.5388936996459962 0.58571431040763866 0.52420487999916088 0.83910790085792553
decision_type=2 2 2 2 2 2 2 2 2 2 2 2 2 2 2 2 2 2 2 2 2 2 2 2 2 2 2 2 2 2
left_child=1 11 6 4 7 13 21 16 10 -10 -6 14 17 -5 15 26 -3 -7 -13 -17 -14 -2 29 -24 -9 -15 -1 -16 -29 -23
right_child=2 3 -4 5 8 12 -8 24 9 -11 -12 18 20 25 27 19 -18 -19 -20 -21 -22 22 23 -25 -26 -27 -28 28 -30 -31
leaf_value=0.0097331955262142805 0.080388403859034646 -0.077373717606092407 0.078111124864477105 -0.072416646183891431 -0.0021725806566016827 -0.057002544669408489 0.075702525243771496 -0.056867235886828953 -0.073824713413835619 0.053817838391265249 0.099559051805111737 -0.023985142683386688 -0.0065512005692419774 0.036105556239974572 0.093891060635462611 -0.032856449840043787 -0.039137858119974139 -0.0039627310359287597 0.071391671040551941 0.0015400344348233254 0.025558390316215433 -0.0099693385163957243 -0.0035876834810157875 -0.11283328026193749 -8.1422202651564116e-05 0.093397200151206727 0.039298736364494297 0.023194035983567739 0.080308949121162737 0.062535096803554888
leaf_weight=210.73913750459906 14.971953751752151 288.68608617514838 189.76680370164104 9.3783527391497028 346.44821885996498 135.54616474919021 66.04426106880419 40.850112975109369 102.72656816500239 40.779685895191506 43.866769385058433 15.678581405663861 1051.035331646679 46.606356410775334 15.730108903953804 119.27682686294429 120.13435763469897 64.305370631860569 87.802619083318859 568.85325641185045 109.96602997544687 8.6136512479279173 162.58257426694036 12.878383923787622 90.476377997430973 55.203252649400383 133.21989843866322 115.12238446413539 14.034099796088411 26.95060238102451
leaf_count=12216 3573 190276 71009 3289 5397 16816 16251 13547 2570 2069 1291 520 52369 1770 700 9640 12506 4447 21568 22722 7813 311 5461 280 11610 3125 5781 3456 1118 1201
internal_value=-0.000241608 -0.00565278 0.0427333 -0.0145483 -0.0289984 -0.00400591 0.019745 -0.0543721 -0.00332403 -0.037553 0.00926085 0.0120348 -0.00885936 0.0553965 0.00808658 0.00411164 -0.0661379 -0.0399362 0.056941 -0.00442207 -0.00350989 0.00339231 -0.00207046 -0.011606 -0.0177451 0.0671703 0.0211843 0.0364018 0.0294001 0.0449745
internal_weight=4308.27 3826.47 481.808 2546.01 1073.97 1472.04 292.041 540.147 533.821 143.506 390.315 1280.46 1360.85 111.188 1176.98 1032.09 408.82 199.852 103.481 688.13 1161 225.997 211.025 175.461 131.326 101.81 343.959 144.887 129.156 35.5643
internal_count=504702 406616 98086 328895 239266 89629 27077 227939 11327 4639 6688 77721 81445 8184 55633 50359 202782 21263 22088 32362 60182 10826 7253 5741 25157 4895 17997 5274 4574 1512
is_linear=0
shrinkage=0.08


Tree=72
num_leaves=31
num_cat=0
split_feature=13 3 5 8 3 4 0 6 4 3 0 2 1 8 5 2 2 3 6 8 0 4 4 16 1 7 0 4 2 8
split_gain=142.005 135.258 101.315 102.199 92.1522 39.7884 95.7599 61.1557 36.8933 45.2281 33.0835 28.0732 27.9316 30.3238 25.2985 29.5255 24.7882 23.1019 21.659 20.5536 20.248 54.7107 39.1565 17.8117 15.2011 14.8267 10.6631 39.3557 10.5652 9.97473
threshold=1.0000000180025095e-35 0.51668518781661998 0.41428571939468389 0.69592735171318065 0.77015754580497753 0.11805555596947671 0.48610039055347448 0.86285266280174266 0.31666667759418493 0.63224515318870556 0.70299971103668224 0.67041200399398815 0.92637759447097789 0.74589723348617565 0.23611111193895343 0.23845060169696811 0.28730159997940069 0.96824595332145702 0.9759001135826112 0.51756480336189281 0.64747309684753429 0.21111111342906955 0.080128207802772536 0.44900779426097875 0.5025252401828767 0.23201345652341845 0.66287881135940563 0.095454547554254546 0.34525330364704138 0.53400599956512462
decision_type=2 2 2 2 2 2 2 2 2 2 2 2 2 2 2 2 2 2 2 2 2 2 2 2 2 2 2 2 2 2
left_child=2 14 3 4 26 6 16 24 -4 11 -9 25 18 -14 15 -2 -5 23 -11 -3 22 -22 -17 -6 -7 -10 -1 -28 -8 -16
right_child=1 19 8 5 17 7 28 10 9 12 -12 -13 13 -15 29 20 -18 -19 -20 -21 21 -23 -24 -25 -26 -27 27 -29 -30 -31
leaf_value=-0.07109318767111876 0.035843182276247249 -0.0024391393718560246 -0.068759991870438603 0.010226160965843358 0.1267915214855464 -0.024108239690487667 0.18564301143215936 -0.03830814840189653 0.38274444128306861 -0.0014029358147955478 0.037663599846820286 0.041839667304574564 0.0085364648555372215 0.057339727392260384 -0.082945820507654311 -0.0056525359132690101 -0.038022895408353199 -0.094589969854461761 -0.042378380095368769 0.075213737903148142 0.073104994760258474 -0.12398682179944963 -0.077318723607733161 0.027317524472128377 -0.091424792957771367 0.13663350027648824 0.092099589166813281 -0.058463956850204404 0.070991323067563436 0.074368278010039618
leaf_weight=352.42725922318641 111.83295344747603 23.526653564418666 45.457187889376655 140.98051032586955 16.012111913994886 29.095363822882064 5.4254445063415906 64.908270993502811 1.7956130458042014 1408.4105876126559 84.367813739227131 56.842834095703438 464.88338037289213 98.799866389017552 2.7606677000876507 283.61748052365147 131.90949290478602 7.4472198543371624 87.701467606588267 299.8293899607379 45.138914638198912 11.263130873907356 58.931031063897535 41.067888561170548 81.905291587114334 12.284027997869996 12.261167324380947 118.43091887957416 99.146459707524627 39.320931462803856
leaf_count=203945 2536 1039 16489 3486 538 1510 85 2113 30 69144 3169 3213 15818 19494 425 10169 7093 581 4712 96173 2934 335 2691 5341 2002 532 1027 21719 3728 2631
internal_value=-0.000219022 0.0284647 -0.00769569 -0.0265137 -0.0518623 -0.00474597 0.0118471 -0.0288098 0.00255466 0.0040761 0.00462954 0.0668893 0.00191333 0.0170905 0.00442687 -0.0004851 -0.0130965 0.0379319 -0.0038049 0.0695639 -0.0106686 0.033747 -0.0179818 0.055222 -0.0737799 0.168021 -0.0638556 -0.0443385 0.0769397 0.064048
internal_weight=4237.78 876.221 3361.56 1185.39 547.647 637.739 377.462 260.277 2176.17 2130.72 149.276 70.9225 2059.8 563.683 552.865 510.784 272.89 64.5272 1496.11 323.356 398.951 56.402 342.549 57.08 111.001 14.0796 483.119 130.692 104.572 42.0816
internal_count=504702 118933 385769 256337 233151 23186 14392 8794 129432 112943 5282 3775 109168 35312 21721 18665 10579 6460 73856 97212 16129 3269 12860 5879 3512 562 226691 22746 3813 3056
is_linear=0
shrinkage=0.08


Tree=73
num_leaves=31
num_cat=0
split_feature=13 3 2 11 10 8 7 8 5 2 15 9 6 7 8 7 6 9 11 7 9 15 8 8 8 16 12 8 8 16
split_gain=124.178 125.805 90.411 57.2116 42.1551 35.593 95.223 26.1106 21.6468 24.8691 21.1028 20.6255 19.9022 18.6708 18.025 15.8049 13.8933 12.365 12.3078 12.912 14.7959 12.2867 12.1556 11.8311 10.8848 10.4653 12.1866 30.3414 19.2366 9.95843
threshold=1.0000000180025095e-35 0.54433220624923717 0.94360822439193737 2.5000000000000004 1.0000000180025095e-35 0.54126495122909557 0.24575784057378772 0.86287939548492443 0.17424242943525317 0.23845060169696811 1.0000000180025095e-35 0.15075758099555972 0.3483316451311112 1.0000000180025095e-35 0.98802351951599132 0.9631328582763673 0.65419578552246105 0.28869047760963445 4.5000000000000009 0.83816528320312511 0.10762548446655275 1.0000000180025095e-35 0.93367174267768871 0.49743561446666723 0.53400599956512462 0.94187903404235851 1.0000000180025095e-35 0.45402088761329656 0.47893242537975317 0.9145052731037141
decision_type=2 2 2 2 2 2 2 2 2 2 2 2 2 2 2 2 2 2 2 2 2 2 2 2 2 2 2 2 2 2
left_child=2 8 3 5 25 6 16 13 9 -2 22 -3 17 -5 -12 -14 -1 -11 19 20 -6 -8 -7 -15 -10 26 28 -28 -4 -21
right_child=1 11 4 7 18 10 21 -9 24 12 14 -13 15 23 -16 -17 -18 -19 -20 29 -22 -23 -24 -25 -26 -27 27 -29 -30 -31
leaf_value=0.059534861460788707 0.03338577274594829 -0.0073167452996702343 0.0035744117907373003 -0.004480288852396699 -0.005189650637723915 0.013030317892700019 -0.035942521322779357 0.0021640572474866454 -0.082322551199428912 0.22463520981147173 -0.014330429530833964 0.075443776877845453 -0.02323829678949877 -0.076748343052201864 0.026253695322646736 0.018991950206906694 -0.0052353863185370768 0.035455392810357686 -0.10592597660594924 -0.0035140514796615403 0.075157563580763323 -0.076637350694888598 0.067541424853163487 -0.045888861380564618 0.064989633608086322 0.070033295082594926 -0.06910439240602749 -0.00055508712742022499 0.052804842743821856 0.062760130136575359
leaf_weight=22.417849866091274 110.61315061082132 20.744210892473347 875.96962786640506 45.90162088512443 17.282886140048504 219.2252025315538 65.67180973989889 66.563577139051631 3.4465582299744701 2.3737603363115332 481.51628989668097 271.64642238477245 292.197507176199 138.10140490939375 81.961264688754454 70.379655357217416 388.57082531158812 32.286469351733103 3.4432055659126481 43.789315647445619 96.958941446151584 171.43735092552379 29.73166000447236 187.41457149852067 46.796404260327108 14.628690534038467 49.91666779643856 240.08345153834671 53.924431154271588 21.701830502133816
leaf_count=2674 2537 1024 9620 682 359 10028 11941 1667 647 275 25112 94719 14079 101071 2916 1762 7913 506 128 3373 11503 119812 1946 27857 3384 3142 25492 7061 6313 5159
internal_value=-0.000207593 0.0270636 -0.00720163 -0.0186163 0.00808439 -0.0110114 -0.024994 -0.0439765 0.00479291 -0.000162765 0.000142957 0.0695722 -0.00950456 -0.0522456 -0.00842722 -0.015041 -0.00170242 0.0484117 0.0438972 0.0467674 0.0630024 -0.0653662 0.0195403 -0.0589811 0.0548843 0.00277056 0.00196396 -0.0123542 0.00642928 0.0184473
internal_weight=4166.7 850.484 3316.21 1898.51 1417.7 1460.53 648.098 437.981 558.094 507.851 812.434 292.391 397.237 371.418 563.478 362.577 410.989 34.6602 183.176 179.733 114.242 237.109 248.957 325.516 50.243 1234.52 1219.89 290 929.894 65.4911
internal_count=504702 118933 385769 313619 72150 182342 142340 131277 23190 19159 40002 95743 16622 129610 28028 15841 10587 781 20522 20394 11862 131753 11974 128928 4031 51628 48486 32553 15933 8532
is_linear=0
shrinkage=0.08


Tree=74
num_leaves=31
num_cat=0
split_feature=16 15 11 0 9 4 4 16 3 4 4 9 1 9 10 0 4 6 5 6 5 3 0 2 6 4 11 2 5 3
split_gain=110.962 71.8316 68.7314 45.9662 94.9768 54.6697 34.4044 28.577 27.6835 25.8373 68.8974 23.2309 21.9904 21.8885 19.4802 17.5174 17.189 17.1093 15.077 17.5059 29.8167 28.9232 14.2083 12.0938 11.0225 9.46929 8.94939 7.24783 9.08908 6.50353
threshold=0.84865140914917003 1.0000000180025095e-35 1.5000000000000002 0.66287881135940563 0.29520697891712194 0.14835165441036227 0.38750000298023229 0.7831653654575349 0.72638148069381725 0.44949495792388922 0.10555555671453477 0.11651583760976793 0.9529346525669099 0.6885775923728944 1.5000000000000002 0.92637759447097789 0.21111111342906955 0.64760348200798046 0.52777779102325451 0.92637759447097789 0.91666665673255932 0.94494947791099559 0.73375529050827037 0.8216732144355775 0.9506097435951234 0.58571431040763866 7.5000000000000009 0.83910790085792553 0.30952382087707525 0.52240803837776195
decision_type=2 2 2 2 2 2 2 2 2 2 2 2 2 2 2 2 2 2 2 2 2 2 2 2 2 2 2 2 2 2
left_child=1 7 -2 4 6 11 -3 14 16 10 -6 -5 18 -10 15 17 -7 -1 27 20 -20 -21 -13 -11 -8 -17 -9 28 -4 -16
right_child=2 3 12 5 9 8 24 26 13 23 -12 22 -14 -15 29 25 -18 -19 19 21 -22 -23 -24 -25 -26 -27 -28 -29 -30 -31
leaf_value=0.016988095518339467 0.072587010672791094 -0.069798442014360931 0.085918529972143262 -0.081266644961801027 0.0038849147434522556 0.045386559227061876 -0.02463321046137076 0.075391612447719525 -0.0019613319232534322 0.095641513019506505 -0.064385285436141443 0.031056391824978175 0.077459551935278897 -0.10227722809973692 0.029190164145819725 0.090542864086147645 -0.043339964492784502 -0.0064629014422030295 -0.075190805983349818 0.027115941824751834 0.017811814126602217 -0.1475702634881286 0.092999333755194313 0.011339131098807239 0.055596238971926941 0.023668587301308133 -0.6576268463474132 0.070004978991935585 -0.089394144618493862 0.073993798741351174
leaf_weight=292.06620183505584 199.82397837564349 299.1694864052115 3.1905643383506677 7.6648808696772894 441.98458047129679 15.194043947849421 75.654319808003493 44.793376736924984 1134.3636451147031 21.644292969023809 120.37183151941281 45.225631692796014 26.173493223497644 14.093516076216472 95.794143855222501 15.025969105307011 174.03885018022265 625.58688759210054 27.094528197776526 10.664366370299831 118.78462363383733 14.068517153616995 49.79153288481757 21.921149402158335 12.816153872758148 138.07319729635492 0.10685092210769553 25.149127905955538 4.6526356721296906 26.462917459895834
leaf_count=17289 88035 208640 79 3159 11880 2544 11175 14956 58270 960 4232 1886 5856 1912 2638 811 18719 32861 336 175 2657 188 3139 1216 1163 5317 1 711 49 3848
internal_value=-0.000195998 -0.00469689 0.0382735 -0.0126768 -0.0259139 -0.00354583 -0.0568379 0.0109928 -0.00786396 -0.00613023 -0.0107283 0.0527086 0.00843315 -0.00319238 0.00863478 0.0051805 -0.0362159 0.00100097 -0.000440245 -0.0100134 0.000538187 -0.0722488 0.0635161 0.0532225 -0.0130109 0.030232 0.0736472 0.0490652 -0.0180781 0.038888
internal_weight=4101.45 3671.84 429.602 2433.93 993.562 1440.37 387.64 1237.91 1337.69 605.922 562.356 102.682 229.778 1148.46 1193.01 1070.75 189.233 917.653 203.604 170.612 145.879 24.7329 95.0172 43.5654 88.4705 153.099 44.9002 32.9923 7.8432 122.257
internal_count=504702 406616 98086 328895 239266 89629 220978 77721 81445 18288 16112 8184 10051 60182 62764 56278 21263 50150 4195 3356 2993 363 5025 2176 12338 6128 14957 839 128 6486
is_linear=0
shrinkage=0.08


Tree=75
num_leaves=31
num_cat=0
split_feature=16 11 15 11 2 16 9 7 1 9 3 1 7 1 3 8 2 4 8 5 8 9 8 9 16 5 11 2 5 11
split_gain=98.1321 65.5379 61.6136 37.7312 42.8986 26.75 24.1871 136.655 20.3228 18.2426 17.8238 32.5596 24.7507 17.1226 16.1752 26.872 22.9401 14.7551 13.9919 13.2508 14.2617 15.8922 12.6485 12.6283 8.93916 7.68856 7.60038 6.62756 7.68001 5.34362
threshold=0.84865140914917003 1.5000000000000002 1.0000000180025095e-35 2.5000000000000004 0.94609123468399059 0.7831653654575349 0.18019481003284457 1.0000000180025095e-35 0.9529346525669099 0.91106721758842479 0.33084577322006231 0.30860807001590734 0.53070896863937389 0.71503761410713207 0.33084577322006231 0.49743561446666723 0.270728349685669 0.68333333730697643 0.58851018548011791 0.52777779102325451 0.97603827714920055 0.85357144474983226 0.85201290249824535 0.64852941036224376 0.54687228798866283 0.30952382087707525 4.5000000000000009 0.83910790085792553 0.30952382087707525 7.5000000000000009
decision_type=2 2 2 2 2 2 2 2 2 2 2 2 2 2 2 2 2 2 2 2 2 2 2 2 2 2 2 2 2 2
left_child=2 -2 5 6 13 9 7 25 19 14 11 -8 -12 24 16 -16 -1 -6 -9 27 23 -22 -15 -21 -5 -4 -19 28 -3 -7
right_child=1 8 3 4 17 29 10 18 -10 -11 12 -13 -14 22 15 -17 -18 26 -20 20 21 -23 -24 -25 -26 -27 -28 -29 -30 -31
leaf_value=0.018021276218164513 0.072003548430369935 0.085448888004338766 -0.063192690784820413 -0.07528712827514196 0.03698483941830958 0.074937335671924843 0.00817452624383928 -0.077033067475182626 0.07717889947374873 0.06805279884834084 0.059224435569703526 -0.039312873904302062 0.0052447360404248777 -0.034613520501678131 -0.00077629135887332561 0.026676859970968924 -0.033936673424843224 -0.0080382888117097647 0.0031453768463713862 -0.0027021675338300627 0.059384557528426633 -0.16434028106073259 0.048276952767607392 -0.053282417041817479 -0.038331320843001664 0.00011524924012320987 -0.085629094727582344 0.068336614127920886 -0.077643333022855573 -0.3792565737230133
leaf_weight=91.462246139650233 185.8961070892401 2.9607913249637958 12.463090706616638 136.30725783866365 54.882095931039657 41.590205173008144 225.53172411466949 205.69225800037384 24.245549724204466 31.49663603072986 61.022529262816533 156.5487113839481 498.17815010016784 78.89281395211583 531.92370391183067 399.62352670286782 134.15110691520385 53.713863716693595 14.941574678523464 95.30287625757046 26.573328907368708 2.2003161171451202 13.850113592110572 47.254998591030017 60.475450279365759 824.32122600602452 9.5102240138221514 23.759434361476451 4.9161408864893019 0.16644373536109824
leaf_count=3562 88035 79 3846 98612 6428 14956 7496 140819 5856 1774 4126 9639 23789 12439 27814 21630 7984 4530 1732 2083 617 34 104 622 7246 7193 896 711 49 1
internal_value=-0.000172981 0.0367758 -0.00437011 -0.011816 -0.0339981 0.010192 -0.00729205 -0.0155952 0.00795391 0.00798113 0.0020356 -0.0112823 0.0111352 -0.0505738 0.00634605 0.0110008 -0.0128732 0.00663544 -0.0716033 -0.00031537 -0.00909897 0.0422764 -0.0222348 -0.0194685 -0.0639298 -0.000827661 -0.0197096 0.0472535 -0.01634 0.0731269
internal_weight=4049.85 413.11 3636.74 2406.33 407.632 1230.41 1998.7 1057.42 227.213 1188.66 941.281 382.08 559.201 289.526 1157.16 931.547 225.613 118.106 220.634 202.968 171.332 28.7736 92.7429 142.558 196.783 836.784 63.2241 31.6364 7.87693 41.7566
internal_count=504702 98086 406616 328895 130255 77721 198640 153590 10051 62764 45050 17135 27915 118401 60990 49444 11546 11854 142551 4195 3356 651 12543 2705 105858 11039 5426 839 128 14957
is_linear=0
shrinkage=0.08


Tree=76
num_leaves=31
num_cat=0
split_feature=13 3 5 3 8 10 4 6 12 8 3 5 4 3 8 11 4 6 8 7 11 7 1 15 11 1 8 4 7 11
split_gain=89.9765 106.881 70.5888 77.0333 98.562 52.402 41.0509 42.2239 33.0896 49.1138 26.8222 19.3667 23.0936 17.6222 17.3476 17.2115 16.5771 22.7494 16.2995 21.3419 15.4742 17.7477 15.7145 15.4511 15.1979 14.4053 13.8394 11.8456 11.2549 10.9931
threshold=1.0000000180025095e-35 0.54433220624923717 0.41428571939468389 0.79205974936485302 0.69592735171318065 1.0000000180025095e-35 0.11805555596947671 0.85857143998146068 1.0000000180025095e-35 0.45402088761329656 0.37884436547756201 0.23611111193895343 0.080128207802772536 0.96824595332145702 0.51756480336189281 4.5000000000000009 0.44949495792388922 0.87138131260871898 0.48989796638488775 1.0000000180025095e-35 4.5000000000000009 0.85775598883628856 0.90815371274948131 1.0000000180025095e-35 1.5000000000000002 0.55403152108192455 0.42131063342094427 0.10555555671453477 0.51628047227859508 2.5000000000000004
decision_type=2 2 2 2 2 2 2 2 2 2 2 2 2 2 2 2 2 2 2 2 2 2 2 2 2 2 2 2 2 2
left_child=2 11 3 4 23 8 10 -8 18 -10 -6 12 25 29 -3 -11 17 -14 19 -4 21 26 -23 -1 -20 28 -7 -15 -2 -5
right_child=1 14 5 13 6 20 7 -9 9 15 -12 -13 16 27 -16 -17 -18 -19 24 -21 -22 22 -24 -25 -26 -27 -28 -29 -30 -31
leaf_value=-0.035385043241684122 -0.052317386167546907 -0.0002141741520864791 0.0035060842340445594 0.07090663129048061 -0.0049933195699021476 -0.019957925275266946 -0.075206802912847315 -0.0044693000809944254 -0.073292443473424965 -0.0042741703770689176 0.043881883615147242 0.056947511699502677 -0.089598920285382508 0.11074135515465398 0.073848641996047043 -0.076900728781500699 0.093974897121429382 -0.0093647555907524459 0.012478450051433259 -0.051440667692649246 -0.069818834720601644 -0.014390673180278297 0.065888201280405165 -0.069402388238797907 0.086923141822628447 0.10486042393300023 0.053973317204807192 -0.11745196378592079 0.0089911233491991403 -0.0011733084270723368
leaf_weight=121.27852059295401 20.19436658336781 22.216303753084503 1207.3054026884492 69.475753756647464 254.18182602652814 17.642360932659358 95.444437279133126 124.38882722822018 92.372869297745638 367.12142510624835 100.18596454150975 40.990457500796765 39.177410219446756 1.8861397531582023 227.57639260205906 22.143327790952753 5.9959107479080549 53.504626755369827 48.044199382886291 47.001858531264588 9.1535769625334051 64.947826224379241 20.541023167315871 289.30683946399949 27.652374081837479 9.635953124612568 198.85246328590438 6.3824770790524781 375.4815291876439 16.82013390638167
leaf_count=21276 5131 871 9360 4683 9937 1078 3230 3577 60175 12996 3652 3702 2073 208 94872 1430 139 2619 8724 8541 568 3631 4894 207086 892 908 17143 536 8618 2152
internal_value=-0.000164361 0.0239286 -0.00614427 -0.0228018 -0.0294245 0.00232542 -0.00802309 -0.0351812 -0.00288355 -0.0208501 0.00882455 0.00406689 -0.000233997 0.0461674 0.0672616 -0.00840553 -0.0349404 -0.0432804 0.00362274 0.0014471 0.0326554 0.0357615 0.00489851 -0.0593544 0.0396735 0.00821568 0.0479486 -0.0653992 0.00586208 0.0568574
internal_weight=3996.9 794.773 3202.13 1079.35 984.786 2122.78 574.201 219.833 1811.64 481.638 354.368 544.98 503.99 94.5645 249.793 389.265 98.6779 92.682 1330 1254.31 311.137 301.984 85.4888 410.585 75.6966 405.312 216.495 8.26862 395.676 86.2959
internal_count=504702 118933 385769 256337 248758 129432 20396 6807 102118 74601 13589 23190 19488 7579 95743 14426 4831 4692 27517 17901 27314 26746 8525 228362 9616 14657 18221 744 13749 6835
is_linear=0
shrinkage=0.08


Tree=77
num_leaves=31
num_cat=0
split_feature=13 3 0 7 2 1 6 10 11 9 0 9 16 2 3 0 0 6 6 15 10 7 0 9 7 3 7 7 7 16
split_gain=78.2597 98.8407 67.5238 63.0252 62.5647 37.1224 29.3365 25.2354 23.5754 20.6866 19.3948 18.6413 17.4042 16.9444 17.7855 15.8625 15.275 14.509 13.3052 12.8962 12.2748 11.9894 11.5814 11.1332 9.52764 13.0361 9.44874 8.93747 7.80318 7.93329
threshold=1.0000000180025095e-35 0.54433220624923717 0.55087250471115123 0.62973192334175121 0.45867486298084265 0.89022758603096019 0.65545505285263073 1.0000000180025095e-35 2.5000000000000004 0.30217391252517706 0.76239567995071422 0.15075758099555972 0.63613334298133861 0.23845060169696811 0.30877573788166052 0.93127068877220165 0.22401433438062671 0.31643131375312811 0.39314988255500799 1.0000000180025095e-35 1.0000000180025095e-35 0.78283873200416576 0.28730159997940069 0.098387096077203764 0.53441697359085094 0.78629976511001598 0.32885724306106573 0.28080031275749212 0.52655076980590831 0.36551015079021459
decision_type=2 2 2 2 2 2 2 2 2 2 2 2 2 2 2 2 2 2 2 2 2 2 2 2 2 2 2 2 2 2
left_child=2 10 3 12 23 6 20 19 9 21 13 26 18 28 22 -8 -11 -16 -1 -7 -6 -5 -15 -4 25 -14 -3 -9 -2 -30
right_child=1 11 4 8 5 7 15 27 -10 16 -12 -13 24 14 17 -17 -18 -19 -20 -21 -22 -23 -24 -25 -26 -27 -28 -29 29 -31
leaf_value=-0.018325228022216037 -0.074236722816063735 0.13399054711727373 -0.081143325266477787 0.057185873165979707 0.0052054107005932524 0.022991487673158281 -0.014768943980754169 0.24715818740413065 -0.06194074886792085 0.035909759964772407 0.083685796422705488 0.072791966056864513 0.65491961499875584 0.0020361959908552552 0.088473808879514546 0.054227475580296683 -0.013077118110278176 0.0038701498160876053 -0.066935239636757612 7.7116313631922548e-06 0.043784368122633775 0.23599176665932969 -0.038551172505487528 0.13686579351253317 -0.031589982658047841 0.1339895634175246 -0.02876964548372983 0.045450368400090743 0.26935198271493066 0.031627893999288149
leaf_weight=42.464012641401496 4.4710375339491284 2.6237908524926778 1.5975535656325544 17.346852853777822 285.48464987362968 223.23097576666623 1322.7175304171978 1.4244549069553603 39.993873915518634 51.963310185819864 18.764070800156333 215.05810577201191 0.37286204996053096 70.211238222196698 13.847426445689051 21.674967004684731 188.58445152442437 205.42283652722836 238.09958568506408 520.66312497976469 64.755417247186415 2.7853759967256329 125.27894612587988 24.342972368351184 1.6328543219715355 1.7523925889981911 17.561978160520084 107.82589775754604 0.90641865273937483 102.00620504515246
leaf_count=12024 664 71 584 1411 27034 10958 127703 51 4009 532 2443 94719 13 1781 625 1063 4880 10650 152099 20839 4522 44 5154 637 54 109 953 17203 93 1780
internal_value=-0.000157606 0.0226026 -0.00575019 -0.0302841 -0.000173723 -0.00143231 -0.00828405 0.0121776 -0.0047496 0.00402474 0.00377555 0.0658925 -0.0572872 0.000903845 -0.0064291 -0.0136565 -0.00249494 0.00921307 -0.059578 0.00690478 0.0123382 0.0819244 -0.023974 0.12344 0.113731 0.225383 -0.00761372 0.0480803 0.0292267 0.0337217
internal_weight=3934.87 776.152 3158.71 584.996 2573.72 2547.78 1694.63 853.144 300.674 260.68 540.908 235.244 284.322 522.144 414.76 1344.39 240.548 219.27 280.564 743.894 350.24 20.1322 195.49 25.9405 3.75811 2.12525 20.1858 109.25 107.384 102.913
internal_count=504702 118933 385769 175175 210594 209373 160322 49051 10876 6867 23190 95743 164299 20747 18210 128766 5412 11275 164123 31797 31556 1455 6935 1221 176 122 1024 17254 2537 1873
is_linear=0
shrinkage=0.08


Tree=78
num_leaves=31
num_cat=0
split_feature=16 11 11 8 7 9 0 4 0 6 4 3 7 0 1 7 8 4 8 9 9 8 16 8 8 8 0 10 4 3
split_gain=70.7352 56.5671 40.545 38.5613 130.473 45.7096 43.5377 108.787 54.7319 61.2016 50.2734 39.0834 35.9715 28.4438 18.0538 15.2358 11.45 11.5047 11.1925 13.7392 10.9113 18.0268 10.753 12.2491 31.9395 10.7362 14.4835 9.5227 9.18919 8.08955
threshold=0.84865140914917003 1.5000000000000002 3.5000000000000004 0.52420487999916088 0.25472371280193334 0.050641026347875602 0.44337606430053716 0.074175827205181136 0.28730159997940069 0.31643131375312811 0.44949495792388922 0.64747309684753429 0.28505899012088781 0.55087250471115123 0.9529346525669099 0.59105202555656444 0.28509852290153509 0.095454547554254546 0.97845596075057995 0.85357144474983226 0.64852941036224376 0.93062433600425731 0.62727651000022899 0.65889152884483349 0.28660714626312261 0.86287939548492443 0.63211598992347728 1.0000000180025095e-35 0.19090909510850909 0.87585616111755382
decision_type=2 2 2 2 2 2 2 2 2 2 2 2 2 2 2 2 2 2 2 2 2 2 2 2 2 2 2 2 2 2
left_child=2 -2 3 4 16 -6 8 13 15 -10 -9 -7 22 -8 18 -5 28 -18 20 -20 21 -3 -4 24 -24 29 -27 -22 -1 -14
right_child=1 14 12 6 5 11 7 10 9 -11 -12 -13 25 -15 -16 -17 17 -19 19 -21 27 -23 23 -25 -26 26 -28 -29 -30 -31
leaf_value=-0.073023833377558689 0.070234541548768292 -0.015054452092332147 0.028245452360303857 -0.04197951402053688 -0.077874680301755747 -0.066336413059032512 0.034523406246176204 -0.016046615279422444 0.083508602151172631 -0.045658224978734292 0.023747750663159546 0.0092177522278648633 -0.071487504548293571 0.095335805295419032 0.076733573739632396 0.018041292357414525 0.62010657556366422 0.10760268045652151 0.062208863064498542 -0.11559109587594404 -0.060393277265885788 0.05467419788730643 -0.080203523509773139 0.088186624231380337 2.3248917373969848 -0.064647379270771854 0.069784036794482682 0.0049875107104105148 0.0025487259562371844 -0.034695193957079699
leaf_weight=10.382883935933931 153.26427713572048 76.181902637705207 39.83765183982905 29.678150834166445 197.85238377499627 75.000528982316609 84.47767252381891 395.04549341031816 25.716901737498119 269.53061932593118 418.32940936344676 105.39324671437498 105.0367374785128 117.95885028835619 21.545180131914094 307.64743573724991 0.33281887992052306 1.7772425372968426 27.523570830002431 3.0941954795271149 37.566020425409079 34.463432419346645 0.075455229845828309 0.21455748379230499 0.066466485848650336 10.153063686098905 10.366033029276876 22.978301843861118 1251.1282374221482 60.147442556684837
leaf_count=5103 88035 1916 2206 6307 162563 46088 3464 22029 892 21765 34613 10374 49294 8712 5856 5935 12 109 730 50 327 665 40 3 7 482 210 507 15115 11293
internal_value=-0.000144011 0.0328065 -0.00367336 -0.00142241 -0.0101002 -0.0513197 0.00722112 0.017481 -0.00925462 -0.0344074 0.00442015 -0.0221947 -0.036459 0.0699585 0.00712345 0.0127606 0.00223817 0.18844 -0.000308206 0.0442406 -0.00827589 0.00666439 0.0321597 0.469583 1.04618 -0.051311 0.00326597 -0.0355794 0.00192673 -0.0580906
internal_weight=3892.77 376.617 3516.15 3290.25 1641.87 378.246 1648.38 1015.81 632.573 295.248 813.375 180.394 225.897 202.437 223.353 337.326 1263.62 2.11006 201.807 30.6178 171.19 110.645 40.1941 0.356479 0.141922 185.703 20.5191 60.5443 1261.51 165.184
internal_count=504702 98086 406616 343081 239364 219025 103717 68818 34899 22657 56642 56462 63535 12176 10051 12242 20339 121 4195 780 3415 2581 2256 50 47 61279 692 834 20218 60587
is_linear=0
shrinkage=0.08


Tree=79
num_leaves=31
num_cat=0
split_feature=13 3 0 4 8 2 10 12 9 1 9 6 3 0 4 3 6 0 9 0 9 4 6 4 0 1 0 16 6 8
split_gain=62.494 86.4893 53.2239 99.1555 57.5525 51.4501 26.5276 24.8426 22.7487 20.524 19.3483 19.1159 27.6457 23.1759 27.0832 19.3051 18.9907 17.2892 17.2002 16.5713 15.7717 15.1657 14.5485 13.1344 14.1381 11.7231 9.69369 9.65321 9.64718 14.1716
threshold=1.0000000180025095e-35 0.54433220624923717 0.55087250471115123 0.074175827205181136 0.69592735171318065 0.75716626644134533 1.0000000180025095e-35 1.0000000180025095e-35 0.84807693958282482 0.45199692249298101 0.061553031206130988 0.35781671106815344 0.29459981620311743 0.22401433438062671 0.31666667759418493 0.30094340443611151 0.90399384498596203 0.76239567995071422 0.15075758099555972 0.60922586917877208 0.92980295419693004 0.31666667759418493 0.38548950850963598 0.44949495792388922 0.20761494338512423 0.3647450208663941 0.57712131738662731 0.5514189898967744 0.48435972630977636 0.65232810378074657
decision_type=2 2 2 2 2 2 2 2 2 2 2 2 2 2 2 2 2 2 2 2 2 2 2 2 2 2 2 2 2 2
left_child=2 17 4 10 21 9 7 -7 -8 19 -4 12 27 22 -15 -14 -11 20 -3 -5 23 -1 -13 24 -2 -22 -27 -6 29 -12
right_child=1 18 3 5 11 6 8 -9 -10 16 28 13 15 14 -16 -17 -18 -19 -20 -21 25 -23 -24 -25 -26 26 -28 -29 -30 -31
leaf_value=-0.071214789448151877 0.031000272277495224 -0.0070982959560457297 -0.065206444654146045 -0.028164622012436597 -0.021838130547885862 0.0026165943767200201 0.024097325197641004 -0.018725675903372332 -0.11967957929575052 -0.058093902587402699 0.35055334133545357 -0.11731764341544457 0.39422604324762961 -0.03524064032866929 0.051169964513917268 0.081258804676464499 -0.014247669317929618 0.082494710395949369 0.071150339306811403 0.1315555913034103 0.046414608350278275 -0.01275916379493955 0.062064778793226402 0.068642314236475974 -0.014192858142413022 -0.049310891982378834 0.070241149344357393 0.076302727184819591 0.081705762125291681 0.12169255995300372
leaf_weight=169.64072235481581 50.633320593857206 19.831270749564283 5.1690246473299331 8.4068344748811814 40.564972112886608 1350.8343529861304 342.96383134170901 470.68120285513578 7.1906702497508368 160.28210974100512 2.0268432253506026 3.1992687466554335 1.3352725128643239 218.19742972194217 25.977481766254641 22.801853531040251 104.3981409551925 17.127932787174359 192.45928560127504 8.224576967302708 71.203364695189521 34.117391703475732 30.284902779385448 14.619511473807504 354.3209034325555 17.249354763422165 5.80022957723122 7.6191111858934155 65.747951949189883 11.888858704594893
leaf_count=152045 1100 1024 1938 3991 713 26936 29096 68839 1156 51499 46 45 29 11728 623 444 21541 2443 94719 1534 1328 8852 644 1000 15770 645 904 52 3700 318
internal_value=-0.00014662 0.020682 -0.00515406 -0.000250884 -0.0276256 -0.0031916 0.00097837 -0.00289827 0.0211448 -0.0353829 0.0847814 -0.00794647 0.0286879 -0.0174886 -0.0260475 0.0985722 -0.0407996 0.00342593 0.0638407 0.0508203 0.000790242 -0.0614269 0.0449256 -0.00585276 -0.00854215 0.030362 -0.0192266 -0.0063196 0.0945135 0.155026
internal_weight=3834.8 743.245 3091.55 2537.81 553.738 2452.98 2171.67 1821.52 350.155 281.312 84.8327 349.98 72.3212 277.659 244.175 24.1371 264.68 530.955 212.291 16.6314 513.827 203.758 33.4842 419.574 404.954 94.2529 23.0496 48.1841 79.6637 13.9157
internal_count=504702 118933 385769 210594 175175 204592 126027 95775 30252 78565 6002 14278 1238 13040 12351 473 73040 23190 95743 5525 20747 160897 689 17870 16870 2877 1549 765 4064 364
is_linear=0
shrinkage=0.08


Tree=80
num_leaves=31
num_cat=0
split_feature=16 11 15 11 8 5 4 3 16 1 10 7 1 6 5 6 3 5 10 11 7 8 1 1 1 16 2 8 1 11
split_gain=58.3341 49.9959 44.215 28.6405 22.304 39.7581 48.2996 25.9747 21.1401 16.4697 15.1797 11.3383 10.9929 14.9202 10.645 14.4676 16.5892 14.3755 9.83481 9.39979 8.79953 7.03922 7.02111 7.11634 6.03977 5.56655 7.08062 5.71774 4.8126 3.7893
threshold=0.84865140914917003 1.5000000000000002 1.0000000180025095e-35 4.5000000000000009 0.98310789465904247 0.41428571939468389 1.0000000180025095e-35 0.68801230192184459 0.7831653654575349 0.9529346525669099 1.5000000000000002 0.3081014752388001 0.89022758603096019 0.64760348200798046 0.52777779102325451 0.96609193086624157 0.84292763471603405 0.91666665673255932 1.5000000000000002 1.5000000000000002 0.77621760964393627 0.56268712878227245 0.95024752616882335 0.80229884386062633 0.86512476205825817 0.52941617369651806 0.53144779801368724 0.572099268436432 0.78456193208694469 1.0000000180025095e-35
decision_type=2 2 2 2 2 2 2 2 2 2 2 2 2 2 2 2 2 2 2 2 2 2 2 2 2 2 2 2 2 2
left_child=2 29 8 4 5 6 -4 -7 10 14 12 22 13 -1 24 17 -17 -16 19 -6 -20 -14 23 -5 28 27 -27 -12 -3 -2
right_child=1 9 3 11 18 7 -8 -9 -10 -11 25 -13 21 -15 15 16 -18 -19 20 -21 -22 -23 -24 -25 -26 26 -28 -29 -30 -31
leaf_value=0.014699175494424328 0.076274176294173573 0.09514269578563983 -0.0042148484821551971 -0.045604382011222064 -0.0045921122562496359 0.043367965198538291 -0.04411298835030765 -0.004952034800204271 0.071509517951158341 0.076428498507383619 -0.08089154452684183 -0.079222694080887501 0.014899024595909711 -0.0084129700418125626 -0.046992663633924452 0.092464067422755897 -0.12041824620250166 0.012520606206361981 0.11512653080624931 0.054966042669730826 0.029942396441183114 0.061493204733697238 -0.12706266570275729 0.10589036239062165 0.081367857925082165 0.0060594327932026052 0.050937818614340762 0.08276916712538547 -0.014934013872533783 0.044584975051695556
leaf_weight=276.86960678151809 104.01264909212478 3.2485266770236221 371.18921555462293 3.314726658049036 118.3336818566313 75.935337634116877 407.2234990115976 1141.5903906000312 33.953340056817979 20.040216337656602 1.465012590750123 50.998411947046407 216.89065604994539 504.48097634885926 32.843912645010278 2.8763553856406334 12.628555269679055 124.2265066888649 8.8492639157921058 19.79688317887485 63.114298095344566 22.946536983887199 1.8570574694313116 4.9448091180529445 14.598405375843866 49.06522035272792 41.555859425570816 20.25630735931918 11.687012585112823 31.452699218294583
leaf_count=17289 73346 47 53970 799 4369 8590 167339 66399 14957 5856 340 23983 5633 30485 402 51 149 2754 232 393 2673 2871 42 106 569 1298 4390 458 223 14689
internal_value=-0.000138052 0.0306113 -0.00333968 -0.00985326 -0.00835665 -0.0109665 -0.0250874 -0.00193839 0.00930911 0.00725297 0.00744599 -0.0638755 0.00437538 -0.00022324 0.000393845 -0.00720138 -0.0809259 7.61966e-05 0.0164371 0.00394377 0.0404174 0.0193569 0.0134906 0.0450923 0.0447749 0.0353576 0.0266392 0.0717309 0.00900802 0.0689165
internal_weight=3792.25 357.615 3434.63 2267.15 2206.03 1995.94 778.413 1217.53 1167.48 222.149 1133.53 61.115 1021.19 781.351 202.109 172.575 15.5049 157.07 210.094 138.131 71.9636 239.837 10.1166 8.25954 29.5339 112.342 90.6211 21.7213 14.9355 135.465
internal_count=504702 98086 406616 328895 303965 296298 221309 74989 77721 10051 62764 24930 56278 47774 4195 3356 200 3156 7667 4762 2905 8504 947 905 839 6486 5688 798 270 88035
is_linear=0
shrinkage=0.08


Tree=81
num_leaves=31
num_cat=0
split_feature=16 0 8 1 13 6 1 0 5 5 9 2 2 7 0 8 8 11 6 0 8 16 6 9 1 3 3 5 7 1
split_gain=51.8873 38.4171 80.8622 65.4797 52.785 30.5616 44.3577 32.2975 31.2764 21.7798 20.9178 19.4976 17.5886 15.3622 14.4631 13.9408 18.2465 13.9229 11.1713 10.5354 9.39256 9.39141 21.5809 15.0755 9.39117 9.25178 9.18958 18.9981 7.01415 12.7004
threshold=0.9166773557662965 0.57712131738662731 0.65889152884483349 0.45199692249298101 1.0000000180025095e-35 0.40175439417362219 0.3034138828516007 0.34960317611694341 0.46428571641445165 0.46428571641445165 0.81365740299224865 0.94360822439193737 0.17467582225799563 0.98905095458030712 0.76239567995071422 0.5085725486278535 0.64589801430702221 1.5000000000000002 0.61602565646171581 0.72046512365341198 0.51756480336189281 0.2863133996725083 0.84045451879501354 0.10762548446655275 0.44590643048286444 0.11269841343164445 0.70320320129394542 0.15476191043853763 0.97685134410858165 0.87439319491386425
decision_type=2 2 2 2 2 2 2 2 2 2 2 2 2 2 2 2 2 2 2 2 2 2 2 2 2 2 2 2 2 2
left_child=1 2 9 15 10 7 12 25 -8 26 11 -5 -7 -12 18 19 24 -2 -6 -3 -16 22 -11 -23 -17 -4 -1 -28 29 -19
right_child=17 3 5 4 14 6 8 -9 -10 21 13 -13 -14 -15 20 16 -18 28 -20 -21 -22 23 -24 -25 -26 -27 27 -29 -30 -31
leaf_value=-0.071486725782904312 0.077652921446964895 -0.052374561558879693 -0.048458098064872168 -0.0090106905392909973 0.07233525805334598 0.079880205713723298 -0.036143945747179017 0.080201749846975465 0.047067505985657281 0.01150283952239347 -0.11315603657795434 0.005646741968074998 0.0082890174570659052 0.098672905965830643 -0.0058390076847796924 0.23375087364101066 0.095534999132047771 -0.40798127698545583 0.011353961975879803 0.29508306946206075 0.075409414756143975 -0.062534202296088498 0.3304227259778667 0.05677346114354781 0.68145127739082545 0.013051213374058795 0.34342268000158649 -0.041026783355044581 0.076899056723283496 0.0082503051972805594
leaf_weight=181.01716391911032 65.012152618961409 5.3513473409693679 17.650919589214027 1067.4826423100312 23.679576268652454 24.666985172894783 335.47152282332536 49.607535641640425 31.634914822294377 13.895284706610253 16.560128286015246 1274.0318819868844 200.35363192547811 2.5252154810586935 10.369066554121671 4.2461697128019287 35.566510844044387 0.47566924057900806 102.22536584199406 0.62358603789471079 74.7639993779012 26.558852974092588 1.5050398677121837 9.1008916738792305 0.32264989434042934 138.08127406716812 1.0358906863257278 3.9961523885722272 10.597071039141154 34.319337934604846
leaf_count=168408 47828 3153 330 113748 7903 354 14998 2238 1817 459 1743 58083 5089 182 144 298 1472 7 10768 114 39515 14098 77 967 48 3173 122 3039 736 3791
internal_value=-0.00011889 -0.00175223 -0.0148034 0.00340581 0.00171158 -0.00260793 -0.0118305 0.0239866 -0.0289733 -0.0558204 -0.00171538 -0.00103549 0.0161369 -0.0851286 0.0400444 0.0978957 0.114868 0.0539143 0.022823 -0.0161114 0.0655135 -0.00953804 0.0426702 -0.0320851 0.265367 0.00607966 -0.0685223 0.0381155 0.0199151 0.00256016
internal_weight=3762.73 3652.32 1034.58 2617.75 2571.64 797.467 592.127 205.34 367.106 237.109 2360.6 2341.51 225.021 19.0853 211.038 46.1103 40.1353 110.404 125.905 5.97493 85.1331 51.0601 15.4003 35.6597 4.56882 155.732 186.049 5.03204 45.3921 34.795
internal_count=504702 452340 215169 237171 232086 27999 22258 5741 16815 187170 173756 171831 5443 1925 58330 5085 1818 52362 18671 3267 39659 15601 536 15065 346 3503 171569 3161 4534 3798
is_linear=0
shrinkage=0.08


Tree=82
num_leaves=31
num_cat=0
split_feature=16 0 4 8 5 6 4 4 4 11 8 9 1 2 3 16 9 4 11 16 3 6 8 2 9 16 16 1 4 6
split_gain=46.5623 33.6652 133.799 72.2286 40.4252 64.6211 33.1654 45.4815 30.9213 28.1016 32.3662 29.4401 28.021 21.7407 19.8637 18.794 17.9257 17.5126 13.7761 11.7267 11.1081 9.06853 13.2494 7.8842 7.25415 6.7517 7.0006 6.68329 11.5298 12.663
threshold=0.9166773557662965 0.55087250471115123 0.074175827205181136 0.65889152884483349 0.38750000298023229 0.87138131260871898 0.31666667759418493 1.0000000180025095e-35 0.58571431040763866 1.0000000180025095e-35 0.53102344274520885 0.76696833968162548 0.65599384903907787 0.30877573788166052 0.85313725471496593 0.5445692539215089 0.061553031206130988 0.19090909510850909 1.5000000000000002 0.2863133996725083 0.53427231311798107 0.48435972630977636 0.55413547158241283 0.628892481327057 0.38675214350223547 0.64085903763771068 0.66806623339653026 0.95024752616882335 0.83974358439445507 0.9529346525669099
decision_type=2 2 2 2 2 2 2 2 2 2 2 2 2 2 2 2 2 2 2 2 2 2 2 2 2 2 2 2 2 2
left_child=1 3 16 15 5 14 7 13 -7 10 -6 -11 20 -5 -4 19 -3 -9 -2 23 -8 22 -18 -1 -14 -17 -27 28 29 -20
right_child=18 2 4 6 9 8 12 17 -10 11 -12 -13 24 -15 -16 25 21 -19 27 -21 -22 -23 -24 -25 -26 26 -28 -29 -30 -31
leaf_value=-0.080243051334246571 0.077446250101531278 -0.064772354407255317 -0.062422724005934078 0.010745445455957844 -0.0047880280226072526 0.013002984462453709 0.1120374945321384 -0.1032598776478022 -0.063511783230512486 0.0024424487544188081 0.071706352797511613 -0.088916852240255986 0.006100406177392579 -0.019543594301731925 0.031639196973489166 0.016595588643308921 0.39034244869159734 -0.01512987477816698 0.030792953290482043 -0.071195620317562866 0.012253581875101522 0.080234153308319789 0.12272259442966402 0.038290036263449088 -0.13100276508493608 0.35272938415120858 0.0376321233253058 0.073016790293133307 -0.29130744256818319 -0.10277931342116108
leaf_weight=5.3179610552615513 60.167592392419465 5.0201086257002308 193.20280038088094 375.06106169475242 63.232283764402382 254.02082629845245 30.956025795312598 41.37467626365833 38.99086216132855 1894.8989548847894 80.429523536353372 22.846453698002733 5.022190713323651 254.62811570812482 15.522959310095755 8.4282259790925291 1.2718861853936712 22.159172033774666 27.317032479215413 163.47396899602609 9.2805409359280002 102.68801276473096 17.128028605482541 11.061428127170073 4.8598943710094318 0.85739087482215726 0.95265929109882563 10.958248788025228 0.8415736819151779 5.4483819149900219
leaf_count=3438 47828 1962 54228 8737 807 37332 1007 3090 3243 104082 44212 1748 156 10296 1659 2759 38 1129 783 159425 786 9733 944 898 505 66 60 3566 19 166
internal_value=-0.000111158 -0.00163146 0.00291205 -0.0147215 -0.00104604 -0.0214105 -0.00346789 -0.00801151 0.00282122 0.00391059 0.0380376 0.00135407 0.0593778 -0.00150257 -0.0554273 -0.0587278 0.0833602 -0.0725221 0.0524757 -0.0647295 0.0890224 0.0895015 0.141222 -0.00019457 -0.0613253 0.0467021 0.186888 0.0187628 0.00107223 0.00858195
internal_weight=3727.42 3622.69 2689.25 933.433 2563.14 501.737 743.342 693.223 293.012 2061.41 143.662 1917.75 50.1187 629.689 208.726 190.092 126.108 63.5338 104.733 179.853 40.2366 121.088 18.3999 16.3794 9.88209 10.2383 1.81005 44.5652 33.607 32.7654
internal_count=504702 452340 259988 192352 247311 96462 25706 23252 40575 150849 45019 105830 2454 19033 55887 166646 12677 4219 52362 163761 1793 10715 982 4336 661 2885 126 4534 968 949
is_linear=0
shrinkage=0.08


Tree=83
num_leaves=31
num_cat=0
split_feature=16 11 11 10 4 0 4 2 5 7 7 7 16 8 4 4 5 4 5 5 8 8 7 8 1 5 2 3 11 16
split_gain=42.1334 41.9445 30.015 30.1508 30.2317 83.6317 110.178 50.9022 35.6865 29.3176 22.3321 18.7645 15.4441 18.2807 14.5994 16.5299 14.3357 13.7019 13.0286 10.2721 11.2237 9.48016 20.4457 9.34237 8.06149 6.94177 6.694 5.64894 6.79544 5.58279
threshold=0.84865140914917003 1.5000000000000002 3.5000000000000004 1.5000000000000002 0.31666667759418493 0.72377106547355663 1.0000000180025095e-35 0.67041200399398815 0.23611111193895343 0.30028901994228369 0.73978170752525341 0.97685134410858165 0.3298280537128449 0.72112083435058605 0.86607143282890331 0.83974358439445507 0.23611111193895343 0.21111111342906955 0.30952382087707525 0.61250001192092907 0.9796607792377473 0.75440767407417308 0.59105202555656444 0.86287939548492443 0.86512476205825817 0.38750000298023229 0.96039214730262767 0.87585616111755382 4.5000000000000009 0.63141322135925304
decision_type=2 2 2 2 2 2 2 2 2 2 2 2 2 2 2 2 2 2 2 2 2 2 2 2 2 2 2 2 2 2
left_child=2 -2 3 4 5 6 -1 18 -9 25 12 17 13 -5 15 19 -7 -12 -6 24 -21 27 -23 -14 -3 -4 -24 -11 -29 -27
right_child=1 14 9 10 7 16 -8 8 -10 21 11 -13 23 -15 -16 -17 -18 -19 -20 20 -22 22 26 -25 -26 29 -28 28 -30 -31
leaf_value=-0.0036601259040847673 0.066671184504841441 0.002733389170097461 -0.067028058529143522 -0.080190171489188153 0.023540632426373827 0.083112431857658028 -0.066828685061348744 -0.075638535331823339 0.0018684602519495831 -0.075583995200371179 0.010354718152592913 0.059529773703981839 0.037993986168501546 1.5272827879215933 0.073289508601232498 -0.23467218334542617 0.00036043508966161113 -0.044184135569113867 0.11505702040929298 -0.014183542882630884 0.045791898809503469 0.057097022999376822 -0.065946713518575437 0.095036180887062505 0.08133811964246622 0.033981364335374818 0.043233289157924355 -0.012583990434247252 -0.072703541496051627 0.24321015745065969
leaf_weight=588.54053284606198 112.99809791566804 16.322249446064234 4.4514504491235121 0.083257735008372857 14.653922527213579 59.638595034659375 252.5431048819446 38.81344668881502 1857.6784896688769 65.694010148989037 134.15726773010101 39.476654649479315 54.369991657906212 0.0992561224848032 19.201435529394075 1.8985782214440394 17.280177551903762 37.784799041808583 31.053913441544864 141.24062302091625 23.257854838622734 15.701709132757967 30.39603617717512 27.756891436642036 17.096564271021634 36.58935793483397 4.0759476039092979 26.763010129972827 21.862117394222878 0.83480653108563174
leaf_count=57928 88035 286 2191 57 2720 5879 145383 3149 103003 46640 4192 2348 5012 3 5536 24 2707 5517 3339 2679 580 663 1662 1844 946 1424 89 5579 5194 93
internal_value=-0.000102902 0.0270842 -0.00278914 -0.000855096 -0.00336171 -0.0153249 -0.0226271 0.00229283 0.000282209 -0.0323471 0.0235533 0.00978962 0.0589065 0.793998 0.00666005 0.000257251 0.0645218 -0.00163036 0.0857169 0.00251088 -0.00570383 -0.047561 -0.0185711 0.0572729 0.0429464 0.0274149 -0.0530373 -0.0602843 -0.0396141 0.0386486
internal_weight=3692.31 332.015 3360.3 3153.93 2860.2 918.002 841.084 1942.2 1896.49 206.368 293.728 211.419 82.3094 0.182514 219.017 199.816 76.9188 171.942 45.7078 197.917 164.498 164.493 50.1737 82.1269 33.4188 41.8756 34.472 114.319 48.6251 37.4242
internal_count=504702 98086 406616 343081 324108 211897 203311 112211 106152 63535 18973 12057 6916 60 10051 4515 8586 9709 6059 4491 3259 59827 2414 6856 1232 3708 1751 57413 10773 1517
is_linear=0
shrinkage=0.08


Tree=84
num_leaves=31
num_cat=0
split_feature=15 16 8 4 8 7 10 9 8 1 4 7 1 9 8 2 5 1 8 8 11 7 8 4 9 16 9 3 7 8
split_gain=42.5923 62.0663 37.8997 31.1934 39.6115 54.9018 19.9237 18.938 28.8184 17.2793 29.6532 18.3614 16.5655 13.7591 14.8619 28.8106 12.074 20.107 10.6634 10.3434 9.346 15.6205 10.2454 8.66137 7.78879 7.66443 10.6287 10.2625 10.0829 9.08439
threshold=1.0000000180025095e-35 0.7831653654575349 0.98101189732551586 0.43650794029235845 0.58355855941772472 1.0000000180025095e-35 1.0000000180025095e-35 0.63961037993431102 0.91316914558410656 0.74849396944046032 0.10555555671453477 0.53441697359085094 0.82426470518112194 0.91106721758842479 0.99190270900726329 0.2290398105978966 0.81666666269302379 0.70396453142166149 0.93062433600425731 0.54589802026748668 3.5000000000000004 0.52655076980590831 0.47893242537975317 0.31666667759418493 0.15075758099555972 0.68033078312873851 0.84807693958282482 0.31662489473819738 0.91905540227890026 0.98802351951599132
decision_type=2 2 2 2 2 2 2 2 2 2 2 2 2 2 2 2 2 2 2 2 2 2 2 2 2 2 2 2 2 2
left_child=1 13 3 4 5 23 7 8 -5 10 -6 -11 25 14 20 -16 17 -8 -9 -18 22 -22 -1 -2 -7 27 -27 28 -4 -28
right_child=2 -3 12 6 9 24 16 18 -10 11 -12 -13 -14 -15 15 -17 19 -19 -20 -21 21 -23 -24 -25 -26 26 29 -29 -30 -31
leaf_value=-8.271856816836376e-05 -0.041660934006640726 0.076801991547244444 -0.021224046473329917 -0.0070375254530915298 -0.00078571197944245122 -0.079306413364252759 0.05566431160382506 0.032029636996375836 0.049219412417968539 0.14069568583985978 -0.040566903756670492 0.012360091335007319 0.064223519572247034 0.064055033690832874 -0.82060820630908438 -0.076150484756862744 -0.04715454446199295 -0.022277363944578576 -0.070058939748003313 0.049978100535804808 0.0039814440018106408 -0.075231845055390947 0.016146839599201875 0.028676759805548943 -0.028321509968989557 0.026416055341475314 -0.165122914733902 0.052249088758293261 0.031381401193358069 -0.024165501665270237
leaf_weight=472.12382991815684 14.366825129312927 88.42642701958539 42.245491758454591 1079.5693297690013 330.18404949828982 151.76884295593482 30.794773864385206 7.7465554624795905 61.602365603321232 8.3463975277263653 188.3171948682284 49.157127898477484 49.213368547614664 26.538914847653359 0.35383318550884624 5.5702311884379014 7.635644608992151 67.867157002096064 42.329043864272535 86.509756237850524 50.436178962700069 23.289234580239281 526.6131726828753 50.902243200223893 21.949815969448537 32.03285682562273 3.1682028793729833 51.39257685164921 52.048576779663563 38.303916885051876
leaf_count=23989 5754 59704 422 46115 23045 206322 1650 195 2030 107 12497 2726 23702 1774 10 226 296 6643 779 20776 6456 1039 29270 1526 16973 2696 151 741 381 6707
internal_value=-9.86705e-05 0.0123095 -0.00609972 -0.00956358 -0.0219802 -0.0493612 -0.00225213 -0.00611365 -0.00400068 -0.0106197 -0.0152341 0.0309875 0.0222798 0.00714819 0.00574772 -0.120616 0.0216061 0.00205012 -0.0542661 0.0421002 0.00644573 -0.0210414 0.00847479 0.0131942 -0.0728643 0.0128625 -0.00819801 0.0234884 0.00781318 -0.0349337
internal_weight=3660.8 1193.35 2467.45 2199.05 814.992 238.988 1384.05 1191.25 1141.17 576.005 518.501 57.5035 268.405 1104.93 1078.39 5.92406 192.807 98.6619 50.0756 94.1454 1072.46 73.7254 998.737 65.2691 173.719 219.192 73.505 145.687 94.2941 41.4721
internal_count=504702 122468 382234 347434 268950 230575 78484 49119 48145 38375 35542 2833 34800 62764 60990 236 29365 8293 974 21072 60754 7495 53259 7280 223295 11098 9554 1544 803 6858
is_linear=0
shrinkage=0.08


Tree=85
num_leaves=31
num_cat=0
split_feature=15 16 8 5 8 3 3 4 3 4 2 3 1 4 2 9 13 7 8 1 6 4 8 9 4 7 7 3 4 16
split_gain=36.4618 58.2226 32.5473 27.5664 37.7513 34.6786 20.6684 18.9416 17.2159 17.1098 23.7316 22.9063 16.0139 14.7018 14.5171 12.4869 11.6817 11.4042 11.2607 25.5107 8.76448 10.1063 9.1709 7.86899 10.6081 13.0194 10.3505 6.31081 7.31611 4.86497
threshold=1.0000000180025095e-35 0.7831653654575349 0.98101189732551586 0.41428571939468389 0.58355855941772472 0.77015754580497753 0.68614074587821972 0.31666667759418493 0.29708431661129003 0.26136364042758947 0.70659971237182628 0.75905716419219982 0.88203668594360363 0.36931818723678594 0.67041200399398815 0.91106721758842479 1.0000000180025095e-35 1.0000000180025095e-35 0.99190270900726329 0.15535445511341098 0.99264705181121837 0.81666666269302379 0.60723635554313671 0.69397994875907909 0.78888890147209179 0.96787095069885265 0.9060301184654237 0.30368906259536749 0.095454547554254546 0.84483087062835704
decision_type=2 2 2 2 2 2 2 2 2 2 2 2 2 2 2 2 2 2 2 2 2 2 2 2 2 2 2 2 2 2
left_child=1 15 3 4 5 -2 7 8 -5 10 -6 -11 23 29 -9 18 -15 -7 20 -20 21 -1 -22 27 26 -26 -25 -4 -29 -8
right_child=2 -3 12 6 9 17 13 14 -10 11 -12 -13 -14 16 -16 -17 -18 -19 19 -21 22 -23 -24 24 25 -27 -28 28 -30 -31
leaf_value=0.0019311625568823607 -0.065915847931940677 0.076492453333216345 0.0046904525798830187 -1.4970469645711217 -0.0092085184595649787 0.058897181759772911 -0.043355103367088178 0.14496834456172267 -0.084322828453065657 -0.057158063843996181 0.058004170293800783 0.031972857922678302 0.07560478963285476 -0.004102253587626105 0.035771146111178487 0.062319956793782993 0.051183475255196981 -0.052446952349973382 -0.72491544788351026 -0.059562994292373918 0.014129858569328977 0.087329464988994424 0.063358207919354856 -0.029341335712785199 -0.31996848431201924 0.091427473835379552 0.017849694413342644 0.11501338314092725 0.035617403508133506 -0.18188795194801011
leaf_weight=891.54754545172909 164.8420557040954 81.945101236924529 19.516163059510291 0.055713158682919039 412.85352175653679 21.388116305693988 46.086072761594551 8.8976970951189269 6.0763392583176028 88.908266267913859 36.601170078560244 23.286826598574407 30.248929409892298 1275.5268754754215 62.689689457823988 25.152986704313662 24.938450837449636 8.1231430387124401 0.39267872646450896 6.0666525464039296 141.89703475241549 8.9581133049214241 29.203858605585992 37.647603739111219 1.3638817196479061 0.77042292966507364 141.71938497124938 11.105129398987627 22.431629205355421 1.6815845482051361
leaf_count=52419 197963 59704 272 23 31444 255 18583 635 4118 3267 1919 2081 19220 59590 4754 1774 17646 5095 5 231 5090 360 2885 1939 239 237 11755 280 858 61
internal_value=-8.5002e-05 0.0114322 -0.00566372 -0.00887805 -0.0212275 -0.0516175 -0.00233068 0.0377845 -0.0971582 -0.0107113 -0.00373508 -0.0386584 0.0208221 -0.00464313 0.0493434 0.00659964 -0.00304206 0.0282491 0.0052996 -0.100011 0.00593438 0.00278069 0.0225323 0.0137571 0.00583497 -0.171466 0.0079447 0.0408599 0.061908 -0.0482319
internal_weight=3631.92 1185.16 2446.76 2181.96 756.003 194.353 1425.95 77.7194 6.13205 561.65 449.455 112.195 264.803 1348.23 71.5874 1103.22 1300.47 29.5113 1078.07 6.45933 1071.61 900.506 171.101 234.554 181.501 2.1343 179.367 53.0529 33.5368 47.7677
internal_count=504702 122468 382234 347434 242024 203313 105410 9530 4141 38711 33363 5348 34800 95880 5389 62764 77236 5350 60990 236 60754 52779 7975 15580 14170 476 13694 1410 1138 18644
is_linear=0
shrinkage=0.08


Tree=86
num_leaves=31
num_cat=0
split_feature=15 8 4 8 7 8 3 7 2 1 1 4 7 8 6 11 5 2 3 5 3 10 7 7 11 6 8 8 7 10
split_gain=31.2374 27.9258 24.2859 34.2391 51.6079 21.1581 45.2938 20.38 17.3582 15.2598 13.8239 24.5937 16.4701 13.7961 13.3442 12.6642 12.7732 12.6154 22.04 12.2675 36.4965 17.996 12.1277 19.6916 11.8276 11.6226 11.2793 10.9837 27.6838 15.9946
threshold=1.0000000180025095e-35 0.98101189732551586 0.43650794029235845 0.58355855941772472 1.0000000180025095e-35 0.49743561446666723 0.75716626644134533 0.30320054292678839 0.74322345852851879 0.88203668594360363 0.75134408473968517 0.10555555671453477 0.54581964015960704 0.33249582350254064 0.58658170700073253 2.5000000000000004 0.46428571641445165 0.78319624066352855 0.90595519542694103 0.38750000298023229 0.78319624066352855 1.0000000180025095e-35 0.68863317370414745 0.43683740496635443 1.5000000000000002 0.55051019787788402 0.56727004051208507 0.41280081868171697 0.34498016536235815 1.0000000180025095e-35
decision_type=2 2 2 2 2 2 2 2 2 2 2 2 2 2 2 2 2 2 2 2 2 2 2 2 2 2 2 2 2 2
left_child=5 2 3 4 14 7 15 13 -4 -3 11 -5 -12 17 -2 16 25 18 -1 20 -10 -21 23 26 -25 -7 -8 -9 29 -29
right_child=1 9 8 10 -6 6 22 27 19 -11 12 -13 -14 -15 -16 -17 -18 -19 -20 21 -22 -23 -24 24 -26 -27 -28 28 -30 -31
leaf_value=0.021085690622771026 0.12556578681252656 0.012730076652076634 0.07928214505989771 1.4504863421504621e-05 -0.071774409491838026 0.025218837643906453 0.16416933063887951 -0.056581782356558037 -0.07522212952208189 0.075138506701376478 0.12913747551578969 -0.036285301166936741 0.0097835086704200335 0.14654503106945899 0.0017507553627097766 -0.031515678503479604 0.052150499261889846 0.0018985443495910907 0.2107602472728948 -0.0044921091621600894 0.045524383898947245 0.024788390328511652 0.079210345536457671 0.061195037025442815 -0.0013947684844168239 -0.0042155069451786731 0.061318742469761559 0.77431077980339202 -0.016517311425074409 0.18087070995028268
leaf_weight=17.54714043188142 6.1598376125330097 233.64198756066617 16.678048137866426 329.07798791921232 152.88465197446931 133.76947342226049 9.2610582453198713 55.99414968927158 48.035775169904809 28.089671085006557 8.8641721440944803 187.5205244612298 44.782301285478752 4.4845786849036804 58.269615695578977 49.969196524471045 43.462376951298211 371.10535075422376 5.0489370240829876 1138.5058641501237 24.037697195482906 152.31007990497164 69.593367849185597 27.920498220773879 62.749593317508698 239.70832267822698 25.934040002990514 0.37379559816326824 57.721101121627726 1.3070815167156979
leaf_count=2071 1458 15580 980 23062 223295 5670 95 15234 5257 19220 111 12572 2630 147 5822 3349 7319 5219 206 43899 1768 26580 52879 6165 2191 12660 1522 35 7650 56
internal_value=-7.37777e-05 -0.00525556 -0.00823667 -0.0194454 -0.046466 0.0106289 0.020078 -0.00155757 -0.00183793 0.0194279 -0.00914807 -0.013162 0.0295047 0.0070215 0.0135882 0.00654258 0.0111038 0.00543221 0.0634672 -0.00283062 -0.0349512 -0.00103715 0.0524112 0.0375934 0.0178788 0.00632707 0.0883823 -0.0311605 -0.00719758 0.312841
internal_weight=3604.81 2428.86 2167.13 787.559 217.314 1175.95 662.368 513.582 1379.57 261.732 570.245 516.599 53.6465 398.186 64.4295 466.909 416.94 393.701 22.5961 1362.89 72.0735 1290.82 195.459 125.865 90.6701 373.478 35.1951 115.396 59.402 1.68088
internal_count=504702 382234 347434 268950 230575 122468 91850 30618 78484 34800 38375 35634 2741 7643 7280 28998 25649 7496 2277 77504 7025 70479 62852 9973 8356 18330 1617 22975 7741 91
is_linear=0
shrinkage=0.08


Tree=87
num_leaves=31
num_cat=0
split_feature=0 4 7 13 4 4 2 6 2 0 16 1 7 10 9 10 12 9 0 16 6 6 9 3 4 9 2 3 0 2
split_gain=31.5522 111.111 44.5502 37.5758 29.5542 27.6515 42.5034 49.3098 26.7759 25.2593 26.6891 22.6025 18.019 22.664 16.7841 16.7329 20.1719 17.4931 16.5053 14.8051 14.5076 12.9729 13.5752 12.9359 12.391 12.0482 11.9214 10.822 10.2046 9.6567
threshold=0.55087250471115123 0.11805555596947671 0.59105202555656444 1.0000000180025095e-35 0.38750000298023229 0.31666667759418493 0.30877573788166052 0.37617924809455877 0.75716626644134533 0.66287881135940563 0.76148387789726268 0.5025252401828767 0.23201345652341845 1.0000000180025095e-35 0.061553031206130988 1.0000000180025095e-35 1.0000000180025095e-35 0.85357144474983226 0.4403389841318131 0.63613334298133861 0.75219297409057628 0.39314988255500799 0.56832298636436474 0.30877573788166052 0.21111111342906955 0.26201373338699346 0.74133810400962841 0.29459981620311743 0.38327018916606909 0.14459930360317233
decision_type=2 2 2 2 2 2 2 2 2 2 2 2 2 2 2 2 2 2 2 2 2 2 2 2 2 2 2 2 2 2
left_child=2 14 19 8 9 6 18 28 12 10 -5 -7 -3 -14 -2 16 -10 -17 20 21 -4 22 27 -9 -11 -6 -13 -1 -8 -23
right_child=1 3 5 4 25 11 7 23 15 24 -12 26 13 -15 -16 17 -18 -19 -20 -21 -22 29 -24 -25 -26 -27 -28 -29 -30 -31
leaf_value=-0.066213393483096211 -0.064913070709200771 0.033705963972108927 0.015950981668863867 -0.033702390817187004 0.014024324875044797 0.11681391807531011 0.010566929098981307 -0.068324886361323042 0.0025590191765265495 0.067537268772027217 -0.3067514356570521 0.06696450545919766 -0.075615848420152287 -0.01849298390648621 0.08340457982750446 0.020097544658234993 -0.016946084262553042 -0.10749678858312561 0.14062807690741269 0.13226573344245154 -0.028578743894152856 0.22798153288021714 1.1530616329349035 -0.029777933982139321 -0.0076811085283279333 0.075014858419985647 -0.058039574825648595 0.022961302600205517 0.097608351016334916 -0.058687026223880522
leaf_weight=13.32238783482171 5.0877540840301654 27.309494947054191 292.3594795584213 34.06371125660371 27.197226524644066 21.590328322083224 15.659810456854755 85.601616424915846 1334.9687104991754 30.790465468191542 2.456237214151769 8.8943938536103833 62.979786862997571 151.10818356416712 121.38022590559558 317.81426481797826 454.99025195508148 7.0288497869623816 6.1882144139963193 2.9624485956155686 55.754318698309362 0.75543130797450331 0.064566850662230446 159.60405312621151 25.728754255105741 87.160534595721401 10.82545715238666 25.155774950922932 19.176384207734372 168.16384452847706
leaf_count=4183 2932 3185 6471 1600 3006 862 592 5345 26936 3045 464 527 57419 16494 12090 29084 68833 1101 121 164 1537 195 1 6523 4167 81771 1156 8360 687 155851
internal_value=-7.679e-05 0.00423594 -0.0131699 0.000624728 0.0332703 -0.0031592 -0.00728923 -0.0305817 -0.00224879 -0.000210709 -0.052067 0.0602601 -0.0274908 -0.0352972 0.0774378 0.000632501 -0.00239899 0.0173367 0.0111212 -0.0453134 0.00881905 -0.0478491 -0.005969 -0.0432347 0.0332963 0.0605097 -0.00165804 -0.00791387 0.0584809 -0.057405
internal_weight=3576.14 2690.06 886.079 2563.6 207.397 675.654 634.344 280.042 2356.2 93.0392 36.5199 41.3102 241.397 214.088 126.468 2114.8 1789.96 324.843 354.302 210.424 348.114 207.462 38.5427 245.206 56.5192 114.358 19.7199 38.4782 34.8362 168.919
internal_count=504702 312127 192575 297105 94053 23821 21276 13147 203052 9276 2064 2545 77098 73913 15022 125954 95769 30185 8129 168754 8008 168590 12544 11868 7212 84777 1683 12543 1279 156046
is_linear=0
shrinkage=0.08


Tree=88
num_leaves=31
num_cat=0
split_feature=0 4 8 13 5 4 0 5 3 4 4 4 3 1 0 1 4 16 6 8 4 9 3 9 8 16 8 6 3 15
split_gain=27.2523 97.7802 48.7068 33.1105 44.7233 37.0612 34.3252 25.5965 36.1029 26.983 25.2341 32.4411 23.62 22.6491 19.2088 30.1801 18.1855 16.5299 16.1694 15.8998 15.1678 14.7118 12.3193 11.3209 11.2247 10.7553 10.3242 9.02952 8.25869 7.27915
threshold=0.55087250471115123 0.11805555596947671 0.65889152884483349 1.0000000180025095e-35 0.13392857462167743 0.21111111342906955 0.63453349471092235 0.38750000298023229 0.77015754580497753 0.58571431040763866 0.31666667759418493 1.0000000180025095e-35 0.9607692062854768 0.54653680324554454 0.45923791825771337 0.31311275064945226 0.19090909510850909 0.5445692539215089 0.53923079371452343 0.52088177204132091 0.38750000298023229 0.061553031206130988 0.63224515318870556 0.76696833968162548 0.52420487999916088 0.2863133996725083 1.0000000180025095e-35 0.48435972630977636 0.7454303801059724 1.0000000180025095e-35
decision_type=2 2 2 2 2 2 2 2 2 2 2 2 2 2 2 2 2 2 2 2 2 2 2 2 2 2 2 2 2 2
left_child=2 21 17 7 5 6 -5 8 9 -3 11 14 -10 28 15 -4 -13 25 -16 29 -7 -2 26 -24 -21 -1 -9 -23 -12 -6
right_child=1 3 10 4 19 20 -8 22 12 -11 13 16 -14 -15 18 -17 -18 -19 -20 24 -22 27 23 -25 -26 -27 -28 -29 -30 -31
leaf_value=0.0024246904886617029 -0.063836080046776739 -0.026012334697469483 0.0057123279781293914 -0.10388883638288389 0.013918363421194464 -0.15356113720420822 0.058385995652126495 0.093590862588088533 0.043171827928567989 -0.1043001139905777 0.10620352960468038 -0.10075471840365378 -0.10164303589678075 -0.023342468403907565 0.10685576803532237 -0.034354191944993756 -0.0065359750633773453 0.046616752226526607 0.015325145662525488 1.0093658594161341 0.088496079466271985 0.13370894737082728 0.0011866875702898007 -0.046157395218157378 0.066364243347790758 -0.068299439096581233 0.017402857210547591 0.070375671924734248 -0.052016179450410018 -0.10761887228515363
leaf_weight=15.447675640258238 4.7726544142933554 252.97099974923185 375.59673161822138 11.534103108162524 16.647525145206604 15.053758202178871 30.147409207071178 15.532053149770944 67.072142123477533 31.70779977721395 27.941237108258068 35.345000766450539 8.0762938761909009 16.049617420474533 16.683881505392492 177.03070246661082 20.841957576165441 9.8468489916704112 47.573946868942585 0.080838255817069604 1.8616735729738128 16.815816281654406 1899.7013864269538 32.883904921007343 121.59756401221966 126.080781422992 42.614924085224629 100.58596919596312 2.2839881061809129 3.8910052795545189
leaf_count=4336 2932 75137 8988 529 258 740 2708 189 6387 2145 1176 3090 749 1200 530 8204 1129 2885 1323 8 238 988 108641 5500 89046 159425 4304 11102 289 526
internal_value=-6.81756e-05 0.00393518 -0.0123604 0.000587259 0.0317672 -0.0270492 0.0134813 -0.00207651 -0.0217125 -0.0347321 -0.00368077 -0.00760953 0.0276084 0.0534635 -0.00230897 -0.00712273 -0.0658053 -0.0536069 0.0390901 0.056001 -0.126921 0.0738498 0.00147272 0.000381104 0.0669907 -0.06058 0.037754 0.0794471 0.0942476 -0.00910675
internal_weight=3544.27 2673.55 870.722 2551.37 200.814 58.5969 41.6815 2350.56 359.827 284.679 719.347 673.072 75.1484 46.2748 616.885 552.627 56.187 151.375 64.2578 142.217 16.9154 122.174 1990.73 1932.59 121.678 141.528 58.147 117.402 30.2252 20.5385
internal_count=504702 312127 192575 297105 94053 4215 3237 203052 84418 77282 25929 23264 7136 2665 19045 17192 4219 166646 1853 89838 978 15022 118634 114141 89054 163761 4493 12090 1465 784
is_linear=0
shrinkage=0.08


Tree=89
num_leaves=31
num_cat=0
split_feature=15 16 8 11 5 8 3 10 7 4 16 9 9 7 8 6 10 7 9 6 3 7 9 5 11 4 11 16 16 16
split_gain=25.1172 47.6959 22.8928 21.2551 17.6263 26.5352 29.2158 18.274 16.5231 13.637 12.5619 11.7921 11.1169 9.89693 8.45738 11.5802 8.22623 11.4059 7.40193 6.65454 5.95904 5.9231 13.3381 11.1201 5.49523 5.48786 4.21541 4.0827 4.06469 10.6994
threshold=1.0000000180025095e-35 0.7831653654575349 0.98101189732551586 4.5000000000000009 0.41428571939468389 0.58355855941772472 0.6832355558872224 1.0000000180025095e-35 1.0000000180025095e-35 0.5634920895099641 0.90909740328788768 0.67333334684371959 0.91106721758842479 0.3081014752388001 0.99190270900726329 0.18301435559988025 1.5000000000000002 0.9147634506225587 0.69397994875907909 0.89528506994247448 0.30368906259536749 0.9060301184654237 0.79057019948959362 0.13392857462167743 1.0000000180025095e-35 0.095454547554254546 7.5000000000000009 0.59233519434928905 0.47472566366195684 0.4785724431276322
decision_type=2 2 2 2 2 2 2 2 2 2 2 2 2 2 2 2 2 2 2 2 2 2 2 2 2 2 2 2 2 2
left_child=1 12 3 4 5 6 -2 8 -6 -7 18 -9 14 28 16 -16 17 -1 20 -18 27 23 -23 -20 -17 -22 -3 -4 -5 -30
right_child=2 26 10 13 7 9 -8 11 -10 -11 -12 -13 -14 -15 15 24 19 -19 21 -21 25 22 -24 -25 -26 -27 -28 -29 29 -31
leaf_value=0.0042091100926797452 -0.067797925179006985 0.076685511198047035 -0.016267070299609741 0.04309285411227376 0.0017947987719407594 -0.0058657537151032045 0.0085435760064995446 0.03265624059073334 -0.018303683943573699 -0.080429127126572006 0.069646494340216511 -0.022623389768189176 0.060349915552851234 -0.076687273775678438 -0.50417826745263183 -0.094528176354506943 0.014399536056409857 -0.053636568258438891 -0.043716892659256795 0.063193369569827254 0.10492049422229291 0.085160934035077102 0.0030815803074057476 0.070323506207330355 0.095897041637268587 0.035954798301925897 -0.29224684184012711 0.075943575262432297 -0.58474365947040385 -0.021071801828552863
leaf_weight=936.43265046202578 110.93588598832139 66.030272091040388 15.238105345517399 7.3026624368212634 832.90267620468512 510.20635358267464 45.136901079589734 144.27333200065186 381.78003528234694 16.19642720813863 26.948523558850866 29.797639784927014 23.246904775151052 40.073320939220139 0.39676256477832694 5.1511231808690354 61.513790754484944 22.335943529964425 31.5899224767345 25.22320853790734 10.914117433887439 14.164333605789578 120.17608146817656 6.6189432007959104 1.1948494018288327 22.833239426428918 0.19880695641040702 3.849297482520341 0.23875376651994917 2.2145775758835953
leaf_count=54342 169790 59703 226 663 5632 34460 18626 20503 64299 793 19905 8396 1774 23988 3 167 3705 827 688 1880 286 665 9311 2195 66 1478 1 46 16 268
internal_value=-6.36641e-05 0.00968646 -0.00475398 -0.00746395 -0.00622181 -0.0167493 -0.0457196 -0.00104827 -0.00452224 -0.00815993 0.0180256 0.0231934 0.00562885 -0.0590957 0.00441992 -0.0848888 0.00499589 0.00286151 0.0118534 0.0285888 0.0380532 0.00383099 0.0117357 -0.0239616 -0.058674 0.0582588 0.075578 0.00232877 0.013163 -0.0759273
internal_weight=3515.12 1141.72 2373.39 2121.06 2071.23 682.476 156.073 1388.75 1214.68 526.403 252.333 174.071 1075.5 49.8293 1052.25 6.74274 1045.51 958.769 225.384 86.737 52.8348 172.549 134.34 38.2089 6.34597 33.7474 66.2291 19.0874 9.75599 2.45333
internal_count=504702 122468 382234 347434 322499 223669 188416 98830 69931 35253 34800 28899 62764 24935 60990 236 60754 55169 14895 5585 2036 12859 9976 2883 233 1764 59704 272 947 284
is_linear=0
shrinkage=0.08


Tree=90
num_leaves=31
num_cat=0
split_feature=16 11 8 8 0 4 5 0 6 6 1 8 0 6 1 3 8 8 8 0 16 6 8 4 4 11 16 0 5 8
split_gain=23.4373 21.7184 22.3355 100.092 34.5097 64.8493 47.2566 33.8877 43.8182 19.638 18.413 10.3803 9.7564 22.1425 8.91817 8.35327 8.06822 6.97495 6.76706 5.19832 4.29143 5.74005 53.5322 3.79383 3.14648 3.11678 2.78698 2.52051 1.76282 34.301
threshold=0.94187903404235851 4.5000000000000009 0.49743561446666723 1.0000000180025095e-35 0.44337606430053716 0.074175827205181136 0.13392857462167743 0.28730159997940069 0.28035087883472448 0.47114317119121557 0.87138131260871898 0.34500262141227728 0.73746865987777721 0.82426470518112194 0.86706829071044933 0.091966174542903914 0.41542178392410284 0.83899769186973583 0.46681350469589239 0.63702240586280834 0.3298280537128449 0.42980295419692999 0.28084674477577215 0.27922078967094427 0.44949495792388922 5.5000000000000009 0.70934656262397777 0.87895438075065624 0.38750000298023229 0.94349297881126415
decision_type=2 2 2 2 2 2 2 2 2 2 2 2 2 2 2 2 2 2 2 2 2 2 2 2 2 2 2 2 2 2
left_child=1 2 3 12 7 9 -7 15 -9 -6 18 20 13 -1 -14 -4 -12 25 -5 -19 -3 22 -22 -21 -23 27 -27 -13 29 -2
right_child=28 11 4 10 5 6 -8 8 -10 -11 16 17 14 -15 -16 -17 -18 19 -20 23 21 24 -24 -25 -26 26 -28 -29 -30 -31
leaf_value=-1.7420878657233099e-05 -1.3843171108833718 -0.13944612137327142 -0.046698742500709649 -0.067952965588162814 0.11647097151792388 -0.029593043409634281 0.014160695183089642 0.09231551564613126 -0.039003535182319173 0.04621372623437555 -0.038994456259676506 -0.064503695843755177 -0.0099709301334956427 0.050781885195987621 0.0053843865517613325 0.010656544202723581 0.014489016551197368 -0.068852343952617162 -0.024323060405962972 0.12749686369681748 4.8530723951724086 -0.071392916125967973 -0.080138013488119664 -0.0039058972360772955 0.036369698780961558 -0.077436388126032707 -0.14696321932353373 -0.006729533442318335 0.070618551869992427 0.080359300890981825
leaf_weight=163.62491468526423 0.10924988222541188 1.0749481536331575 17.146479715855094 179.98666634270921 30.71511992852902 192.70280137273949 876.85992988964426 17.37817512100446 253.23909957964497 148.88028340801247 41.620621937094256 23.495834007670059 402.06818240042776 82.655231579730753 608.3002890534699 311.29918110210565 31.8777632904239 3.6702816432807577 26.043658718263032 2.4841890167444944 0.016216288873691975 2.0106776463944689 0.10675399002502672 3.2405791325727478 12.605497644399291 16.984940955764618 4.713917765649966 6.0842885680613099 31.948047152371146 1.6155970470863392
leaf_count=5543 98 140 714 205622 1481 16535 112156 739 28826 13119 14630 12765 2434 3004 4970 14349 2887 321 16384 32 10 2188 137 79 758 11173 106 526 31304 1672
internal_value=-5.49123e-05 -0.000701153 0.000251569 -0.00687702 0.0061766 0.0137469 0.0062776 -0.00960882 -0.0305706 0.0582294 -0.0501744 -0.0428566 0.00275405 0.0170316 -0.000726141 0.00766232 -0.0157976 -0.0579025 -0.0624378 0.00546686 0.0148701 0.0261246 0.570412 0.0531146 0.0215453 -0.0695126 -0.0925406 -0.0526202 0.0663654 -0.0124117
internal_weight=3494.56 3460.89 3384.4 1536.18 1848.22 1249.16 1069.56 599.063 270.617 179.595 279.529 76.4881 1256.65 246.28 1010.37 328.446 73.4984 60.674 206.03 9.39505 15.8141 14.7391 0.12297 5.72477 14.6162 51.279 21.6989 29.5801 33.6729 1.72485
internal_count=504702 471628 443393 255474 187919 143291 128691 44628 29565 14600 239523 28235 15951 8547 7404 15063 17517 25002 222006 432 3233 3093 147 111 2946 24570 11279 13291 33074 1770
is_linear=0
shrinkage=0.08


Tree=91
num_leaves=31
num_cat=0
split_feature=15 16 8 7 9 11 2 1 8 11 9 6 8 16 11 8 16 7 9 7 9 3 16 11 16 6 2 6 7 10
split_gain=21.9579 43.4856 19.0627 17.986 102.696 17.8584 13.2898 12.5073 11.894 20.2435 9.93981 7.71324 8.37576 11.7559 8.03673 7.92184 7.12296 6.94779 5.58996 6.3163 12.8855 7.65784 5.28149 4.3037 4.74532 4.07248 3.91589 3.90117 3.61972 3.32517
threshold=1.0000000180025095e-35 0.7831653654575349 0.98101189732551586 1.0000000180025095e-35 0.11651583760976793 4.5000000000000009 0.95040982961654674 0.88203668594360363 0.58355855941772472 3.5000000000000004 0.91106721758842479 0.99264705181121837 0.60723635554313671 0.68033078312873851 3.5000000000000004 0.99190270900726329 0.40200173854827886 0.55580469965934765 0.69397994875907909 0.9060301184654237 0.79057019948959362 0.38956639170646673 0.39623349905014044 3.5000000000000004 0.3298280537128449 0.78817018866539013 0.61143791675567638 0.53923079371452343 0.31045190989971166 1.5000000000000002
decision_type=2 2 2 2 2 2 2 2 2 2 2 2 2 2 2 2 2 2 2 2 2 2 2 2 2 2 2 2 2 2
left_child=1 10 3 23 8 6 -6 18 -5 -10 11 14 13 -13 15 -1 -14 -16 22 21 -21 -20 -4 26 -25 -26 -2 -28 -7 -24
right_child=2 -3 7 4 5 28 -8 -9 9 -11 -12 12 16 -15 17 -17 -18 -19 19 20 -22 -23 29 24 25 -27 27 -29 -30 -31
leaf_value=0.0039524523676737764 -0.080232979890227624 0.075175101905513741 -0.088263461530768708 -0.076682671213446671 -0.0079502592688713413 0.25819697172378742 0.012740320306713723 0.073653141765261665 -0.042479564469008663 0.29668111269179614 0.058602068522642874 0.024294664961129232 0.42475123518636154 -0.032520654120384331 -0.011945646686773295 -0.084307679500508576 0.056156425172747805 -0.077180917081234535 -0.046498152200351237 0.08304641036989914 0.0034060735994124796 0.039329445732478797 0.029658729568226655 -0.097086958778904289 0.095073855164729673 0.020113217846297202 0.022199058558078889 -0.00026705601363014318 -0.071366566787116781 0.083486533038804489
leaf_weight=814.6379800211871 3.805403421574737 60.316305433923844 2.1572617609053841 157.02063667587208 738.15523061828571 0.21502680116100492 271.85002522164723 22.326984818966594 4.9729115337540852 1.4560835139709523 21.97053880430758 108.72659149894025 0.33980685216374951 29.667907208320685 42.5056758193532 6.5608547173906109 26.711805316037498 13.854344497784039 27.44271730305627 14.550434128264895 122.19123986951308 8.7824513294617628 39.520564149890561 1.5693400820018748 7.2883785273879793 12.757608626503496 52.667441733763553 814.1400257908972 26.450359116017353 9.0214268873678503
leaf_count=46089 3244 59704 52 232245 69216 4 27117 19220 495 152 1774 3887 21 1203 5957 214 2884 735 249 729 11433 1759 1118 109 46 96 856 7501 6353 240
internal_value=-8.88953e-05 0.00909317 -0.00450763 -0.00698432 -0.0133797 -0.00408734 -0.00238124 0.0165585 -0.072316 0.0343359 0.00535053 0.00422881 0.0200732 0.0121151 0.00124167 0.00324731 0.0607865 -0.0279817 0.0108591 0.00401191 0.0118805 -0.0256901 0.0342192 0.00161797 0.0368798 0.0473676 0.000742497 0.00109799 -0.068709 0.0396625
internal_weight=3463.63 1125.29 2338.34 2092.35 1200.12 1036.67 1010.01 245.993 163.45 6.429 1064.98 1043 165.446 138.394 877.559 821.199 27.0516 56.36 223.666 172.967 136.742 36.2252 50.6993 892.228 21.6153 20.046 870.613 866.807 26.6654 48.542
internal_count=504702 122468 382234 347434 335582 102690 96333 34800 232892 647 62764 60990 7995 5090 52995 46303 2905 6692 15580 14170 12162 2008 1410 11852 251 142 11601 8357 6357 1358
is_linear=0
shrinkage=0.08


Tree=92
num_leaves=31
num_cat=0
split_feature=10 0 4 7 1 4 5 10 0 4 0 1 2 4 12 7 9 0 7 8 3 0 4 5 0 9 9 10 16 7
split_gain=20.4431 25.6755 57.2977 31.782 21.6243 27.5684 21.2956 38.3042 36.2033 54.4348 21.1545 15.7308 15.052 14.7038 13.3174 11.8793 12.2728 11.7225 11.1312 11.1083 11.787 10.561 16.1931 22.7972 16.1744 10.2893 8.95226 8.12211 12.1124 8.05659
threshold=1.5000000000000002 0.55403152108192455 0.074175827205181136 0.60894551873207103 0.3483316451311112 0.31666667759418493 0.38750000298023229 1.0000000180025095e-35 0.73746865987777721 0.5634920895099641 0.4403389841318131 0.48912529647350317 0.72850123047828685 0.27922078967094427 1.0000000180025095e-35 0.68863317370414745 0.91833335161209118 0.37248718738555914 0.36074022948741918 0.79226601123809826 0.091966174542903914 0.89512962102890026 0.21111111342906955 0.17424242943525317 0.51649147272109996 0.30217391252517706 0.061553031206130988 1.0000000180025095e-35 0.36309690773487097 0.51628047227859508
decision_type=2 2 2 2 2 2 2 2 2 2 2 2 2 2 2 2 2 2 2 2 2 2 2 2 2 2 2 2 2 2
left_child=1 3 26 13 10 17 8 14 11 -10 25 -4 -7 -1 -8 19 21 -6 -9 29 -21 22 24 -24 -17 -5 -3 28 -15 -2
right_child=15 2 6 4 5 12 7 18 9 -11 -12 -13 -14 27 -16 16 -18 -19 -20 20 -22 -23 23 -25 -26 -27 -28 -29 -30 -31
leaf_value=-0.054744342123571217 0.065727182181665636 -0.057512175488033113 0.028521857695994302 0.055457812431341534 -0.078691893530872761 0.11202914467096178 0.0024238939608698467 0.086046085505025793 0.0367608193667096 -0.075473652832907606 0.12604004875334843 -0.046682131379294833 -0.010980196079948658 0.026505545917969942 -0.013847009081324786 -0.0058069303929747041 0.052127646814116337 -0.027702394080105282 0.025788325775408984 0.69163432336514941 0.083697445299436096 0.069877093798789702 -0.14067429767927608 -0.011965602333655994 0.050455644452212296 -0.00070834538021603767 0.074006211549848322 0.053166260134317918 -0.080055654323700584 -0.012069628873961178
leaf_weight=151.83960153182852 14.634914551003019 3.4619917796517248 19.619066921033664 22.426933364331489 42.351176186872181 12.000345310603736 1279.5176628013432 21.252704803424422 120.62663782897289 35.88442847202532 9.2246371349901874 192.11299856496044 13.560756271122953 14.234293100395009 430.17917059815954 97.139149894879665 40.232242225261871 90.559459369513206 255.35361046032631 0.2056349166668977 27.544967429421376 14.52634661173215 11.022008169500621 43.833420585724525 49.297250819567125 301.57858988118824 76.645442000386538 12.533825981561675 13.118163636914685 20.387422096566297
leaf_count=159495 2552 1938 9111 2459 1939 494 25438 779 13232 3252 273 64544 1241 688 66767 1402 9272 4859 74499 9 2133 14026 275 12147 3985 5854 7687 1735 9845 2772
internal_value=-8.69788e-05 -0.00205991 0.00178631 -0.0157617 -0.00498904 -0.029317 -0.000477414 0.00279845 -0.0181474 0.011028 0.00658044 -0.0397137 0.0467698 -0.0433894 -0.00167005 0.0192082 0.0115622 -0.0439499 0.0304182 0.0503961 0.0882023 0.00400011 -0.000753941 -0.0378268 0.0131336 0.00317935 0.0683224 -0.000163435 -0.0246009 0.0204396
internal_weight=3436.9 3118.08 2434.65 683.428 491.702 158.472 2354.55 1986.3 368.243 156.511 333.23 211.732 25.5611 191.726 1709.7 318.823 256.05 132.911 276.606 62.7729 27.7506 215.818 201.292 54.8554 146.436 324.006 80.1074 39.8863 27.3525 35.0223
internal_count=504702 456129 267247 188882 17119 8533 257622 167483 90139 16484 8586 73655 1735 171763 92205 48573 41107 6798 75278 7466 2142 31835 17809 12422 5387 8313 9625 12268 10533 5324
is_linear=0
shrinkage=0.08


Tree=93
num_leaves=31
num_cat=0
split_feature=1 5 3 10 6 0 5 2 2 3 0 0 6 13 3 2 0 5 7 9 6 5 11 6 10 6 0 2 0 3
split_gain=18.4394 31.9145 33.0935 32.0344 18.7449 19.0622 33.9089 37.46 33.4457 24.2478 18.1952 17.557 16.9733 16.7029 16.2875 15.1338 13.1877 38.4751 11.8868 12.9388 11.8079 10.2199 10.1062 9.94631 9.83243 9.71645 9.13388 14.0996 12.4799 8.79974
threshold=0.89022758603096019 0.61250001192092907 0.96362435817718517 1.0000000180025095e-35 0.55051019787788402 0.61143791675567638 0.38750000298023229 0.33534136414527899 0.64051282405853283 0.63224515318870556 0.44337606430053716 0.70299971103668224 0.90399384498596203 1.0000000180025095e-35 0.91042780876159679 0.95861870050430309 0.44920890033245092 1.0000000180025095e-35 0.62973192334175121 0.30217391252517706 0.81165540218353283 0.38750000298023229 2.5000000000000004 0.53923079371452343 1.0000000180025095e-35 0.82952776551246654 0.66287881135940563 0.81302964687347423 0.65419578552246105 0.96362435817718517
decision_type=2 2 2 2 2 2 2 2 2 2 2 2 2 2 2 2 2 2 2 2 2 2 2 2 2 2 2 2 2 2
left_child=4 21 14 20 16 6 7 10 11 -8 -6 12 -7 15 25 -10 18 -18 -1 -20 -4 29 -9 -21 -11 -3 28 -28 -19 -2
right_child=1 2 3 -5 5 8 9 22 13 24 -12 -13 -14 -15 -16 -17 17 26 19 23 -22 -23 -24 -25 -26 -27 27 -29 -30 -31
leaf_value=-0.033739995131031569 0.037491566472188056 -0.11031835351683596 0.058846717912513453 0.053351550207712706 -0.0038861514889641843 -0.025372121766169535 0.08509110712426525 -0.037783473180006681 -0.015103046607156024 -0.032614294625268034 0.11234191925756237 0.088284876356260811 0.057193312089504442 0.027463138767215029 -0.14553845276132171 0.0025699997000028538 0.08804576398963182 -0.0066745266761315414 0.078977252918124186 -4.3108097239805964e-05 0.00033466883490582334 0.077510649692549963 -0.079381191200269804 0.091320955594878322 0.045657603400402799 -0.012407865195762207 0.30591407252734831 0.023216446850033476 -0.21558014939178394 -0.080626486659223617
leaf_weight=55.337502015376231 33.045359468465904 8.3489557917346229 22.942095196049195 91.437413722567726 176.52889072112157 30.427844185353024 30.889272990280006 274.10160289151827 739.86413405838539 30.757689157995628 9.0626968103169911 35.116659510938916 33.45526918786345 92.776520592917223 10.85699618241051 533.86487055721227 48.626954626000952 82.314865396008827 15.065177190030225 252.15044831577688 582.72998421319062 53.306798550765961 43.281456007724046 7.8637267965823403 15.421247536054578 29.083107266807929 1.1481565225112706 68.114107379544294 1.8717859124881204 4.5983164597419082
leaf_count=30371 6229 523 848 59499 19873 7427 4524 88925 73666 11222 593 4565 4154 34956 730 21855 4440 22322 876 4737 27291 6355 58397 141 1500 2692 182 4853 141 815
internal_value=-8.51931e-05 0.0102367 0.00477785 0.00921436 -0.00343373 -0.00691421 -0.0191896 -0.0267611 -0.00205565 0.0302246 0.00178943 0.0428452 0.017867 -0.0053086 -0.0592683 -0.00769565 0.00993637 0.0260351 9.07114e-05 0.00689641 0.00255103 0.0549752 -0.0434561 0.00272006 -0.00647575 -0.0342461 0.00638435 0.0279027 -0.0113193 0.023063
internal_weight=3414.39 836.349 745.399 697.109 2578.04 2045.55 580.043 502.975 1465.51 77.0682 185.592 98.9998 63.8831 1366.51 48.2891 1273.73 532.493 202.076 330.417 275.079 605.672 90.9505 317.383 260.014 46.1789 37.4321 153.449 69.2623 84.1867 37.6437
internal_count=504702 104982 91583 87638 399720 331657 185034 167788 146623 17246 20466 16146 11581 130477 3945 95521 68063 31938 36125 5754 28139 13399 147322 4878 12722 3215 27498 5035 22463 7044
is_linear=0
shrinkage=0.08


Tree=94
num_leaves=31
num_cat=0
split_feature=16 15 16 11 6 3 7 1 5 7 9 1 3 1 8 7 1 1 8 11 3 6 16 7 9 5 1 10 1 6
split_gain=18.4455 17.9566 33.7597 16.1538 10.6496 12.9165 12.9466 11.56 23.3459 11.5533 8.71983 7.27125 6.83985 13.99 12.7139 6.74297 5.01381 6.43389 4.14671 3.21945 3.22596 6.20915 2.66367 2.52292 2.06187 1.59622 17.3445 31.3806 3.08286 21.2338
threshold=0.94187903404235851 1.0000000180025095e-35 0.7831653654575349 4.5000000000000009 0.33615820109844213 0.29708431661129003 0.47138307988643652 0.81661397218704235 0.52777779102325451 0.90944743156433117 0.91106721758842479 0.15535445511341098 0.31311275064945226 0.26766170561313635 0.49743561446666723 0.3081014752388001 0.95024752616882335 0.80229884386062633 0.86287939548492443 7.5000000000000009 0.21164613962173465 0.86729559302330028 0.84483087062835704 0.66024062037467968 0.16064515709877017 0.38750000298023229 0.98147514462471019 1.5000000000000002 0.97182539105415355 0.94804319739341747
decision_type=2 2 2 2 2 2 2 2 2 2 2 2 2 2 2 2 2 2 2 2 2 2 2 2 2 2 2 2 2 2
left_child=1 2 10 4 5 11 -7 9 -9 -6 12 -3 13 -1 -14 16 17 -5 22 20 21 -4 -17 -20 -22 26 28 -28 -2 -30
right_child=25 3 19 15 7 6 -8 8 -10 -11 -12 -13 14 -15 -16 18 -18 -19 23 -21 24 -23 -24 -25 -26 -27 27 -29 29 -31
leaf_value=0.013784096228154488 0.080453753168620218 -0.053885072095600707 -0.68351977289348242 -0.051109081371189802 -0.013772502633632507 -0.06838868625046611 0.10347505228240099 0.035566306380612603 -0.0028266660560194719 0.0061603940949823497 0.056363382620606597 0.019847462479421193 -0.001436692543392612 -0.030504141445934205 0.018490669704843143 -0.085621230958625671 -0.10598842386372451 0.097414795494163403 0.065271412539446599 -0.22550387886052747 -0.009734341993771177 0.081481781274980014 0.042560201043559315 -0.055295852052913326 0.080156485122479165 0.068731547758629552 0.080188820097947339 -3.9508336689000827 -1.9111240639738276 0.080535721088357534
leaf_weight=84.250255651248153 1.4523391485854542 10.844460831343893 0.10464566684095089 3.2073966174648358 973.91796492366848 3.3020911212370292 18.64272379007889 115.41135547094746 832.83873433381086 230.05995911260834 20.579543117375579 40.633399317659496 494.87145498202881 99.627481564180925 349.70843389412039 28.161398627409657 2.0323912480380386 4.4654349122429267 2.1153299998259163 0.22890566289424796 1.6942685354733829 0.19339088822016492 1.0772406011819828 2.3389830804662779 45.225423494644929 26.849144686304498 0.032764342264272162 0.019846500246785581 0.040171236207242944 0.23278294573538005
leaf_count=3422 1542 466 19 799 259800 2563 788 9288 47214 12319 1774 2159 28165 7000 22403 23773 42 106 86 1 381 40 9 126 48885 31304 26 24 26 152
internal_value=-7.47872e-05 -0.000618702 0.00778743 -0.00468084 -0.00373827 0.0262228 0.0776143 -0.00476038 0.00184614 -0.00996366 0.00480208 0.00431477 0.00377033 -0.0102119 0.00681447 -0.05302 0.0057353 0.0353289 -0.0699443 0.073793 0.075244 -0.187123 -0.0808986 0.00196091 0.0769105 0.0638704 -0.00954024 -1.44044 0.0340935 -0.212581
internal_weight=3394.16 3365.53 1096.48 2269.05 2225.65 73.4227 21.9448 2152.23 948.25 1203.98 1049.04 51.4779 1028.46 183.878 844.58 43.3982 9.70522 7.67283 33.693 47.4466 47.2177 0.298037 29.2386 4.45431 46.9197 28.627 1.7779 0.0526108 1.72529 0.272954
internal_count=504702 471628 112090 359538 334597 5976 3351 328621 56502 272119 62764 2625 60990 10422 50568 24941 947 905 23994 49326 49325 59 23782 212 49266 33074 1770 50 1720 178
is_linear=0
shrinkage=0.08


Tree=95
num_leaves=31
num_cat=0
split_feature=16 11 10 4 0 4 2 5 5 0 16 0 0 4 2 8 0 8 0 0 11 15 8 8 16 4 2 16 8 1
split_gain=17.7294 15.9883 15.7386 19.0028 55.3456 76.7764 43.251 25.5243 25.3184 11.1144 10.8734 21.2311 11.5031 9.1028 7.64911 6.63716 6.42332 6.29413 4.52836 4.2638 3.3764 3.23475 3.07691 10.8819 4.76924 3.07276 2.81239 2.30698 1.51924 4.55511
threshold=0.94187903404235851 4.5000000000000009 1.5000000000000002 0.31666667759418493 0.70064935088157665 1.0000000180025095e-35 0.67041200399398815 0.26785714924335485 0.17424242943525317 0.67006802558898937 0.68033078312873851 0.43792808055877691 0.8263767957687379 0.16025641560554507 0.46234817802906042 0.34500262141227728 0.28730159997940069 0.83899769186973583 0.63702240586280834 0.66287881135940563 5.5000000000000009 1.0000000180025095e-35 0.33249582350254064 0.33417935669422155 0.47472566366195684 0.27922078967094427 0.90070420503616344 0.70934656262397777 0.96915146708488475 0.98437118530273449
decision_type=2 2 2 2 2 2 2 2 2 2 2 2 2 2 2 2 2 2 2 2 2 2 2 2 2 2 2 2 2 2
left_child=1 2 3 4 5 -1 9 -6 -8 -5 11 16 13 -12 -13 19 -4 20 -19 -3 21 -17 24 -24 -21 -20 -14 -22 29 -2
right_child=28 15 10 6 7 -7 8 -9 -10 -11 12 14 26 -15 -16 17 -18 18 25 22 27 -23 23 -25 -26 -27 -28 -29 -30 -31
leaf_value=-0.0040650716048132888 -0.037518054511769941 -0.080630468066982902 0.024823221727542345 0.093920882827180099 0.069420459856957606 -0.06335761944785688 -0.069111542790268793 -0.034289073254883229 0.0019298029927780325 -0.054088288134656659 0.014240642006065752 0.10117507392395968 0.0025721753216250121 -0.03894774501041328 0.045616720281823703 -0.01394297611455436 -0.013730138168911792 -0.066261942538100263 0.12219273811305177 0.049085451197199044 -0.075422098845893418 -0.070616000517222527 1.212660123535459 0.081914003723262574 -0.060315106945659565 0.0015769824463348898 0.059962181726244727 -0.14333454853116123 0.080642898934385171 0.071576718047943133
leaf_weight=555.69442413959769 3.3134868346096491 2.9374764319363775 60.7195862508961 39.573074710264336 71.178376225667307 186.73540254426189 32.610953197494382 19.307655917014927 2075.6090518241399 3.5372936994244801 35.560790238669142 22.538179757713806 7.6462043309875325 48.925779749057256 53.521366072469391 11.377829924342223 50.794295303960098 3.1546528781764192 2.3896820279769599 9.0212916655873361 14.060184754373042 14.869262767475448 0.061883333197329971 0.45468381379032508 3.5553935701173041 3.1122576786438003 19.156523155485047 4.1450540410005479 15.1427954416431 9.3936009161989205
leaf_count=63972 1615 2084 1517 6319 9619 159736 2531 3963 158817 432 3666 794 2996 10378 2779 1460 1966 321 32 160 11173 11831 76 251 662 79 13908 106 18665 12794
internal_value=-4.00125e-05 -0.000568112 0.000233647 -0.00151922 -0.0117789 -0.0189783 0.00245296 0.0472912 0.000830902 0.0817764 0.0177366 0.0294904 -0.00207393 -0.0165605 0.0620799 -0.0386398 0.00726226 -0.0522577 0.0101514 0.0064756 -0.0644112 -0.0460489 0.0260179 0.217374 0.0181582 0.0539646 0.0435901 -0.0908847 0.0635265 0.0431293
internal_weight=3380.1 3352.25 3283.11 2984.25 832.916 742.43 2151.33 90.486 2108.22 43.1104 298.863 187.573 111.289 84.4866 76.0595 69.1397 111.514 53.1089 8.65659 16.0307 44.4523 26.2471 13.0933 0.516567 12.5767 5.50194 26.8027 18.2052 27.8499 12.7071
internal_count=504702 471628 443393 405389 237290 223708 168099 13582 161348 6751 38004 7056 30948 14044 3573 28235 3483 25002 432 3233 24570 13291 1149 327 822 111 16904 11279 33074 14409
is_linear=0
shrinkage=0.08


Tree=96
num_leaves=31
num_cat=0
split_feature=16 10 5 3 4 0 0 7 9 8 7 13 3 4 2 7 9 2 8 5 3 3 8 5 0 4 9 9 7 12
split_gain=16.0817 13.8376 34.273 40.057 39.7431 50.1856 42.5878 32.4746 75.8922 16.5637 26.7143 19.3306 15.3874 32.3786 13.8468 10.9112 11.503 9.96855 9.82538 9.60134 22.6021 8.74483 8.11312 6.92979 27.1756 9.31714 6.47035 6.34333 5.18997 7.37752
threshold=0.94187903404235851 1.0000000180025095e-35 0.13392857462167743 0.57307061553001415 0.21111111342906955 0.67006802558898937 0.5604878067970277 1.0000000180025095e-35 0.048199767246842391 0.51756480336189281 0.47641299664974218 1.0000000180025095e-35 0.71516755223274242 1.0000000180025095e-35 0.79118219017982494 0.36009480059146887 0.10762548446655275 0.81530213356018078 0.38605175912380224 0.61250001192092907 0.90595519542694103 0.77459675073623668 0.28660714626312261 0.58571431040763866 0.88273492455482494 0.68333333730697643 0.12060606107115747 0.14495798945426944 0.47921466827392584 1.0000000180025095e-35
decision_type=2 2 2 2 2 2 2 2 2 2 2 2 2 2 2 2 2 2 2 2 2 2 2 2 2 2 2 2 2 2
left_child=1 7 3 4 5 -3 -6 17 28 15 27 -12 13 -10 -14 18 -17 19 -4 20 -1 -21 -5 24 -19 -25 -24 -11 -9 -30
right_child=-2 2 9 22 6 -7 -8 8 12 10 11 -13 14 -15 -16 16 -18 23 -20 21 -22 -23 26 25 -26 -27 -28 -29 29 -31
leaf_value=0.00025564001230873526 0.062435111502433902 -0.008529576127431578 0.0057826041611249027 0.51136718674222703 0.04519176367828065 0.063118749582745257 -0.10347061022362479 -0.076415754641712505 0.099486342736711086 0.13517823551438374 0.010549037554896301 0.052224795428346668 -0.060490107546681625 -0.059345802848123963 0.0033653621001713914 -0.063487977189830513 0.0076928666988856885 -0.010155726512260065 0.13520516638770469 0.14974887320611058 0.44003411078235316 0.043597959540465824 -0.041436333406279509 -0.0081744837948759495 0.065203006352441986 0.0069476526605368443 0.074142137544923492 0.068050329177593433 0.35815117160541504 -0.018800755148920812
leaf_weight=44.045089717372321 26.163159730815096 753.75138280798274 13.717624990786137 0.26311834051739325 16.357880313124042 68.231007430760656 50.12091652356321 128.31500162678276 9.4013272605079674 11.990655592948313 272.83111622305296 96.395687126496341 22.92821390942845 65.046313150131027 417.137056145526 29.803537437495834 28.35270694179053 81.7142177389469 5.1686451449932056 6.3481412623077658 0.76085070357657869 22.827357478789054 3.3383474157599258 585.4940280362498 48.985823940485716 470.13977028802037 43.408490926798549 36.234249407920288 0.36328737493022334 3.8945555946702362
leaf_count=6712 33074 90094 2132 13 1726 5556 5011 191134 618 395 25037 63815 4370 21806 20646 8066 2173 785 301 69 24 711 649 3223 311 4251 7748 2385 81 1786
internal_value=-4.10978e-05 -0.000530878 0.00541857 -0.00358611 -0.00739405 -0.0025822 -0.0668905 -0.00499114 -0.0195591 0.0224534 0.0287434 0.0214295 -0.00565202 -0.0392883 3.83741e-05 -0.0116287 -0.0287854 0.00248852 0.0412019 0.0309796 0.00772353 0.0666948 0.0683817 0.000711783 0.0180884 -0.00143965 0.0658883 0.084741 -0.0735324 0.0133615
internal_weight=3363.53 3337.37 1429.97 935.471 888.461 821.982 66.4788 1907.4 647.086 494.494 417.452 369.227 514.513 74.4476 440.065 77.0425 58.1562 1260.32 18.8863 73.9814 44.8059 29.1755 47.01 1186.33 130.7 1055.63 46.7468 48.2249 132.573 4.25784
internal_count=504702 471628 215101 110797 102387 95650 6737 256527 240441 104304 91632 88852 47440 22424 25016 12672 10239 16086 2433 7516 6736 780 8410 8570 1096 7474 8397 2780 193001 1867
is_linear=0
shrinkage=0.08


Tree=97
num_leaves=31
num_cat=0
split_feature=16 15 16 8 0 4 7 6 9 9 16 9 0 1 1 9 16 3 0 7 3 2 7 16 9 3 7 8 0 16
split_gain=14.5448 14.7485 30.2979 9.71686 14.1814 34.6141 21.5736 17.8232 15.9671 11.2478 9.17568 7.85326 8.40957 19.2147 17.489 5.88033 11.0619 8.20663 7.94443 7.53872 6.87299 5.09078 2.82404 9.34945 27.4396 2.43395 4.16241 1.73169 1.69396 2.47609
threshold=0.94187903404235851 1.0000000180025095e-35 0.7831653654575349 0.98208940029144298 0.57712131738662731 0.10555555671453477 0.74789679050445568 0.39314988255500799 0.70294117927551281 0.11651583760976793 0.70055997371673595 0.91106721758842479 0.44337606430053716 0.45199692249298101 0.32466214895248419 0.85357144474983226 0.68033078312873851 0.28759399056434637 0.44920890033245092 0.92566707730293285 0.11269841343164445 0.28035087883472448 0.62973192334175121 0.8125097155570985 0.16064515709877017 0.21164613962173465 0.90338954329490673 0.5943126678466798 0.28388279676437383 0.64634531736373912
decision_type=2 2 2 2 2 2 2 2 2 2 2 2 2 2 2 2 2 2 2 2 2 2 2 2 2 2 2 2 2 2
left_child=1 2 11 4 6 9 7 -3 -7 -6 -8 12 14 -14 -1 17 20 19 -18 -5 -17 -19 23 27 -25 26 -24 -4 29 -13
right_child=-2 3 22 15 5 8 10 -9 -10 -11 -12 28 13 -15 -16 16 18 21 -20 -21 -22 -23 25 24 -26 -27 -28 -29 -30 -31
leaf_value=0.0052356534021181832 0.061232951313323326 0.011495060512138925 -0.061183058694580836 -0.020608967663399622 -0.08451862404223541 -0.0028127028787022822 0.0051273137519548028 -0.048410337553828273 -0.043089912732995395 0.081113835279411226 -0.05817621307941271 0.05447960156863417 0.060761411842868401 0.0043665832060752483 -0.044007511020930354 -0.091933399811110136 -0.10535785356220491 0.13720405220938081 -0.016704292628418098 0.068144336978873163 0.027066934530006605 0.035150287133519378 -0.45176380502614566 -3.0096784036147337 0.080129775692904193 0.080149710044024242 0.081500871944514497 0.080421894154587656 0.081360226842562666 -0.035778851228152851
leaf_weight=142.36260909878183 24.60678151177126 39.100167114738724 0.9677607191260903 34.093948846857529 2.8165368300251421 1504.5368599814246 177.06414009828586 169.91527757623408 65.744885549414903 38.377886007569032 15.976460166624745 8.5504650786751899 40.733761737355962 761.87032232058118 68.30548410123447 3.2896175533533087 7.8742958573857313 3.2684283060953012 36.254043853812618 7.4663775109220287 55.709246876533143 72.958153189130826 0.14976089476840471 0.025889462209306546 0.063542771968059242 39.963205912703415 0.25015509623335674 1.2887084208778103 8.5455237705027667 2.5180997235001987
leaf_count=7327 33074 11593 82 378 1828 143098 3152 169668 6215 2783 641 713 3918 41599 8146 30 98 25 11855 76 538 7560 18 8 59 48219 41 899 1024 37
internal_value=-4.55673e-05 -0.000501111 0.00719563 -0.00420609 -0.00595352 -0.00259999 -0.0193948 -0.0372039 -0.00449904 0.0697892 -0.000111824 0.00446537 0.00349483 0.00722873 -0.0107306 0.011721 -0.00222797 0.0239338 -0.0325237 -0.0046643 0.0204318 0.0395261 0.0732251 -0.0121051 -0.814329 0.0781845 -0.118197 0.01969 0.0546035 0.0339458
internal_weight=3334.65 3310.04 1075.6 2234.45 2013.53 1611.48 402.056 209.015 1570.28 41.1944 193.041 1032.89 1013.27 802.604 210.668 220.914 103.127 117.787 44.1283 41.5603 58.9989 76.2266 42.709 2.3459 0.0894322 40.3631 0.399916 2.25647 19.6141 11.0686
internal_count=504702 471628 112090 359538 338978 153924 185054 181261 149313 4611 3793 62764 60990 45517 15473 20560 12521 8039 11953 454 568 7585 49326 1048 67 48278 59 981 1774 750
is_linear=0
shrinkage=0.08


Tree=98
num_leaves=31
num_cat=0
split_feature=11 8 7 9 2 11 16 4 6 7 7 16 4 6 2 7 10 2 6 1 6 9 7 9 5 5 6 3 3 8
split_gain=13.9378 15.2945 74.2663 31.5092 22.4911 21.3541 20.3303 14.6233 13.6285 12.6203 12.1842 23.5199 13.2596 24.3869 17.6734 12.1041 10.7775 8.30108 11.1945 41.744 7.42959 7.19815 7.49369 6.14618 6.1246 5.95123 20.3553 9.60093 5.60253 5.48547
threshold=4.5000000000000009 0.49743561446666723 0.25472371280193334 0.050641026347875602 0.95040982961654674 1.0000000180025095e-35 0.69355911016464245 0.68333333730697643 0.93582704663276683 0.32274864614009863 0.48397369682788854 0.45588392019271856 1.0000000180025095e-35 0.84409722685813915 0.49253065884113317 0.36009480059146887 1.0000000180025095e-35 0.81530213356018078 0.63211598992347728 0.68870675563812267 0.48683299124240881 0.048199767246842391 0.27701576054096227 0.16064515709877017 0.61250001192092907 0.58571431040763866 0.94519516825675975 0.76253134012222301 0.27334994077682501 0.83899769186973583
decision_type=2 2 2 2 2 2 2 2 2 2 2 2 2 2 2 2 2 2 2 2 2 2 2 2 2 2 2 2 2 2
left_child=1 2 17 -4 10 -6 20 -8 23 21 11 28 14 -14 -12 -10 -13 18 19 -1 -7 -2 -23 -5 -20 26 -19 -27 -3 -11
right_child=9 4 3 8 5 6 7 -9 15 29 12 16 13 -15 -16 -17 -18 25 24 -21 -22 22 -24 -25 -26 27 -28 -29 -30 -31
leaf_value=0.046989980114636336 0.0029236836857208051 -0.078422477029444465 -0.077492374845672771 -0.045883085636605994 0.069026745340001347 0.0068186744898685115 0.028286401305597057 -0.007979706350446791 0.10221862961897386 -0.068781683068098551 0.0023527794839773675 -0.0076739050961264045 -0.031937400868224865 0.0019382393450828388 0.04850887437182775 -0.0040761728784912202 0.06867123016203168 -0.007957857101928421 -0.00041710794164615781 0.6430888894906055 0.075290687247081906 0.53167634130848362 0.099764260261986579 0.021516512692197471 0.047242664699076453 0.037970068917256815 0.057544644105135878 -0.0028726477207082967 -0.0069455582554754283 0.0039298558076396716
leaf_weight=5.3958599365432738 14.65129867414362 10.106288272407253 112.73942954545055 65.73741367313778 54.137411024479661 13.273785990895702 119.35884761693887 176.20798376924358 9.1354931155074137 41.056115675168257 611.47149140937836 14.950058671194709 210.53439086620347 384.20877583166293 58.141949934884906 27.481509839839418 56.779733693911112 80.266708138602553 43.266348400749848 0.8735854934202506 42.983960369019769 0.29700647573918049 1.912929228696157 9.9726733475108613 28.705585426796461 38.229535304184537 48.836428093141876 1009.9928689643275 22.969428622134728 7.9214927337598047
leaf_count=2725 1825 4327 181983 42202 70122 360 7142 22925 1194 25807 36470 2039 18842 38794 8239 6060 4172 1058 7628 33 1488 28 150 3008 818 258 358 8149 6073 425
internal_value=-2.89943e-05 0.00070794 -0.0052958 -0.047614 0.00571566 0.022253 0.0150556 0.00666565 -0.0176258 -0.0364707 0.000812277 0.0270245 -0.00136051 -0.0100535 0.00636047 0.0224431 0.0527592 0.00228994 0.0275229 0.13005 0.059135 0.0232242 0.157812 -0.0370051 0.0185917 0.000613041 0.0168201 -0.00138308 -0.0287853 -0.0570215
internal_weight=3321.6 3255.76 1480.63 225.067 1775.12 405.962 351.825 295.567 112.327 65.8388 1369.16 104.806 1264.36 594.743 669.613 36.617 71.7298 1255.57 78.2414 6.26945 56.2577 16.8612 2.20994 75.7101 71.9719 1177.33 129.103 1048.22 33.0757 48.9776
internal_count=504702 476467 255474 234447 220993 102037 31915 30067 52464 28235 118956 16611 102345 57636 44709 7254 6211 21027 11204 2758 1848 2003 178 45210 8446 9823 1416 8407 10400 26232
is_linear=0
shrinkage=0.08


Tree=99
num_leaves=31
num_cat=0
split_feature=0 4 4 6 9 0 1 0 0 4 0 4 8 1 16 9 9 10 6 4 6 2 16 7 6 1 6 12 9 1
split_gain=12.6451 20.8992 15.8058 15.893 14.6388 12.7337 40.9223 21.8203 14.8722 14.8669 11.397 15.7502 13.7835 11.2363 9.43597 13.6 11.7583 9.27168 9.02845 8.94252 8.22413 7.7741 8.38231 7.76795 6.65869 6.71225 6.51562 6.27518 6.26494 5.87477
threshold=0.92907443642616283 0.58571431040763866 0.86607143282890331 0.63211598992347728 0.29520697891712194 0.44337606430053716 0.45499551296234136 0.25586470961570745 0.51649147272109996 0.19090909510850909 0.56294015049934398 0.080128207802772536 0.65889152884483349 0.9529346525669099 0.68033078312873851 0.042572464793920524 0.065591398626565947 1.0000000180025095e-35 0.33615820109844213 0.19090909510850909 0.8019607961177827 0.96449580788612377 0.48386253416538244 0.67841613292694103 0.95916664600372326 0.87895438075065624 0.48435972630977636 1.0000000180025095e-35 0.43167701363563543 0.90054944157600414
decision_type=2 2 2 2 2 2 2 2 2 2 2 2 2 2 2 2 2 2 2 2 2 2 2 2 2 2 2 2 2 2
left_child=2 21 3 10 14 7 8 20 -7 -9 12 26 -1 24 15 -3 -17 -8 -14 -13 -5 -2 -23 27 28 -26 -12 -16 -6 -4
right_child=1 4 29 5 13 6 17 9 -10 -11 11 19 18 -15 23 16 -18 -19 -20 -21 -22 22 -24 -25 25 -27 -28 -29 -30 -31
leaf_value=-0.037986417877375479 0.071347806952582138 0.0032047043116167797 0.071548930393983926 0.051185152137127217 -0.03723375498569826 0.0088391995368145432 -0.01133691583020501 -0.045349864595147782 0.077994423187885215 0.058616945098010929 0.12051959035440109 -0.11270355646267678 0.022540489495178961 0.076524770354373092 0.013758146822098893 0.25272328393374499 0.051544037899081359 0.001175052652539169 -0.0036223902923207584 0.0153152104792512 -0.014681091663023914 -0.27862618251714716 0.011108787935487193 0.073831870723371149 0.088740747160639719 -0.12426804167286118 0.03964217728330563 -0.04718445874908709 0.059727792367640024 0.020729543068406336
leaf_weight=56.265361834230134 44.790528551093303 292.8533678133681 19.941566917579621 26.921446125226794 6.5229103696183364 33.173821875636349 1150.1153880115598 153.4636747040895 49.74904066704039 9.3382340258758614 12.551488731201973 3.5400588551856336 121.10838034201879 31.124287916609319 13.868930154480038 2.2995176675030953 9.7130484572262485 565.3697311711876 278.62101141450694 258.02617446194927 22.085131269486737 0.77747256308793922 3.5896499217196833 4.6092606747697564 1.2309344324457914 4.1015463362273294 12.954945738470995 49.08250487424084 12.319461315666556 53.929798266355647
leaf_count=66574 5809 7718 1405 1772 978 14088 146441 43506 10447 4415 1139 2868 3409 40708 584 118 576 87749 8850 26829 1390 4 860 2047 362 1363 2251 5168 4689 10585
internal_value=-3.74601e-05 0.0120128 -0.0020701 -0.00304989 0.00633526 -0.00674528 -0.00456017 -0.0252985 0.0503284 -0.0393864 0.00694723 0.0194341 -0.000913939 0.0447433 0.000632311 0.00662685 0.090055 -0.00721337 0.00430433 0.0135826 0.0215021 0.0614138 -0.0404723 -0.0264179 0.00382566 -0.0750977 0.0794412 -0.0337581 0.0261613 0.0344482
internal_weight=3304.04 476.883 2827.16 2753.28 427.726 2010.22 1798.41 211.808 82.9229 162.802 743.067 287.073 455.995 55.2991 372.427 304.866 12.0126 1715.49 399.729 261.566 49.0066 49.1577 4.36712 67.5607 24.1749 5.33248 25.5064 62.9514 18.8424 73.8714
internal_count=504702 70984 433718 421728 64311 309808 258725 51083 24535 47921 111920 33087 78833 48100 16211 8412 694 234190 12259 29697 3162 6673 864 7799 7392 1725 3390 5752 5667 11990
is_linear=0
shrinkage=0.08


Tree=100
num_leaves=31
num_cat=0
split_feature=11 8 8 9 2 11 9 0 16 0 4 5 8 3 1 8 0 8 9 0 3 4 4 1 0 2 8 9 8 8
split_gain=12.0284 12.3902 63.1024 31.5621 18.8479 19.4553 17.7721 15.7188 19.2929 29.1598 17.8731 14.8278 13.4124 12.9992 12.987 12.5572 10.6684 9.72623 8.95232 8.61417 10.0208 9.72339 8.00309 7.46495 9.63747 7.94518 5.52331 5.35942 4.86972 4.22506
threshold=4.5000000000000009 0.49743561446666723 1.0000000180025095e-35 0.050641026347875602 0.95040982961654674 1.0000000180025095e-35 0.63961037993431102 0.89825496077537548 0.68706035614013683 0.44337606430053716 0.58571431040763866 0.81666666269302379 0.72792208194732677 0.94494947791099559 0.61938297748565685 0.91316914558410656 0.79502627253532421 0.52731794118881237 0.17519181966781619 0.73746865987777721 0.83910790085792553 0.31666667759418493 0.81666666269302379 0.74115687608718883 0.90815371274948131 0.8216732144355775 0.34500262141227728 0.048199767246842391 0.83899769186973583 0.33249582350254064
decision_type=2 2 2 2 2 2 2 2 2 2 2 2 2 2 2 2 2 2 2 2 2 2 2 2 2 2 2 2 2 2
left_child=1 2 19 -4 7 -6 15 8 9 -3 17 -8 -10 -12 16 -7 -5 -9 -16 20 21 -1 -22 24 -21 -25 27 -2 -28 -29
right_child=26 4 3 14 5 6 11 10 12 -11 13 -13 -14 -15 18 -17 -18 -19 -20 23 22 -23 -24 25 -26 -27 28 29 -30 -31
leaf_value=-0.045814752486622597 -0.00073314886983590804 -0.0072810797686132037 -0.074131620945776716 -0.067592774104094269 0.067477874118217887 0.014355860182208951 -0.084783683657459724 0.31354707627279033 -0.066257661715197494 0.021062955411325114 0.054102530385247725 -0.00029847974179353701 -0.012281001103889388 -0.048639831183024791 -0.007565279859183747 0.056971402483340303 0.37856228980450035 0.074635575951839339 0.07732838499996092 -0.045306516487998987 -0.005857921724325265 0.039801365599852319 0.062673706371268359 0.057831201914628601 0.10378256355115754 -0.0005186723589801932 -0.059318747700110384 -0.080885846374943157 0.0080707451090630388 0.47366897002769548
leaf_weight=9.2311028389667609 15.300590887425638 549.44919028054574 111.05384462305665 27.165114505536625 49.427666913543362 224.80485460005002 18.146471715823282 1.1323433835059429 32.515729280479718 402.43734234829026 14.400934140285246 49.732189942966215 313.81153235517559 17.408755120035494 76.997541283431929 55.098324276623316 0.3473965801531439 29.555812582460931 8.8653017864271515 38.053268700372428 117.78861765051261 105.68672121257987 12.018514458090065 15.174837944563476 2.9931960105895987 944.76127293426543 40.032819028478116 0.12973230417992532 8.2826637253747304 0.27286260854452848
leaf_count=5699 3121 43720 186867 41611 70122 17638 1028 25 779 30117 3625 7092 30784 3114 10825 6157 39 6792 181 347 1237 1501 110 200 14 6843 24570 67 432 45
internal_value=-3.17335e-05 0.000649259 -0.0047705 -0.0438188 0.00518176 0.0205136 0.0138389 0.000706194 -0.00118039 0.00470217 0.0398946 -0.0228845 -0.0173487 -0.00212614 -0.0141267 0.0227446 -0.0619592 0.083451 0.00119995 0.00226453 0.0157189 0.032924 0.000487249 -0.00102485 -0.0344346 0.000403733 -0.0343699 0.006848 -0.0477662 0.294969
internal_weight=3292.08 3228.06 1470.14 224.429 1757.92 397.21 347.782 1360.71 1298.21 951.887 62.4978 67.8787 346.327 31.8097 113.375 279.903 27.5125 30.6882 85.8628 1245.71 244.725 114.918 129.807 1000.98 41.0465 959.936 64.0187 15.7032 48.3155 0.402595
internal_count=504702 476467 255474 239523 220993 102037 31915 118956 105400 73837 13556 8120 31563 6739 52656 23795 41650 6817 11006 15951 8547 7200 1347 7404 361 7043 28235 3233 25002 112
is_linear=0
shrinkage=0.08


Tree=101
num_leaves=31
num_cat=0
split_feature=10 4 0 4 1 0 1 6 5 5 10 4 4 4 12 16 16 7 9 3 2 5 9 4 2 1 1 4 5 0
split_gain=11.7138 15.3147 40.8306 74.7009 36.2971 25.6625 29.198 26.1423 23.2681 21.7244 25.4825 24.9241 14.3578 11.9268 11.8056 10.1582 10.115 9.75899 11.325 8.58045 7.9614 7.91905 7.82711 7.62756 13.3105 9.26051 7.48906 11.3734 15.5857 10.1721
threshold=1.5000000000000002 0.31666667759418493 0.6776927411556245 1.0000000180025095e-35 0.48912529647350317 0.4654348641633988 0.32466214895248419 0.48435972630977636 0.26785714924335485 0.17424242943525317 1.0000000180025095e-35 0.38750000298023229 0.27922078967094427 0.34848485887050634 1.0000000180025095e-35 0.48386253416538244 0.88479328155517589 0.73978170752525341 0.91833335161209118 0.90595519542694103 0.67041200399398815 0.38750000298023229 0.10435571894049646 0.19090909510850909 0.45512083172798162 0.7243877947330476 0.90054944157600414 0.21111111342906955 0.17424242943525317 0.51649147272109996
decision_type=2 2 2 2 2 2 2 2 2 2 2 2 2 2 2 2 2 2 2 2 2 2 2 2 2 2 2 2 2 2
left_child=1 2 3 5 15 6 -1 -7 12 11 14 20 22 -12 -11 -3 19 -2 26 -10 -6 -18 -4 25 -25 -5 27 29 -29 -19
right_child=17 4 8 23 9 7 -8 -9 16 10 13 -13 -14 -15 -16 -17 21 18 -20 -21 -22 -23 -24 24 -26 -27 -28 28 -30 -31
leaf_value=0.00086438565691286597 0.039362131323417072 0.026557704197149871 -0.016727273517802604 -0.079271085273816363 -0.000425832580386446 0.11235973389658938 -0.044510047322605141 0.010789709361571429 -0.064311390986453706 0.001653919724503292 0.060166032755284551 0.095706299591921312 -0.092819181598935666 0.016055333867115832 -0.013476633695423934 0.11871372549564761 -0.60799684678473098 -0.0080802846791451152 0.047366379279511046 0.0377035133125629 -0.10939558152188136 -0.083472466239708679 0.069286536246870783 0.17944113329610345 -0.051229912454428428 -0.4002662392982122 0.065140295436935183 -0.13027623088997786 -0.016108582942539047 0.041497816093201571
leaf_weight=328.19486955218599 78.247833661094774 12.041870163957354 7.4553996612521578 93.125937159304158 5.197593813834831 21.432306843998958 125.45950971197453 66.657526457231143 14.248770255973801 1337.0002821676317 45.53329694995773 5.4482758387748609 4.0572116902185362 283.37215075427957 438.20311043156835 21.013296924706083 0.34383363887900387 84.805423268757295 36.135296027263394 8.3800642314308771 24.600383602213697 0.39681009299238212 73.744201884182985 1.644335434099047 60.736443111447443 0.57877385303436213 10.14810406664037 9.4758366904570703 39.778443934104871 38.513844755914761
leaf_count=30476 9145 3408 3912 105425 590 1389 29884 7430 5096 28800 4681 274 831 80807 78624 883 38 1095 9272 1514 2484 25 7780 751 60894 133 14654 239 10238 3930
internal_value=-3.36077e-05 -0.00154437 -0.0109589 -0.018061 0.00195055 -0.00401145 -0.0116841 0.0355018 0.0346658 0.000665167 0.00170855 -0.0616222 0.0540506 0.022162 -0.00208101 0.0851416 -0.0360544 0.0151138 0.00644433 -0.0265325 -0.0903882 -0.326976 0.0613891 -0.0668244 -0.0451495 -0.0812537 -0.00164847 -0.00557595 -0.0380728 0.00740345
internal_weight=3275.97 2978.87 806.456 697.83 2172.41 541.744 453.654 88.0898 108.626 2139.36 2104.11 35.2463 85.2568 328.905 1775.2 33.0552 23.3695 297.105 218.857 22.6288 29.798 0.740644 81.1996 156.085 62.3808 93.7047 182.722 172.574 49.2543 123.319
internal_count=504702 456129 255578 236382 200551 69179 60360 8819 19196 196260 192912 3348 12523 85488 107424 4291 6673 48573 39428 6610 3074 63 11692 167203 61645 105558 30156 15502 10477 5025
is_linear=0
shrinkage=0.08


Tree=102
num_leaves=31
num_cat=0
split_feature=15 7 4 9 8 11 0 8 0 4 7 6 4 9 9 6 0 9 1 7 4 5 4 12 11 0 0 4 6 7
split_gain=11.2554 11.0118 32.4981 15.6114 10.9151 10.2357 9.36222 8.98802 8.9895 21.8552 16.0146 15.7154 14.1957 10.3012 9.04409 8.85445 8.73916 9.63892 8.2928 7.08581 6.48904 6.71337 6.46204 34.4025 6.4206 6.38981 5.43747 9.98508 9.41451 5.17899
threshold=1.0000000180025095e-35 0.65319725871086132 0.43650794029235845 0.25357143580913549 0.93629321455955516 4.5000000000000009 0.92637759447097789 0.98208940029144298 0.57712131738662731 0.11805555596947671 0.74789679050445568 0.39314988255500799 0.12916667014360431 0.37797619402408605 0.11651583760976793 0.28035087883472448 0.61938297748565685 0.91106721758842479 0.88203668594360363 0.66841188073158275 0.58571431040763866 0.46428571641445165 0.78888890147209179 1.0000000180025095e-35 1.5000000000000002 0.72821971774101268 0.44920890033245092 0.11805555596947671 0.3483316451311112 0.3081014752388001
decision_type=2 2 2 2 2 2 2 2 2 2 2 2 2 2 2 2 2 2 2 2 2 2 2 2 2 2 2 2 2 2
left_child=1 4 3 15 6 7 26 8 10 14 11 -2 -11 -12 -10 -3 17 -5 22 -17 -8 -22 25 -24 -18 -9 28 -28 -1 -7
right_child=5 2 -4 16 -6 29 20 18 9 12 13 -13 -14 -15 -16 19 24 -19 -20 -21 21 -23 23 -25 -26 -27 27 -29 -30 -31
leaf_value=0.028425170406998872 0.014357195704691008 0.29453075808750079 0.076710326018669062 -0.0093773544881743318 0.096367836803033763 0.0055578412921373005 0.0798779246047083 0.0043027451711112 -0.084827244985563488 -0.13508395161711895 0.088357031694249993 -0.043698966514985157 -0.0027257550357816353 -0.003028356053326694 0.067209714089756969 -0.059451933901948383 0.064371477629310211 0.051875369115816278 0.07014646966665701 0.090761568802761275 -0.10984150320981824 0.01741005976741495 -1.1281604873317661 -0.033859988632456824 -0.011483376028475578 0.044408227017039441 0.041295012813530083 -0.0040459288505692824 -0.04954819449285619 -0.06319168002608519
leaf_weight=13.519171170773914 37.30906315995162 1.1797487279400254 52.743248610437149 183.39557157471427 7.6923295165470327 9.476059437300135 10.585518662715911 175.20858727596351 2.6856539343862087 5.2037085976626249 8.2541080212686193 149.07449840048503 1525.9966833557555 181.10832047084114 37.035832903871778 2.3885427317582062 22.667344848712673 18.061387852969347 14.976884253846945 12.674613686103838 2.7133787866332559 119.93310467308038 0.19855706684757057 2.4846940587740383 10.426395936956395 29.740709092875477 33.047987763449783 523.32257683156058 37.124336440843763 26.976552039232047
leaf_count=1485 10439 17 57196 3696 1027 947 499 5832 2135 2612 319 156357 144672 3364 3003 129 8073 1786 18985 567 170 6425 41 463 569 9071 2475 26369 11985 23994
internal_value=-3.2702e-05 0.00677851 0.0196298 0.00762544 0.00156306 -0.00327962 0.000577892 -0.00257317 -0.00431454 -0.00165577 -0.0154304 -0.0320777 -0.00317557 0.000955036 0.0569302 0.0834725 0.00237295 -0.00388581 0.0126547 0.0669424 0.0197817 0.0145948 0.00850769 -0.114837 0.0404729 0.0101226 -0.0036371 -0.00135271 -0.0287334 -0.0453199
internal_weight=3257.21 1051.48 303.537 250.794 747.938 2205.73 740.246 2169.28 1946.67 1570.92 375.746 186.384 1531.2 189.362 39.7215 16.2429 234.551 201.457 222.609 15.0632 133.232 122.646 207.633 2.68325 33.0937 204.949 607.014 556.371 50.6435 36.4526
internal_count=504702 122468 72033 14837 50435 382234 49408 357293 322901 152422 170479 166796 147284 3683 5138 713 14124 5482 34392 696 7094 6595 15407 504 8642 14903 42314 28844 13470 24941
is_linear=0
shrinkage=0.08


Tree=103
num_leaves=31
num_cat=0
split_feature=8 9 1 4 0 2 0 6 4 2 2 2 5 6 5 11 13 8 9 0 8 10 2 9 5 4 0 0 0 4
split_gain=9.74911 23.0464 12.3905 16.7846 11.6904 28.181 15.7134 16.4896 21.1543 22.0916 18.671 15.5287 21.7248 11.5002 9.22025 16.664 9.09699 9.68028 54.8046 8.34967 8.32685 8.68501 7.94292 7.72287 7.18384 10.6868 6.82112 7.64506 6.77173 7.93924
threshold=0.90957191586494457 0.5577777922153474 0.92907443642616283 0.78888890147209179 0.55087250471115123 0.46841755509376531 0.20761494338512423 0.35781671106815344 0.31666667759418493 0.74322345852851879 0.31311275064945226 0.29818989336490637 1.0000000180025095e-35 0.23166368901729587 0.81666666269302379 1.5000000000000002 1.0000000180025095e-35 1.0000000180025095e-35 0.048199767246842391 0.73746865987777721 0.97603827714920055 1.0000000180025095e-35 0.84680575132370006 0.098387096077203764 0.17424242943525317 0.087121214717626586 0.52689418196678173 0.22401433438062671 0.67962265014648449 0.27922078967094427
decision_type=2 2 2 2 2 2 2 2 2 2 2 2 2 2 2 2 2 2 2 2 2 2 2 2 2 2 2 2 2 2
left_child=4 24 3 20 6 23 13 11 10 -10 -9 -8 -13 -1 15 -5 17 19 -19 -7 21 -3 -22 -6 25 26 27 -2 -27 -30
right_child=1 2 -4 14 5 16 7 8 9 -11 -12 12 -14 -15 -16 -17 -18 18 -20 -21 22 -23 -24 -25 -26 28 -28 -29 29 -31
leaf_value=-0.043605572082571598 0.069607775661690643 -0.038130195799836203 0.057162630058736841 -0.63998452796413807 -0.073711197685837088 0.016251386831110066 -0.023150446998357579 -0.010183807649295723 0.081779894376491788 -0.032793080016452078 -0.053874869346197708 0.12122971260999452 -0.0214169026576361 0.042700011246835423 -0.041991535899985735 -0.12708481130044896 0.023199148136391817 -0.068451821970992865 -0.0012469272238180475 -0.00074268746503873052 0.0040564918425488403 -0.0024546449352108074 0.043008645276870087 0.11455055588984449 0.048207566191095862 -0.073179475137462119 0.093410417298117707 0.0045027614393009291 0.043601981490359931 -0.11855490015151864
leaf_weight=12.614581010362597 15.872663756832479 55.397905920399353 23.056016647431534 0.44393275916809294 1.5209634532075167 226.53952510873205 27.846585568448063 103.35789204017783 21.299017736368114 21.789250368921785 158.73708834366698 16.23559128546913 11.798706884263082 45.60126265908184 11.215003526362125 4.6717908813152462 96.337598472207901 88.025929171068128 659.4529130118608 1009.9580699056387 196.63266926788492 206.33779097889783 40.385243441676721 16.778902408987051 92.919479815347586 11.604502071626486 10.123717091744764 42.321623632451519 9.9131633201031928 2.4002344107720992
leaf_count=818 156 1245 35383 343 751 4478 2509 19837 4645 4133 144654 1257 4283 3257 2501 29 29091 113724 59439 7482 9441 21611 19145 764 11090 459 827 1006 280 64
internal_value=-2.36944e-05 0.00816248 -0.000213851 -0.00278212 -0.00237527 6.12519e-05 -0.0145708 -0.0207895 -0.0281052 0.0238416 -0.0366452 0.0191637 0.0611945 0.0239988 -0.0825903 -0.171593 -0.000808232 -0.00197398 -0.00916123 0.00237081 -0.000168952 -0.0100056 0.0106935 0.0989035 0.0325077 0.0166914 0.0328037 0.0222603 -0.0293311 0.011993
internal_weight=3241.19 723.296 538.14 515.084 2517.89 2098.61 419.28 361.064 305.183 43.0883 262.095 55.8809 28.0343 58.2158 16.3307 5.11572 2080.31 1983.98 747.479 1236.5 498.754 261.736 237.018 18.2999 185.155 92.2359 68.318 58.1943 23.9179 12.3134
internal_count=504702 103580 89698 54315 401122 215729 185393 181318 173269 8778 164491 8049 5540 4075 2873 372 214214 185123 173163 11960 51442 22856 28586 1515 13882 2792 1989 1162 803 344
is_linear=0
shrinkage=0.08


Tree=104
num_leaves=31
num_cat=0
split_feature=15 16 11 6 2 0 4 7 1 16 9 1 6 9 0 16 9 6 0 9 12 7 6 16 1 0 6 11 1 7
split_gain=9.87766 27.099 8.83845 6.59601 14.5082 16.6773 33.8943 17.61 11.0984 10.4175 18.7022 7.17135 8.89585 5.77897 6.26303 6.64005 12.5755 5.6113 10.9519 6.9992 5.20908 4.71574 4.25477 3.82807 3.72917 5.32967 3.3418 2.84968 2.40878 2.28354
threshold=1.0000000180025095e-35 0.7831653654575349 4.5000000000000009 0.33615820109844213 0.17467582225799563 0.4970588237047196 0.074175827205181136 0.74789679050445568 0.33137255907058721 0.46871364116668707 0.39009661972522741 0.15535445511341098 0.23166368901729587 0.91106721758842479 0.92637759447097789 0.68033078312873851 0.042572464793920524 0.18301435559988025 0.20761494338512423 0.16904762387275699 1.0000000180025095e-35 0.3081014752388001 0.92206478118896495 0.52340418100357067 0.95024752616882335 0.79502627253532421 0.3483316451311112 3.5000000000000004 0.49742268025875097 0.59105202555656444
decision_type=2 2 2 2 2 2 2 2 2 2 2 2 2 2 2 2 2 2 2 2 2 2 2 2 2 2 2 2 2 2
left_child=1 13 3 8 22 7 -7 -6 11 28 -11 12 -2 14 17 16 -16 19 -19 -1 -17 24 26 -13 25 -4 -5 -3 -10 -29
right_child=2 27 21 4 5 6 -8 -9 9 10 -12 23 -14 -15 15 20 -18 18 -20 -21 -22 -23 -24 -25 -26 -27 -28 29 -30 -31
leaf_value=0.21627314344433604 0.014748706900657332 0.07605912084861885 -0.048671920873260124 -0.091725022766263764 -0.047994047651253154 0.050541789174634859 -0.0033101610991966698 -0.0075365542943973607 -0.091864115101382787 0.48690521933964975 0.091639616245241293 0.045988106882110864 -0.13031742449549399 0.049823161454150923 0.017619559783977442 0.058189999786616368 0.097611388007801128 0.044360682016015868 -0.00070820585673945276 -0.08453679434004556 -0.027683377366736511 -0.060840172623928622 -0.13371118345966956 0.00027396065241944758 -0.084737654928719014 0.091188307586985623 0.075305906739617318 -0.17530094646320823 0.13860620784079961 0.080457413063459562
leaf_weight=0.52908136701443975 5.8820638758334081 37.180682724167127 2.9705312676887825 0.7973597830568967 103.36136925235041 78.305623337102588 1671.0350756845655 206.25697167648468 2.1162779048318039 0.83160185613087279 9.7287443582899851 20.586839761694137 5.0095266738208011 17.220198778639315 84.095224618795328 5.4785202832426902 14.790277911000883 36.047844550979789 807.59192470769631 7.6950430783908814 25.863542377090198 25.524430842291622 0.68559586236369696 27.230358646251261 2.2419449383742176 4.2225022403581534 19.868959046259988 0.52695267356466402 0.33636244996159792 0.38788299268344417
leaf_count=119 281 59558 797 32 101150 9930 236574 2979 1891 74 247 2861 192 1774 2796 324 676 1152 52769 158 2996 23994 45 304 42 108 607 13 126 133
internal_value=-2.45152e-05 0.00640446 -0.00307412 -0.00242592 -0.00324829 -0.00392863 -0.00089959 -0.0210427 0.0214272 0.0882704 0.122766 0.00661117 -0.0519737 0.00387994 0.00307436 0.0194139 0.0295839 0.000576474 0.00121754 -0.0651848 -0.0126729 -0.0429763 0.062357 0.0199554 0.00535075 0.0334298 0.0688614 0.072627 -0.0602567 -0.0668615
internal_weight=3224.4 1037.41 2186.99 2152.03 2080.31 2058.96 1749.34 309.618 71.7218 13.013 10.5603 58.7088 10.8916 999.312 982.091 130.228 98.8855 851.864 843.64 8.22412 31.3421 34.9594 21.3519 47.8172 9.43498 7.19303 20.6663 38.0955 2.45264 0.914836
internal_count=504702 122468 382234 357293 351317 350633 246504 104129 5976 2338 321 3638 473 62764 60990 6792 3472 54198 53921 277 3320 24941 684 3165 947 905 639 59704 2017 146
is_linear=0
shrinkage=0.08


Tree=105
num_leaves=31
num_cat=0
split_feature=1 5 3 10 6 6 3 0 5 3 0 1 0 3 3 6 1 0 0 5 6 6 1 9 0 10 16 3 1 8
split_gain=8.73285 22.7307 26.5675 16.597 13.8457 12.9913 34.5898 29.9173 21.8935 18.8057 15.1445 14.1243 27.6669 12.7692 11.7361 11.5384 76.5374 11.4851 10.6147 10.1458 9.80802 12.0458 9.30032 8.78565 8.62903 11.7871 15.3963 15.1926 11.81 11.6512
threshold=0.89022758603096019 0.61250001192092907 0.96362435817718517 1.0000000180025095e-35 0.69309264421463024 0.91240409016609203 0.90366768836975109 0.8263767957687379 0.81666666269302379 0.83438816666603099 0.4970588237047196 0.48912529647350317 0.53144779801368724 0.90366768836975109 0.85313725471496593 0.94028520584106456 0.94185259938240062 0.9529346525669099 0.90815371274948131 0.38750000298023229 0.97801932692527782 0.97700846195220958 0.40224719047546392 0.85960590839385997 0.66287881135940563 1.0000000180025095e-35 0.32334457337856298 0.70320320129394542 0.64051282405853283 0.60044842958450328
decision_type=2 2 2 2 2 2 2 2 2 2 2 2 2 2 2 2 2 2 2 2 2 2 2 2 2 2 2 2 2 2
left_child=4 19 13 15 24 8 10 23 11 -10 -7 12 -6 20 -13 17 -17 -4 -11 -2 21 -3 -12 -8 25 26 28 29 -1 -27
right_child=1 2 3 -5 5 6 7 -9 9 18 22 14 -14 -15 -16 16 -18 -19 -20 -21 -22 -23 -24 -25 -26 27 -28 -29 -30 -31
leaf_value=0.0059895511560517783 0.013880727692880152 -0.038318860542137866 0.011704622211778204 0.043238738063917877 -0.019056570025206301 -0.02599953984274728 0.010936219140425212 -0.082224468344553298 0.092899075279551532 -0.0030840673149164282 0.11258115371988954 -0.035114166019739441 0.058161397778374396 -0.11732931422519678 0.0046121242805474139 -0.16213334582062688 0.0021472018651950563 0.09287571378211841 0.089047788991680379 0.071260979353188508 0.064887639474230388 -0.34295421427975242 0.018494587090812843 -0.4024534646272076 0.015382005240379788 -0.05184598553159489 -0.052743808341451877 0.068793258746792693 0.27971694779828665 0.00416918975888782
leaf_weight=35.644527012118488 33.783444798231358 26.734795102674983 238.39103410349344 71.585623398292228 146.84452404616604 51.952772295284376 44.293160475543118 50.051232020632597 14.126147739356382 372.28540502738906 6.8646514640713567 368.67137802541401 37.224305784198805 14.537804614927152 54.648524116142653 19.235420022887411 321.71196475360193 11.703796884045003 8.1791399071807955 47.380786841211375 6.0240692524821489 0.85736468431423318 327.98342554031115 0.3314918011019462 339.5959874378168 25.063504691333947 56.845233192456362 22.307360807986697 1.0381560191744927 458.76789473393001
leaf_count=4021 7044 2272 8614 59499 41126 16891 4999 2862 697 29674 1131 85768 8707 972 5401 1050 18121 354 574 6355 693 8 48221 269 30572 31789 63603 2894 21 20500
internal_value=-2.39577e-05 0.007269 0.00268904 0.00685849 -0.0024079 -0.00722019 0.00357972 -0.0397614 -0.0124098 0.0022618 0.0141882 -0.0219413 -0.00344075 -0.0546851 -0.0299857 0.0024522 -0.00712111 0.0155032 -0.00110344 0.0473773 -0.0275937 -0.0477847 0.0204234 0.00786538 0.00519254 -0.00057783 -0.0266696 0.00424359 0.0137363 0.00126748
internal_weight=3214.66 791.946 710.782 662.628 2422.72 1483.46 481.477 94.6759 1001.98 394.591 386.801 607.389 184.069 48.154 423.32 591.042 340.947 250.095 380.465 81.1642 33.6162 27.5922 334.848 44.6247 939.263 599.667 93.5279 506.139 36.6827 483.831
internal_count=504702 104982 91583 87638 399720 246320 74373 8130 171947 30945 66243 141002 49833 3945 91169 28139 19171 8968 30248 13399 2973 2280 49352 5268 153400 122828 67645 55183 4042 52289
is_linear=0
shrinkage=0.08


Tree=106
num_leaves=31
num_cat=0
split_feature=7 15 16 11 0 16 5 16 4 0 6 0 0 4 8 10 0 4 16 8 9 7 16 7 16 4 5 0 8 16
split_gain=8.86171 8.42055 23.4981 7.29584 7.27906 14.4341 10.5276 11.6123 18.5636 13.7721 6.26843 8.67308 7.04459 19.1987 14.0357 5.16954 4.69741 5.94017 5.87958 5.38038 10.6244 10.4148 4.58418 4.29411 4.10162 4.07199 4.93249 3.82744 3.22861 3.55257
threshold=0.98048734664917003 1.0000000180025095e-35 0.7831653654575349 4.5000000000000009 0.63453349471092235 0.73558631539344799 0.35416667163372045 0.7831653654575349 0.19090909510850909 0.4712491780519486 0.23166368901729587 0.29459981620311743 0.57712131738662731 0.11805555596947671 0.82554244995117199 1.5000000000000002 0.92637759447097789 0.58571431040763866 0.68033078312873851 0.46681350469589239 0.1012820526957512 0.27701576054096227 0.39623349905014044 0.3081014752388001 0.46511036157608038 0.63068181276321422 0.73214286565780651 0.30471627414226538 0.86287939548492443 0.84483087062835704
decision_type=2 2 2 2 2 2 2 2 2 2 2 2 2 2 2 2 2 2 2 2 2 2 2 2 2 2 2 2 2 2
left_child=1 2 16 10 5 15 7 9 -9 -7 11 24 14 -14 -12 -2 19 22 -19 21 -21 -1 -18 -5 -3 -8 -27 -13 29 -25
right_child=4 3 -4 23 -6 6 25 8 -10 -11 12 27 13 -15 -16 -17 17 18 -20 20 -22 -23 -24 28 -26 26 -28 -29 -30 -31
leaf_value=-0.00051707579448341567 0.0051329262476562318 -0.046223960177173215 0.071592058577278794 0.0055109698301038365 0.05891507703866064 -0.48416208464902655 0.084056085558730467 0.080656512549144604 -0.68120488966231196 -0.02967196409605723 -0.03339832539949996 0.36311934969263582 0.051331275889220943 -0.0025248654024039581 -0.0025057343469108533 0.051038926217089879 -0.28271557366147204 0.022509938256294725 -0.018642702968686441 0.051720037672698255 0.0032125050844814935 -0.037024106280360888 0.082836129515214033 -0.079571034924339284 0.046041648849741719 -0.6804676220064293 0.080974633582882483 0.12611512978521838 0.0070731495807401772 0.063864804703323091
leaf_weight=298.74868698971113 47.067816308874171 4.3676777499058543 33.015250243275659 9.336065101066195 26.801950650173239 0.51670584152452637 1.7070022297848479 0.30379863527195983 0.62741274552536197 2.4498693447385449 139.95892986962644 0.52814038845826816 43.539797445046133 1566.6651757551735 287.42074858598062 23.557535604020813 0.22436476685106654 87.930163381650345 29.732490938476985 30.836689863557694 459.62017696458497 60.06801527418429 10.242901367164448 19.138054406368617 10.488405623007564 0.10429321919218626 0.11391868945793249 2.5020887415012112 4.0332382887718259 1.1728375740349282
leaf_count=4046 1038 757 55225 947 19942 12 1051 129 190 269 163980 22 6460 161721 6606 784 5 3049 2783 1840 27886 20495 954 23773 109 27 158 223 212 9
internal_value=-1.53753e-05 -0.000783404 0.00521235 -0.00368325 0.0230408 0.0104637 -0.110598 -0.186197 -0.432655 -0.108833 -0.00307809 0.0440751 -0.00349201 -0.0010686 -0.0126225 0.0204452 0.00297014 0.0172486 0.012111 0.000815952 0.00626234 -0.00662857 0.0750006 -0.040616 0.0189156 0.0424578 -0.282953 0.167423 -0.0583058 -0.0712884
internal_weight=3202.82 3099.57 1010.42 2089.15 103.25 76.4484 5.823 3.89779 0.931211 2.96658 2055.47 17.8863 2037.58 1610.2 427.38 70.6254 977.403 128.13 117.663 849.274 490.457 358.817 10.4673 33.6802 14.8561 1.92521 0.218212 3.03023 24.3441 20.3109
internal_count=504702 481102 116283 364819 23600 3658 1836 600 319 281 339878 1111 338767 168181 170586 1822 61058 6791 5832 54267 29726 24541 959 24941 866 1236 185 245 23994 23782
is_linear=0
shrinkage=0.08


Tree=107
num_leaves=31
num_cat=0
split_feature=7 2 3 2 4 10 4 0 0 4 9 8 6 0 1 6 6 4 9 8 1 3 10 6 8 3 1 4 3 0
split_gain=7.7557 8.54264 8.23815 27.3072 18.3175 17.1152 20.2211 18.5152 15.8406 34.018 14.4867 24.5491 14.4377 16.4787 20.608 13.8102 12.1636 11.9985 11.7758 10.766 9.38455 9.20949 9.80315 8.30029 7.72373 7.708 7.65113 7.33079 7.3032 13.6645
threshold=0.98048734664917003 0.85880398750305187 0.29459981620311743 0.27639257907867437 0.38750000298023229 1.0000000180025095e-35 0.31666667759418493 0.75582656264305126 0.66287881135940563 0.21111111342906955 0.63961037993431102 0.93062433600425731 0.3483316451311112 0.44337606430053716 0.45499551296234136 0.4555336087942124 0.73401361703872692 0.38750000298023229 0.21807064861059192 0.66833335161209118 0.29818989336490637 0.27953489124774938 2.5000000000000004 0.81322672963142406 0.95898419618606578 0.091966174542903914 0.15535445511341098 1.0000000180025095e-35 0.43288289010524755 0.24588394165039065
decision_type=2 2 2 2 2 2 2 2 2 2 2 2 2 2 2 2 2 2 2 2 2 2 2 2 2 2 2 2 2 2
left_child=2 25 3 15 8 6 7 27 -5 -10 11 -8 17 19 -15 21 26 20 -19 -14 -7 -1 -23 -9 -12 -2 -17 -4 -27 -30
right_child=1 -3 5 4 -6 12 10 23 9 -11 24 -13 13 14 -16 16 -18 18 -20 -21 -22 22 -24 -25 -26 28 -28 -29 29 -31
leaf_value=-0.0064842102744833768 -0.13004540575359883 0.070028954428768289 0.0092393172128959287 -0.05020939191684743 0.071034062210390853 0.018155919411190644 -0.0018208306399976394 0.089136389360470983 0.10555499779178533 -0.081272362552592167 -0.070362481217551023 0.05852683804745875 -0.079072306423690147 0.056816363182199944 0.0088170244235546823 0.1246671154381865 -0.0092410027362244459 0.062358298802380502 -0.43397424251723132 -0.008747392609158626 0.10023930376301493 -0.081827656692100417 -0.48672451139923573 -0.019239728535803233 -0.014665442245524591 0.024499408004303933 0.038787868341789621 -0.074344338487484424 -1.2473965481752642 -0.038862885485339567
leaf_weight=110.09585411967419 2.4208338344469658 19.044722021761118 7.6737862112859139 148.31663681448845 10.009499336782026 15.099660198888158 1648.9894446871913 7.9514692263328497 13.39370613131905 11.674076085837441 28.073738146747928 44.300432769028703 15.585865820408797 63.308507527406618 597.78583711301326 7.4313554532564003 36.152455491028377 0.60650265146978088 0.61732171504991129 131.29877517945715 21.760984692038619 5.1711032115417757 0.41328437346965063 10.488797565587445 36.851647787087131 69.21171270814375 62.30185378799797 53.786184155214869 0.060203389031811549 11.03235069857328
leaf_count=5729 38 18827 1295 32790 336 951 103281 1294 581 830 865 2170 23595 9079 133794 254 2893 18 128 6113 1221 342 6 1720 2844 1679 4875 144098 9 3047
internal_value=-7.44969e-06 0.0217222 -0.00072332 -0.0113595 -0.0341935 0.000881353 -0.00345266 -0.0428138 -0.0402683 0.0185494 -0.00166393 -0.000241994 0.0102972 0.00802833 0.0134136 0.00754059 0.0284167 0.0584326 -0.188002 -0.0162095 0.0666145 -0.0115679 -0.111793 0.0274922 -0.0387488 0.0106011 0.0479399 -0.0639082 0.014841 -0.045422
internal_weight=3190.91 101.77 3089.14 404.96 183.394 2684.18 1838.12 79.9002 173.384 25.0678 1758.22 1693.29 846.063 807.979 661.094 221.566 105.886 38.0845 1.22382 146.885 36.8606 115.68 5.58439 18.4403 64.9254 82.7251 69.7332 61.46 80.3043 11.0926
internal_count=504702 23600 481102 48636 34537 432466 257567 148407 34201 1411 109160 105451 174899 172581 142873 14099 8022 2318 146 29708 2172 6077 348 3014 3709 4773 5129 145393 4735 3056
is_linear=0
shrinkage=0.08


Tree=108
num_leaves=31
num_cat=0
split_feature=16 15 16 11 6 1 6 5 1 6 1 10 4 6 1 6 16 6 7 1 16 11 7 16 16 1 7 16 6 7
split_gain=7.42797 7.16451 19.9425 6.59515 5.3109 11.397 18.7194 11.2543 5.91565 7.93805 6.17512 4.90319 4.90758 6.12137 5.95137 4.40707 6.52737 4.67635 4.0141 3.23995 4.74829 2.81851 3.10328 2.16515 3.83773 1.42785 3.74105 4.23419 17.6039 12.9841
threshold=0.94187903404235851 1.0000000180025095e-35 0.7831653654575349 4.5000000000000009 0.55051019787788402 0.76239567995071422 0.91010102629661571 0.26785714924335485 0.33137255907058721 0.33615820109844213 0.30860807001590734 1.5000000000000002 0.81666666269302379 0.69309264421463024 0.99473685026168834 0.89528506994247448 0.52941617369651806 0.91010102629661571 0.3081014752388001 0.95024752616882335 0.4181839674711228 2.5000000000000004 0.62973192334175121 0.84483087062835704 0.8179878592491151 0.98437118530273449 0.96984851360321056 0.95313063263893139 0.89323708415031444 0.93761447072029125
decision_type=2 2 2 2 2 2 2 2 2 2 2 2 2 2 2 2 2 2 2 2 2 2 2 2 2 2 2 2 2 2
left_child=1 2 11 4 8 6 -6 -7 10 -10 -3 12 13 -1 -14 16 -13 -17 19 20 -5 -4 -23 24 -20 26 27 -2 -29 -30
right_child=25 3 21 18 5 7 -8 -9 9 -11 -12 15 14 -15 -16 17 -18 -19 23 -21 -22 22 -24 -25 -26 -27 -28 28 29 -31
leaf_value=0.0087487017026944055 0.018441222636460405 0.0015127004161354205 0.077303946050869293 -0.035453252369948146 -0.020589570475504061 0.053282833996451527 0.0088583135677033596 -0.00030459143586136929 0.080440178192534281 0.013428028289419412 -0.056018523511819289 0.055314444339014043 0.085515460316812023 -0.0059288244743837173 0.012321074335510893 0.14718939898718572 -0.0034486322960862867 0.037917663947014658 -0.055369245669925377 -0.075730177832370155 0.096788674161847943 -0.11357559366271111 0.080243327558771296 0.040532720775226405 -0.2142638318853097 0.072081733642163512 0.081014886481320367 -1.7512866794165418 -0.62642917805743281 0.0811722692369055
leaf_weight=284.01911140570883 2.4604535060352659 148.78468828750556 27.115555864627826 3.357454198820049 485.26315146150955 25.665983662402141 193.14136256175698 1103.5470150398323 12.378156191509332 131.50005872531619 12.982246300845871 15.988407022290628 7.6447298171115099 505.55446053105698 101.55392389075132 2.8734835167124428 49.71697243390372 19.62721422049799 20.640099837764872 2.3454420756897889 3.6020029777500895 1.0785749493516044 1.0370338234060907 1.3787979185581196 1.0209479620680202 10.011713263040292 3.6574274287122535 0.043657907983288058 0.22499297989998013 0.6325944928539684
leaf_count=20539 1725 10556 48654 433 167494 3976 47292 67189 2338 33536 2216 665 322 30796 4621 184 3901 1736 23974 42 472 86 586 13 7 25379 5090 31 68 781
internal_value=-5.26523e-06 -0.000289083 0.0052444 -0.00290987 -0.00236115 -0.00401027 -0.0122058 0.000913402 0.00739193 0.0191932 -0.00310434 0.00331573 0.00154928 -0.000649142 0.0174452 0.0213148 0.0108505 0.0518724 -0.0387609 0.00558627 0.0329911 0.0703651 -0.018569 -0.0566711 -0.0628584 0.0526862 0.0250215 -0.0358976 -0.184246 -0.104471
internal_weight=3178.85 3161.82 1016.21 2145.61 2113.26 1807.62 678.405 1129.21 305.645 143.878 161.767 986.978 898.772 789.574 109.199 88.2061 65.7054 22.5007 32.3447 9.3049 6.95946 29.2312 2.11561 23.0398 21.661 17.0308 7.01913 3.3617 0.901245 0.857587
internal_count=504702 471628 112090 359538 334597 285951 214786 71165 48646 35874 12772 62764 56278 51335 4943 6486 4566 1920 24941 947 905 49326 672 23994 23981 33074 7695 2605 880 849
is_linear=0
shrinkage=0.08


Tree=109
num_leaves=31
num_cat=0
split_feature=10 4 2 0 4 0 1 6 0 3 0 7 8 9 7 3 6 4 7 9 2 8 4 0 11 7 8 4 4 9
split_gain=6.85169 10.8591 31.3662 30.6195 44.3911 18.4197 22.2865 20.6618 18.2251 20.2985 9.95063 8.71546 11.555 8.5606 8.53649 8.27508 9.79482 8.49207 8.14614 11.5376 18.7714 9.39498 7.87197 7.75922 6.88294 8.2443 7.49014 5.60822 13.5951 26.4503
threshold=1.5000000000000002 0.31666667759418493 0.67041200399398815 0.73746865987777721 1.0000000180025095e-35 0.4654348641633988 0.32466214895248419 0.48435972630977636 0.6776927411556245 0.48050633072853094 0.67006802558898937 0.73978170752525341 0.86287939548492443 0.91833335161209118 0.73226860165596019 0.68801230192184459 0.87138131260871898 0.27922078967094427 0.98048734664917003 0.76696833968162548 0.83438816666603099 0.91316914558410656 0.19090909510850909 0.84074437618255626 3.5000000000000004 0.49914675951004034 0.54589802026748668 0.21111111342906955 0.41428571939468389 0.26794873178005224
decision_type=2 2 2 2 2 2 2 2 2 2 2 2 2 2 2 2 2 2 2 2 2 2 2 2 2 2 2 2 2 2
left_child=1 3 10 4 5 6 -1 -7 22 -10 -3 12 24 27 -12 17 -17 -5 19 21 -21 -4 -6 -18 25 26 -2 -13 -29 -30
right_child=11 2 18 15 8 7 -8 -9 9 -11 14 13 -14 -15 -16 16 23 -19 -20 20 -22 -23 -24 -25 -26 -27 -28 28 29 -31
leaf_value=0.0015230725535325803 -0.0040011989438681781 0.082268882741496213 -0.0010965953130037398 0.081003179214769239 -0.078548668390666723 0.10376001548093035 -0.039750028722294189 0.0106907857523701 0.04965994514167324 -0.070433016019649394 -0.12648564616514013 0.0062466132140004882 0.081972285713710027 0.041113538154681682 0.16587573497376021 0.057003789736661849 -0.13899524288194418 -0.11130984357719287 0.055457759852966637 -0.20607563026490122 -0.021944014039388823 0.018079692438670796 -0.039476733138514096 0.0090983267056923937 -0.07206680261855529 0.0046917112578596099 0.13140844075044503 -0.079452040950181879 -2.1836443132987187 0.0060282646238669904
leaf_weight=319.5783697528459 4.0638432843843457 38.250422246768721 1872.4826839472298 32.560499843661091 80.527013810005883 19.246851660514949 113.45788185919082 73.817102576227626 22.042083218504558 15.232410671305841 2.716704472477431 118.79367144888965 23.360276528823306 32.554358315988793 0.83582283207215358 11.794903045360117 3.8885682907712162 1.5389792304922583 17.050871897634352 4.3307890759606407 19.489184620368178 179.15539053376415 55.917514031621977 5.4205857554770773 5.3166581669211146 34.739424713145127 7.3299969904473983 18.998514222636004 0.035340320377143963 36.660638809436932
leaf_count=30476 1178 6762 134715 4614 105558 1389 29884 8657 1283 6809 500 5152 2090 9272 12 2879 1000 186 13554 527 9510 34971 61645 1198 1757 3583 537 1919 86 22999
internal_value=2.82201e-06 -0.0011586 0.00175842 -0.00940449 -0.0139293 -0.00235126 -0.00929071 0.0299387 -0.0489928 0.000583348 0.0703739 0.0119088 0.0353119 0.00345263 -0.0577002 0.0479567 0.00858508 0.0723237 0.000387659 -6.47676e-05 -0.0554216 0.000577938 -0.0625363 -0.0527625 0.0141263 0.0240597 0.0831119 -0.00357379 -0.0245202 0.00391949
internal_weight=3171.19 2889.33 2134.31 755.023 699.819 526.1 433.036 93.064 173.719 37.2745 41.8029 281.853 74.8102 207.043 3.55253 55.2035 21.1041 34.0995 2092.51 2075.46 23.82 2051.64 136.445 9.30915 51.4499 46.1333 11.3938 174.488 55.6945 36.696
internal_count=504702 456129 200551 255578 245701 70406 60360 10046 175295 8092 7274 48573 9145 39428 512 9877 5077 4800 193277 179723 10037 169686 167203 2198 7055 5298 1715 30156 25004 23085
is_linear=0
shrinkage=0.08


Tree=110
num_leaves=31
num_cat=0
split_feature=1 5 3 4 6 2 16 1 4 6 6 3 16 3 1 5 3 5 4 9 3 4 6 6 1 9 4 1 7 7
split_gain=6.56545 19.7839 21.9786 16.066 59.784 28.5672 18.0894 15.5663 11.1819 11.5026 10.6842 28.2523 16.0502 14.5229 14.7179 13.7044 9.90505 9.50273 8.22041 8.09627 6.65788 7.10784 7.75708 6.3765 6.32367 6.15374 18.0698 18.0522 17.7649 15.1385
threshold=0.89022758603096019 0.61250001192092907 0.96362435817718517 0.68333333730697643 0.94935896992683422 0.97100839018821727 0.91936165094375621 0.90054944157600414 0.86607143282890331 0.69309264421463024 0.91240409016609203 0.90366768836975109 0.70934656262397777 0.85313725471496593 0.48912529647350317 0.52777779102325451 0.91042780876159679 0.38750000298023229 0.72077924013137828 0.25357143580913549 0.96362435817718517 0.58571431040763866 0.943650782108307 0.82952776551246654 0.81872946023941051 0.50757575035095226 0.78888890147209179 0.81284341216087352 0.74789679050445568 0.92762354016304027
decision_type=2 2 2 2 2 2 2 2 2 2 2 2 2 2 2 2 2 2 2 2 2 2 2 2 2 2 2 2 2 2
left_child=8 17 16 4 5 -4 -6 -5 9 25 13 15 -13 14 -11 -12 18 20 -3 -9 21 -2 -23 -20 -15 28 29 -28 -1 -27
right_child=1 2 3 7 6 -7 -8 19 -10 10 11 12 -14 24 -16 -17 -18 -19 23 -21 -22 22 -24 -25 -26 26 27 -29 -30 -31
leaf_value=0.0024172427275332723 0.058483911267499286 0.0031452838693934149 0.03365537392659089 0.077006081484078087 -0.12941992879019987 -0.042514620072146334 -0.45427238594338304 0.0058194088114982227 0.063122065756697626 -0.00149568751735264 0.0053995541596884248 -0.013845134628285361 -0.084697696064545164 -0.019624353893540614 -0.029551968808522712 0.044610952089080572 -0.11300203109067733 0.068317790267993395 -0.13092801562226736 0.037239462978628173 -0.077918905065072805 -0.11381906484460359 0.025235327808202767 -0.028116947912357592 0.0042822641349481499 -0.020728419167750901 -0.12710321719932338 -0.72850186919810545 0.036716681258232964 0.017167207357953494
leaf_weight=521.71905626340958 17.312687445177293 21.344097125242115 76.588695812810329 23.065394711476984 17.913059733124104 53.542139932353166 1.1686373525299121 421.69825991180551 16.713049470752594 177.26894089302732 308.55800812235975 64.86170854485681 29.892103854042944 89.625260806038568 368.24984475668316 69.982835331786191 11.924091280641731 45.257304604630917 6.8685062070726408 59.948428776900982 4.551294576827785 3.9318110847816552 7.3991971257491969 8.8169194401125406 337.36704312427901 150.39402826473815 1.7342459427018178 0.39155997143825505 118.61452583006758 122.3523686012195
leaf_count=129894 4055 2123 6440 1812 1188 4614 100 17311 1280 49833 61176 6110 2020 11431 86168 5067 730 6355 381 56173 815 472 1702 711 23707 6791 153 25 4945 11120
internal_value=6.73167e-06 0.00636893 0.00211597 0.00598657 -0.0170756 0.00231534 -0.149315 0.0128046 -0.00208391 -0.00254549 -0.00698816 0.00286981 -0.0361971 -0.0117858 -0.0204349 0.0126488 -0.0495877 0.0444725 -0.0291673 0.00973012 0.0119623 0.0262438 -0.0230159 -0.073137 -0.000735711 0.00447286 -0.00553953 -0.237877 0.00877082 -0.00372867
internal_weight=3159.06 781.331 702.878 653.925 149.213 130.131 19.0817 504.712 2377.72 2361.01 1445.81 473.295 94.7538 972.511 545.519 378.541 48.9536 78.4523 37.0295 481.647 33.195 28.6437 11.331 15.6854 426.992 915.206 274.872 2.12581 640.334 272.746
internal_count=504702 104982 91583 87638 12342 11054 1288 75296 399720 398440 245512 74373 8130 171139 136001 66243 3945 13399 3215 73484 7044 6229 2174 1092 35138 152928 18089 178 134839 17911
is_linear=0
shrinkage=0.08


Tree=111
num_leaves=31
num_cat=0
split_feature=3 1 10 7 9 4 0 4 7 5 4 11 3 9 16 16 16 9 7 9 9 9 7 7 13 4 1 3 9 11
split_gain=6.55362 21.8959 16.5973 16.7582 50.8097 16.462 15.3793 29.3408 12.5015 12.1823 16.9207 11.604 11.6243 12.734 14.7734 11.0886 10.4941 10.473 9.36939 10.5663 11.3758 9.07832 10.8117 8.54665 7.67812 7.34295 7.62005 6.9586 6.3868 6.38033
threshold=0.29459981620311743 0.28730159997940069 1.0000000180025095e-35 0.23201345652341845 0.061553031206130988 0.38750000298023229 0.66287881135940563 0.21111111342906955 0.59105202555656444 0.46428571641445165 1.0000000180025095e-35 3.5000000000000004 0.78629976511001598 0.11651583760976793 0.69355911016464245 0.37212128937244421 0.7894989848136903 0.063508063554763808 0.63661757111549389 0.30901856720447546 0.31414473056793218 0.3390804678201676 0.77621760964393627 0.88935971260070812 1.0000000180025095e-35 0.44949495792388922 0.28730159997940069 0.28759399056434637 0.56832298636436474 2.5000000000000004
decision_type=2 2 2 2 2 2 2 2 2 2 2 2 2 2 2 2 2 2 2 2 2 2 2 2 2 2 2 2 2 2
left_child=1 8 3 25 -5 6 27 -8 28 10 -6 12 13 -4 -15 -14 -9 -11 19 -13 -21 22 24 -17 -10 26 -2 -3 -1 -27
right_child=2 5 11 4 9 -7 7 16 21 17 -12 18 15 14 -16 23 -18 -19 -20 20 -22 -23 -24 -25 -26 29 -28 -29 -30 -31
leaf_value=-0.055274860641238897 0.4165446316446807 -0.054122054559619555 -0.044843651022250602 -0.069022183507987514 0.042767912713273709 0.067748215075665502 0.099322319336417886 -0.05505389896147251 0.00061864554552225695 0.20780424065342293 -0.059754421259299917 -0.021524371233997776 1.0135733327680045 0.016738333007626463 -0.012798047722203621 0.037417768167955022 -0.3592490672510919 7.2648242981001706e-05 -0.085342419090268365 0.43667354970565675 0.057196741581229844 0.004357396752429527 0.16011056728833734 0.0017113803701109811 0.099648729662274629 -0.0012648801168294152 0.021565624691997191 0.028610761454017811 0.49610015598142149 0.020302223672667593
leaf_weight=22.697494280422692 0.31354792349156824 122.22836210934474 28.959676291509822 90.823440013889922 13.161957736141629 9.9006940402032324 13.372284078097437 10.401244081338517 16.96761299447099 1.5588996531223518 47.431031195272226 25.391511703048312 0.073084847783319584 442.27249289133761 143.55776740887086 162.73975187912583 0.78025036450708363 429.72849585337099 13.516828197723951 0.63525668423972037 2.4767798154789489 224.64875701401616 4.9107211520895353 58.262086347895092 7.1105549131752914 1051.6088270217297 103.4430787111778 6.8723095780733265 0.13525369763374229 95.785010739025893
leaf_count=12248 37 28258 19986 194274 977 387 700 792 1799 268 19819 12337 31 34732 24440 50298 46 25730 1186 33 171 3356 53 52919 323 7382 9417 1742 1 960
internal_value=2.03358e-05 -0.00903571 0.00148983 -0.0028405 -0.0140465 -0.0322377 -0.0386803 0.0193548 0.00469018 -0.00389554 -0.0374846 0.0105357 0.0125979 0.00694056 0.00950044 0.0283304 -0.0762808 0.0008235 -0.030486 -0.00447217 0.134659 0.00979427 0.0519272 0.0280046 0.0298633 0.00237854 0.0227592 -0.049718 -0.0520087 0.000535552
internal_weight=3151.77 440.026 2711.74 1833.85 582.704 163.555 153.654 24.5538 276.47 491.88 60.593 877.885 835.865 614.79 585.83 221.075 11.1815 431.287 42.0204 28.5035 3.11204 253.638 28.9889 221.002 24.0782 1251.15 103.757 129.101 22.8327 1147.39
internal_count=504702 49705 454997 258864 241068 31925 31538 1538 17780 46794 20796 196133 182406 79158 59172 103248 838 25998 13727 12541 204 5531 2175 103217 2122 17796 9454 30000 12249 8342
is_linear=0
shrinkage=0.08


Tree=112
num_leaves=31
num_cat=0
split_feature=16 11 7 10 4 0 4 1 5 5 16 16 0 7 0 0 1 16 8 7 0 1 8 1 16 4 7 8 10 16
split_gain=6.25569 6.0367 7.14255 5.84855 8.82587 26.4856 37.0897 26.4081 18.0393 11.1447 9.00645 8.81438 11.6551 9.1088 7.23094 13.0053 5.5192 5.15255 3.9643 3.939 3.20938 3.22391 2.25695 4.1698 4.22408 4.92947 3.12729 8.41462 4.64479 2.03771
threshold=0.94187903404235851 5.5000000000000009 0.27701576054096227 1.5000000000000002 0.31666667759418493 0.73746865987777721 1.0000000180025095e-35 0.48912529647350317 0.23611111193895343 0.23611111193895343 0.48386253416538244 0.68033078312873851 0.43792808055877691 0.95176565647125255 0.89512962102890026 0.89442723989486705 0.45499551296234136 0.40200173854827886 0.86287939548492443 0.63661757111549389 0.8521554470062257 0.7897985875606538 0.96915146708488475 0.98437118530273449 0.95030581951141369 0.83974358439445507 0.93761447072029125 0.93629321455955516 1.0000000180025095e-35 0.93678769469261181
decision_type=2 2 2 2 2 2 2 2 2 2 2 2 2 2 2 2 2 2 2 2 2 2 2 2 2 2 2 2 2 2
left_child=1 3 17 4 5 6 -1 10 -9 -7 -6 12 13 -5 15 -13 -14 -3 -4 -20 21 -19 23 24 25 -2 27 -26 -28 -16
right_child=22 2 18 11 7 9 -8 8 -10 -11 -12 14 16 -15 29 -17 -18 20 19 -21 -22 -23 -24 -25 26 -27 28 -29 -30 -31
leaf_value=-0.0023886726907665886 0.081700714249518358 -0.084926409290053947 -0.085556321391795614 -0.0066976384148760542 0.021203948472558572 0.069497853924313971 -0.04614381822587247 -0.054845683082969464 0.0015093083427358597 -0.010337273695187247 0.10914835950736915 -0.012399087565937692 0.07749321762674162 0.050356837643718955 0.076688510513217942 -0.61485697891944657 0.030305909710854832 0.45976740819973488 0.15334444011609996 -0.083801338477425116 0.057786200648499111 0.10720969601938025 0.080542200348350357 0.063854578794879782 0.085489235327231641 -0.37841166021891876 -0.28105030795263147 -0.70999464018461445 0.08106879554234879 -0.10061871526845367
leaf_weight=519.7204949594161 1.3535281411895979 1.3836298688402191 13.415086966801026 83.343263718466915 12.275013759943251 37.478277923488349 162.83295479362641 37.016853742228705 2025.4251581706776 15.95480075747764 18.970936362093198 92.357165899826214 25.434542772563873 22.809936825738987 7.2975049309170563 0.22989341295033128 42.158175047283294 0.28395416715648059 0.94577694259351008 0.8521571418386884 2.4688672838383354 0.39960301551036537 7.9069614746258594 4.935728106283932 0.14828259337809846 0.16745991593052156 0.4276797698403243 0.19974418781930581 0.48239186618593521 0.43983063986524928
leaf_count=67951 839 63 12325 3105 3327 7004 170079 5342 163402 2549 863 20204 1112 677 9677 263 2664 52 35 67 36 13 18665 12794 35 19 34 43 645 818
internal_value=7.5309e-06 -0.000245032 -0.0443349 3.55117e-05 -0.00104526 -0.00858093 -0.0128271 0.00160373 0.000497845 0.0456596 0.0745993 0.0111941 0.0220959 0.00556209 -0.00768623 -0.013895 0.0480621 0.0437724 -0.0706058 0.0409457 0.10026 0.253664 0.0505061 0.0197219 -0.0586588 0.0310426 -0.167104 -0.371066 -0.0891057 0.0666094
internal_weight=3139.12 3123.49 19.7491 3103.74 2829.67 735.987 682.553 2093.69 2062.44 53.4331 31.246 274.07 173.746 106.153 100.324 92.5871 67.5927 4.53605 15.213 1.79793 3.15242 0.683557 15.6218 7.71481 2.77909 1.52099 1.2581 0.348027 0.910072 7.73734
internal_count=504702 471628 12591 459037 420517 247583 238030 172934 168744 9553 4190 38520 7558 3782 30962 20467 3776 164 12427 102 101 65 33074 14409 1615 858 757 78 679 10495
is_linear=0
shrinkage=0.08


Tree=113
num_leaves=31
num_cat=0
split_feature=8 9 3 1 1 4 16 9 6 1 8 3 16 6 7 0 1 7 1 0 7 9 4 13 3 16 7 5 4 7
split_gain=5.94005 19.1148 8.66336 14.6817 8.2811 12.6859 7.52598 10.9082 7.81663 9.58066 6.93767 12.4123 8.7482 6.87398 9.84742 9.31716 25.6924 11.8448 10.9628 10.02 10.0112 7.90532 7.62507 6.66783 8.35802 6.62505 5.78246 5.73817 8.94537 14.2323
threshold=0.90957191586494457 0.5577777922153474 0.20761494338512423 0.20550528168678286 0.92907443642616283 0.78888890147209179 0.4205887913703919 0.40370370447635656 0.41742423176765447 0.15535445511341098 0.96017619967460643 0.72850123047828685 0.93182489275932323 0.3483316451311112 0.90023696422576915 0.44337606430053716 0.32466214895248419 0.84521561861038219 0.45199692249298101 0.63702240586280834 0.87677979469299328 0.64852941036224376 1.0000000180025095e-35 1.0000000180025095e-35 0.17712418735027316 0.4785724431276322 0.88935971260070812 0.17424242943525317 0.087121214717626586 0.93555310368537914
decision_type=2 2 2 2 2 2 2 2 2 2 2 2 2 2 2 2 2 2 2 2 2 2 2 2 2 2 2 2 2 2
left_child=2 27 3 6 5 -3 8 25 -1 -10 12 -12 -7 14 21 16 17 -15 19 -17 -20 22 -4 -5 -25 -8 -26 28 -2 -30
right_child=1 4 13 23 -6 10 7 -9 9 -11 11 -13 -14 15 -16 18 -18 -19 20 -21 -22 -23 -24 24 26 -27 -28 -29 29 -31
leaf_value=-0.079140933141486236 0.029679799113194905 -0.00068073791367358281 0.053028881028447133 -0.077958199755027949 0.051678519680511202 -0.10751422410999252 0.066769617704693612 -0.0026015650426023992 0.15515465443381751 -0.082956611243310691 -0.60075419299627975 -0.011280996182798382 -0.48386714695306388 -0.0044717893779601487 -0.41326115823411458 0.018700198570397925 -0.057781045024980944 0.077539016313220993 -0.00022887060066618139 0.10709431491606657 -0.038286029943764184 -0.15772129049539022 -0.023405213675582886 0.022495802468357633 -0.068772064967168811 0.22481941696343158 -0.39086504476690265 0.044290728689003613 -0.018678918290042267 -0.41280003835122425
leaf_weight=9.3804304171644599 66.399138589651557 482.73017403569247 38.314912530833681 30.899308949541592 18.325940631111735 7.070304984998077 6.9482508827932197 17.166061378084123 2.4540571882971554 1.9335756064901941 0.2343593857367513 9.326449477724962 0.41869071511609934 79.894024871564397 0.32129109336528827 41.008072527311015 67.348053404635721 13.122310710139571 2040.2748194525266 10.26088608446298 45.218151909750304 1.3809558836510394 10.681939312235043 12.184235464301311 7.1000615960656424 2.2460835888050497 0.37559257075190533 85.571538458112627 20.80600734704058 0.60340734050259826
leaf_count=1377 1989 51442 3105 11412 35383 999 137 197 315 731 80 1717 77 20639 13 29612 55314 158 264611 1270 6938 23 3723 892 622 28 5 11090 778 25
internal_value=1.04201e-05 0.00655503 -0.00184543 -0.0261076 -0.00113936 -0.00307609 0.0100232 0.0350616 -0.0379153 0.050222 -0.0708954 -0.0257305 -0.128555 -0.00090827 0.0282293 -0.00155136 -0.0201492 0.00709791 -0.000155582 0.0363913 -0.00105403 0.031045 0.0363653 -0.0547843 -0.0183621 0.10538 -0.0849547 0.0295479 0.0151807 -0.0297869
internal_weight=3130 691.486 2438.51 90.6877 518.106 499.78 40.1285 26.3604 13.7681 4.38763 17.0498 9.56081 7.489 2347.83 50.6991 2297.13 160.364 93.0163 2136.76 51.269 2085.49 50.3778 48.9969 50.5592 19.6599 9.19433 7.47565 173.38 87.8086 21.4094
internal_count=504702 103580 401122 15716 89698 54315 2785 362 2423 1046 2873 1797 1076 385406 6864 378542 76111 20797 302431 30882 271549 6851 6828 12931 1519 165 627 13882 2792 803
is_linear=0
shrinkage=0.08


Tree=114
num_leaves=31
num_cat=0
split_feature=15 16 11 8 9 8 0 10 0 8 9 11 9 3 9 8 2 0 9 9 16 8 16 16 8 16 16 11 3 3
split_gain=5.58279 20.2635 5.30363 4.75013 7.02102 7.20304 11.7365 7.15986 5.82463 4.72453 58.3742 5.12041 4.29799 4.31305 4.203 4.5752 7.18025 4.33982 3.91181 8.34176 3.58406 2.86353 3.05377 4.0171 2.88141 3.27326 2.68981 2.62846 2.71658 3.41042
threshold=1.0000000180025095e-35 0.7831653654575349 4.5000000000000009 0.98208940029144298 0.71714287996292125 0.95393458008766185 0.84889996051788341 1.0000000180025095e-35 0.88203668594360363 1.0000000180025095e-35 0.12973351776599887 3.5000000000000004 0.69397994875907909 0.30368906259536749 0.91106721758842479 0.99190270900726329 0.17467582225799563 0.28730159997940069 0.80476191639900219 0.77097901701927196 0.68033078312873851 1.0000000180025095e-35 0.47601480782032018 0.4181839674711228 0.75440767407417308 0.84483087062835704 0.8179878592491151 2.5000000000000004 0.21164613962173465 0.18350168317556384
decision_type=2 2 2 2 2 2 2 2 2 2 2 2 2 2 2 2 2 2 2 2 2 2 2 2 2 2 2 2 2 2
left_child=1 14 3 4 9 7 -7 -6 12 11 -11 -2 13 -5 15 18 -17 -18 19 -1 -14 22 23 -4 25 26 -23 28 29 -3
right_child=2 27 21 8 5 6 -8 -9 -10 10 -12 -13 20 -15 -16 16 17 -19 -20 -21 -22 24 -24 -25 -26 -27 -28 -29 -30 -31
leaf_value=0.0030131013817334437 0.0013910429745763024 0.081313042284733558 -0.029148772076453052 -0.0031453738463687597 -0.089749814857903398 -0.061459044336375106 0.029965285727493868 0.034161529249722558 0.066753998163949266 -0.063880495075196844 0.00084170307043687559 0.053235396411829651 0.010475092319748636 0.049768067784664125 0.044595172628532617 -0.2887124584477303 0.10163691800430665 -0.06792403574199285 0.066443877909098698 -0.083069374468474899 -0.014064204905126538 -0.073951339153543461 -0.072333802523219165 0.10352274808568962 -0.01532133105729146 0.11847111898579032 -0.22990087279035035 -0.015291085623802998 0.080225126710961825 -0.4186890301052224
leaf_weight=935.67516657873057 860.78582964953966 0.19443703861907735 3.0034064261708426 16.055400463985279 3.6048879873706055 43.054117972016684 11.357147395159698 17.339887180947699 10.816410096304024 99.820827205046953 837.07483981444966 12.367364491219631 93.119253832905088 25.545504256908316 15.276340406882808 0.79824217408895393 1.2155751399695871 4.706179523607716 6.134001670376164 7.2604727509606155 64.460194377825246 11.635388652333857 2.366727203130722 2.8434428796172142 8.6075859660049883 0.53609778732061464 0.75368731468916017 2.1148012424237086 26.728649540280458 0.15845595428254455
leaf_count=59917 11601 45 56 268 119 1974 2413 2481 16872 219538 84617 158 937 1292 1774 5 15 216 521 316 15023 23933 17 20 908 3 4 695 58950 14
internal_value=1.02123e-05 0.00493854 -0.00230945 -0.00183328 -0.00310447 -0.0270307 -0.0423762 0.0128347 0.00957986 -0.00210838 -0.00605407 0.00212537 0.00647504 0.0293467 0.00296417 0.00229878 -0.0634789 -0.0331178 0.00276453 0.00235028 0.000436931 -0.0358522 0.00433685 0.0353721 -0.0511822 -0.0750639 -0.0834385 0.070606 0.0773138 -0.143198
internal_weight=3125.41 1000.26 2125.15 2095.4 1885.4 75.356 54.4113 20.9448 209.997 1810.05 936.896 873.153 199.18 41.6009 971.066 955.79 6.72 5.92175 949.07 942.936 157.579 29.7463 8.21358 5.84685 21.5328 12.9252 12.3891 29.1963 27.0815 0.352893
internal_count=504702 122468 382234 357293 322901 6987 4387 2600 34392 315914 304155 11759 17520 1560 62764 60990 236 231 60754 60233 15960 24941 93 76 24848 23940 23937 59704 59009 59
is_linear=0
shrinkage=0.08


Tree=115
num_leaves=31
num_cat=0
split_feature=3 2 6 4 0 4 3 2 8 0 2 8 7 6 6 0 0 7 4 3 8 7 9 6 11 2 4 8 2 6
split_gain=5.46755 16.2182 12.6581 11.0423 11.4275 22.6984 10.3728 14.6486 9.44538 10.0823 19.8273 11.1136 9.77092 9.44005 12.2935 9.17993 7.53698 7.89379 7.3285 6.71868 6.1956 5.61537 12.6018 12.1412 6.78121 5.51788 10.277 19.5855 37.6457 6.38177
threshold=0.30368906259536749 0.28730159997940069 0.31643131375312811 0.38750000298023229 0.66287881135940563 0.21111111342906955 0.28759399056434637 0.30532014369964605 0.98802351951599132 0.42163743078708654 0.35767590999603277 0.98574811220169078 0.615800440311432 0.46737588942050939 0.75219297409057628 0.76506900787353527 0.20761494338512423 0.60265192389488231 1.0000000180025095e-35 1.0000000180025095e-35 0.61302095651626598 0.93761447072029125 0.70710784196853649 0.31643131375312811 1.0000000180025095e-35 0.29818989336490637 1.0000000180025095e-35 0.66833335161209118 0.40862709283828741 0.25834259390830999
decision_type=2 2 2 2 2 2 2 2 2 2 2 2 2 2 2 2 2 2 2 2 2 2 2 2 2 2 2 2 2 2
left_child=1 13 25 4 6 -6 -3 -8 9 11 -11 12 -4 21 16 -7 20 -18 -12 -16 -15 22 -1 -24 -23 -2 27 28 -27 -29
right_child=2 3 8 -5 5 15 7 -9 -10 10 18 -13 -14 14 19 -17 17 -19 -20 -21 -22 24 23 -25 -26 26 -28 29 -30 -31
leaf_value=-0.0079797579090638508 0.0011890884661220349 -0.049928444791473965 -0.070465578602412121 0.05406444231477113 0.082159211732658402 -0.1003711404773152 0.10870995460083994 -0.031289198447990482 0.023690889026158561 0.11421721939042602 0.020914097960121093 -1.0116471010704418 -0.011218069171175434 0.3275148150777889 -0.2350987861420181 0.083823330212793506 -0.068699351759774041 0.029406930831138316 -0.00051504153468823178 -0.011710149789734281 0.065126267113791755 0.0050931394432868135 0.0092459885472340082 -0.14470693878830748 0.11468963592258763 0.34697792207839423 0.010898136791749054 0.1862931509100767 2.4623028522052239 0.060301290601944058
leaf_weight=103.75196052433603 8.8726590606529516 120.48938694806566 22.261231344957196 10.223255786360822 14.88868707412621 9.53559564452007 6.6466971337649765 17.061562050352222 110.72789951480809 9.8430178962589689 106.91178694947303 0.072825476527213051 89.184507250189199 0.5885844877120715 0.87976284789328829 2.1159288237540759 5.7544327759314902 59.753161478307447 2287.2305142789046 41.902284563402645 26.798523856938118 21.377397029660646 5.1645692544989279 8.9768218398094159 4.3481420483440152 0.37434533254418312 8.6700707899362879 4.0100213252007944 0.062890455476008356 7.1798091167001985
leaf_count=6833 548 28817 40456 444 811 857 653 4670 37893 1287 17600 1 4022 588 85 92 4296 1350 345182 3431 469 744 81 97 29 244 2859 72 20 171
internal_value=1.03557e-05 -0.00803929 0.00140559 -0.0266958 -0.0315315 0.0167108 -0.0404107 0.00796008 0.000823472 -0.000183111 0.000907737 -0.0236983 -0.0230527 0.00404864 0.0191807 -0.0669212 0.0355229 0.0207889 0.000441889 -0.0163039 0.0707653 -0.0102466 -0.017636 -0.0884819 0.0236172 0.0538151 0.0768199 0.125976 0.651239 0.105452
internal_weight=3115.66 460.257 2655.4 180.961 170.738 26.5402 144.198 23.7083 2626.23 2515.5 2403.99 111.519 111.446 279.296 135.677 11.6515 92.8947 65.5076 2394.14 42.782 27.3871 143.619 117.893 14.1414 25.7255 29.1698 20.2971 11.6271 0.437236 11.1898
internal_count=504702 54347 450355 36344 35900 1760 34140 5323 446441 408548 364069 44479 44478 18003 10219 949 6703 5646 362782 3516 1057 7784 7011 178 773 3914 3366 507 264 243
is_linear=0
shrinkage=0.08


Tree=116
num_leaves=31
num_cat=0
split_feature=10 4 2 0 4 3 7 0 4 8 10 0 7 6 1 3 2 0 3 7 7 4 2 3 3 3 2 0 16 8
split_gain=5.11379 8.0795 26.6572 23.0927 37.0476 14.8966 11.7575 8.47468 11.0576 9.11845 8.27845 8.12513 7.77141 7.49808 15.1951 16.9524 12.6533 21.6446 7.51175 7.05448 7.96136 8.95034 8.03764 6.15808 6.08471 10.3938 6.72977 5.84501 5.79614 5.74283
threshold=1.5000000000000002 0.31666667759418493 0.67041200399398815 0.70064935088157665 1.0000000180025095e-35 0.70320320129394542 0.48157843947410589 0.65599384903907787 0.19090909510850909 0.76224735379219066 1.0000000180025095e-35 0.67006802558898937 0.73226860165596019 0.65545505285263073 0.53410854935646068 0.72638148069381725 0.83910790085792553 0.66287881135940563 0.87585616111755382 0.81270161271095287 0.90944743156433117 0.16025641560554507 0.8941769301891328 0.28759399056434637 0.69614070653915416 0.76506900787353527 0.25949975848197943 0.79502627253532421 0.57005420327186596 0.89377820491790783
decision_type=2 2 2 2 2 2 2 2 2 2 2 2 2 2 2 2 2 2 2 2 2 2 2 2 2 2 2 2 2 2
left_child=1 3 11 4 5 6 -1 8 -6 -9 27 -3 -13 16 -15 -16 17 -4 -18 29 22 -22 24 -23 26 -26 -21 -5 -12 -2
right_child=19 2 13 10 7 -7 -8 9 -10 -11 28 12 -14 14 15 -17 18 -19 -20 20 21 23 -24 -25 25 -27 -28 -29 -30 -31
leaf_value=-0.051621735036581233 0.014198890854085046 0.075976128569071322 -0.0088849160532172722 -0.048175573116939388 -0.08174443283037329 0.091053422720114657 -0.0019740088008740097 -0.062435195180183749 -0.029908441280216812 0.026611002891857326 0.11040433016761274 -0.12296092683729665 0.16128921558914033 0.073049994135963942 -0.025179842019101437 0.00022471766952318929 0.022831883254236546 0.16106095764454076 -0.0034012777635036634 -0.086985895557988829 0.033195116701260505 -0.10263023609573421 0.045538421010078683 -0.0041271742936096114 -0.27288711690514017 -0.036330193571925351 -0.010989235843137816 0.029743325448753095 0.039617295662585941 0.054476444302115561
leaf_weight=32.650572460959665 74.317182326434704 37.666132960897812 9.7554560922726541 10.856199629932236 63.544675519960947 10.505336010683093 469.56663396883232 13.040991082278198 44.981194539803255 16.894550247961888 9.0145558338408573 2.5381335436250079 0.81266680289991189 17.195387992396718 188.4971039097145 1554.1737705831038 120.10839790207683 9.435209774412213 166.9780887223169 8.7909273746190575 62.567465447704308 4.7692347630509166 10.453362732136155 27.386158898298163 1.7301187051780278 3.7988461234635906 49.163523460330907 14.247549249819711 41.412110357334313 32.591371052214527
leaf_count=31112 9939 6762 3865 5093 104006 1001 37572 8405 58766 327 820 500 12 2695 24310 139031 11888 729 10759 123 3872 128 9632 18187 346 1086 2183 1856 6620 3077
internal_value=-3.36018e-06 -0.00101504 0.00149352 -0.0082888 -0.0131457 -0.00322955 -0.00520175 -0.049865 -0.0602597 -0.0121807 0.0335845 0.0653562 -0.054022 0.000225723 -0.00178477 -0.00252318 0.011778 0.07467 0.00757389 0.0104005 0.000209728 0.0155658 -0.0194635 -0.018737 -0.0301669 -0.110353 -0.0225169 -0.00395296 0.0522716 0.0264776
internal_weight=3109.44 2833.87 2107.16 726.714 651.184 512.723 502.217 138.461 108.526 29.9355 75.5304 41.0169 3.3508 2066.14 1759.87 1742.67 306.277 19.1907 287.086 275.568 168.66 94.7229 73.9368 32.1554 63.4834 5.52896 57.9545 25.1037 50.4267 106.909
internal_count=504702 456129 200551 255578 241189 69685 68684 171504 162772 8732 14389 7274 512 193277 166036 163341 27241 4594 22647 48573 35557 22187 13370 18315 3738 1432 2306 6949 7440 13016
is_linear=0
shrinkage=0.08


Tree=117
num_leaves=31
num_cat=0
split_feature=11 7 8 7 7 8 15 8 7 2 2 2 11 7 7 0 1 1 10 6 1 6 0 1 8 5 0 3 1 7
split_gain=5.15512 6.29256 5.33047 43.2632 18.1902 20.3482 15.5855 8.46454 12.5839 8.41728 7.571 7.1111 13.3399 12.4658 9.85678 7.93056 8.71346 7.09262 9.53747 6.98546 13.9822 6.35503 6.20086 90.5569 5.28926 5.04633 17.7245 7.50077 4.56742 3.9806
threshold=5.5000000000000009 0.27701576054096227 0.49743561446666723 0.25472371280193334 0.42887799441814428 0.68775001168251049 1.0000000180025095e-35 0.41280081868171697 0.34498016536235815 0.80229884386062633 0.54950982332229625 0.9569842815399171 1.0000000180025095e-35 0.43254275619983679 0.83816528320312511 0.9569842815399171 0.59491634368896495 0.8263767957687379 1.0000000180025095e-35 0.63211598992347728 0.68870675563812267 0.80810147523880016 0.18808962404727939 0.25493229925632482 0.52420487999916088 0.58571431040763866 0.89442723989486705 0.76506900787353527 0.93127068877220165 0.28637567162513738
decision_type=2 2 2 2 2 2 2 2 2 2 2 2 2 2 2 2 2 2 2 2 2 2 2 2 2 2 2 2 2 2
left_child=2 -2 3 9 5 10 7 28 -9 19 -4 15 13 -13 -14 16 -6 18 -7 20 -1 -21 23 -8 -17 26 -11 -27 -5 -12
right_child=1 -3 4 6 11 17 22 8 -10 25 29 12 14 -15 -16 24 -18 -19 -20 21 -22 -23 -24 -25 -26 27 -28 -29 -30 -31
leaf_value=0.039867047375269492 0.040500241769858801 -0.068767655071972189 -0.065587603686460161 -0.058765716339225199 0.0034746827462726112 -0.14541243879894797 -0.080042445701028933 0.1587488267026298 -0.0062975854912911532 -0.003714422943009838 0.18467098245458347 -0.48811783082457044 0.019403332742844049 0.063672388693586934 -0.0089352870188705996 0.65138918215096742 -0.010494440021784327 0.069326140470722428 -0.00061006405020078212 -0.023511101470473892 0.32210743620471455 0.03616041637569932 -0.067360831779204142 7.6865686756304905 0.086906832291174671 0.030289712973588123 0.06123778360847091 -0.0029207135595917377 -0.0038174315080938023 0.089094096394444447
leaf_weight=4.3411050720387712 4.4529102678934604 13.909004369885222 1.906562500509607 33.865331371067441 780.64046197702555 3.3390932356123839 0.14293486454698623 3.1541255484626154 47.197272078148671 92.306956206710311 3.0994235836114994 0.26408736960729484 173.4981439372059 33.633676183089847 143.54074669274269 0.1085854284465303 450.81757089078747 7.454838864185148 22.713591111183632 15.152958733728154 1.5155289133108452 46.398781269563187 80.020405256729646 0.01030051957059186 4.9114775733469287 45.489555363106774 37.940379610692617 1007.7265738913848 13.557306801259982 27.830156371666817
leaf_count=2723 164 12427 2401 15531 69814 55 407 107 7291 1260 50 14 16812 68570 14046 2 48799 1023 1079 3731 33 4638 220675 38 1193 303 289 8250 1646 1331
internal_value=-6.27639e-06 -0.0422693 0.000245471 -0.00333354 0.00333768 0.0443786 -0.0402416 -0.0188024 0.0040413 0.00191696 0.0891344 0.00162243 0.011673 0.0593736 0.0065729 -0.00123013 -0.0016392 0.000519667 -0.0191689 0.0294142 0.112903 0.0214703 -0.0663872 0.442031 0.0991168 0.000350752 0.0152058 -0.00148632 -0.043057 0.0986718
internal_weight=3100.94 18.3619 3082.58 1428.82 1653.76 66.3437 177.948 97.774 50.3514 1250.87 32.8361 1587.41 350.937 33.8978 317.039 1236.48 1231.46 33.5075 26.0527 67.4084 5.85663 61.5517 80.1736 0.153235 5.02006 1183.46 130.247 1053.22 47.4226 30.9296
internal_count=504702 12591 492111 266922 225189 5939 245695 24575 7398 21227 3782 219250 99442 68584 30858 119808 118613 2157 1134 11125 2756 8369 221120 445 1195 10102 1549 8553 17177 1381
is_linear=0
shrinkage=0.08


Tree=118
num_leaves=31
num_cat=0
split_feature=3 8 0 13 6 2 4 0 16 0 4 6 4 3 9 3 6 6 1 8 6 16 8 3 9 8 0 9 7 8
split_gain=7.34554 22.383 12.9177 12.657 10.3025 10.2126 10.9363 11.7791 9.65027 8.91695 9.45301 11.9043 11.03 8.73967 11.7976 7.23495 6.79249 6.2391 9.33543 7.49309 5.26491 4.952 6.83113 4.83633 4.69114 6.61137 7.30235 6.82423 5.75314 5.55504
threshold=0.30368906259536749 0.55413547158241283 0.28730159997940069 1.0000000180025095e-35 0.25834259390830999 0.23845060169696811 0.38750000298023229 0.64747309684753429 0.82758831977844249 0.37952858209609991 1.0000000180025095e-35 0.48435972630977636 0.12916667014360431 0.53694942593574535 0.37797619402408605 0.091966174542903914 0.18301435559988025 0.46225070953369146 0.15535445511341098 0.72112083435058605 0.92206478118896495 0.4627330750226975 0.95090001821517955 0.27953489124774938 0.11651583760976793 0.70438539981842052 0.75582656264305126 0.43874999880790716 0.32885724306106573 0.65232810378074657
decision_type=2 2 2 2 2 2 2 2 2 2 2 2 2 2 2 2 2 2 2 2 2 2 2 2 2 2 2 2 2 2
left_child=1 -1 15 4 13 21 7 -7 24 -6 11 -11 -12 14 16 20 -2 19 -19 -17 -3 22 -4 -8 28 27 -27 -26 -5 -30
right_child=3 2 5 8 9 6 23 -9 -10 10 12 -13 -14 -15 -16 17 -18 18 -20 -21 -22 -23 -24 -25 25 26 -28 -29 29 -31
leaf_value=-0.092430910228557636 0.76990175005117167 -0.035379701003881485 -0.075102349318189182 0.083932418535910408 -0.032438831475673544 -0.041283828730813349 0.088267901631729137 0.016585403618431475 0.062699375821547984 0.079128043425419542 -0.073378160137586954 0.0099969794472556713 -0.00078936618530195336 -0.0088706198422600097 0.052425126368754488 0.064416423010962606 0.26317342627027546 0.09856241613131142 0.015551979598817154 -0.0092860545964952319 -0.24091796857940839 0.080690568727751127 0.50889617445798574 -0.056142516046417817 0.041151124752712286 0.0055509020627481746 0.073257212237869587 0.32300147926617617 -0.043070965194131915 -0.58436988860626526
leaf_weight=20.000036120636651 0.18745248650520707 15.471393144332978 2.4796475173061476 2.494625012943291 56.085713523083541 136.25714747387974 7.2039170330972393 26.966079958234332 27.212854242985486 20.065992933901725 13.479885823180664 77.564429468635353 2187.0587426301609 3.2827948084450327 2.6492436295375228 9.5715229647976212 1.7483517647924598 9.4121960823104001 110.04478730978735 113.69247374247061 0.84095502689888313 8.6698450495023263 0.13517659716308106 1.8693694840330861 39.444738072787004 182.0594441814028 10.799695461624649 0.55756127968197589 14.247723953747478 0.12237918007304038
leaf_count=26197 79 541 392 120 23928 16532 218 1319 76931 1753 23573 16400 273884 457 27 1937 483 166 4677 2163 32 110 5 58 5730 14812 9218 64 2856 40
internal_value=-0.000350005 -0.00964863 -0.00590802 0.00128 -0.000617019 -0.0221423 -0.0269712 -0.0317233 0.0174604 -0.00092245 -0.000153308 0.0242055 -0.00123402 0.0907754 0.16212 0.00559749 0.312242 0.00906354 0.0220925 -0.00356301 -0.0459759 0.0515866 -0.0449118 0.058515 0.0125307 0.0154815 0.00934231 0.0450796 -0.0282126 -0.0476808
internal_weight=3101.68 462.615 442.615 2639.06 2362.12 183.581 172.297 163.223 276.939 2354.25 2298.17 97.6304 2200.54 7.86784 4.58505 259.033 1.9358 242.721 119.457 123.264 16.3123 11.2847 2.61482 9.07329 249.726 232.861 192.859 40.0023 16.8647 14.3701
internal_count=504702 54347 28150 450355 340584 18634 18127 17851 109771 339538 315610 18153 297457 1046 589 9516 562 8943 4843 4100 573 507 397 276 32840 29824 24030 5794 3016 2896
is_linear=0
shrinkage=0.08


Tree=119
num_leaves=31
num_cat=0
split_feature=3 2 6 16 6 3 6 16 16 8 16 4 10 5 4 4 4 3 4 7 4 1 8 16 4 12 1 2 3 7
split_gain=6.4557 17.3902 8.03137 7.46561 9.15765 6.89422 6.6939 7.75387 6.59319 8.32078 15.2047 5.5615 5.48507 16.1707 26.8993 25.749 19.6775 14.6364 12.8356 10.7099 9.23483 11.6969 8.14003 7.04682 7.72223 5.30732 5.18393 5.10072 4.64322 4.41628
threshold=0.21680375933647159 0.20761494338512423 0.30094340443611151 0.43455266952514654 0.23166368901729587 0.11269841343164445 0.38548950850963598 0.53567084670066845 0.41691212356090551 0.73735308647155773 0.43088375031948095 0.38750000298023229 1.0000000180025095e-35 0.13392857462167743 0.21111111342906955 0.19090909510850909 0.38750000298023229 0.47690120339393621 0.31666667759418493 0.36074022948741918 1.0000000180025095e-35 0.75582656264305126 0.53400599956512462 0.31430932879447943 0.63068181276321422 1.0000000180025095e-35 0.29818989336490637 0.83047896623611461 0.091966174542903914 0.24575784057378772
decision_type=2 2 2 2 2 2 2 2 2 2 2 2 2 2 2 2 2 2 2 2 2 2 2 2 2 2 2 2 2 2
left_child=1 5 26 -3 -5 6 7 -1 -7 10 -10 27 18 14 15 -14 -16 22 20 -19 -4 -22 -15 24 -20 -25 29 -6 -9 -2
right_child=2 3 12 4 11 8 -8 28 9 -11 -12 -13 13 17 16 -17 -18 19 23 -21 21 -23 -24 25 -26 -27 -28 -29 -30 -31
leaf_value=-0.045844744522448487 0.26735517041155771 -0.092014038440155876 0.015770852457859592 0.081518428993276729 -0.035041975963531272 -0.036716576120494414 0.021728579064916764 -0.4037890654581065 0.59225498823551082 0.028476227175784744 0.063905722818403149 0.069593586760884327 -0.0017668603065843216 -0.04309735166960911 -0.076964037495440063 0.1046949734221478 0.10978541519413516 0.060675883102039821 0.036618046605660773 0.0071340390159675259 -0.074528529407291294 0.022416057543882598 0.06354493580762309 0.00038342561859646172 -0.072538373334758946 -0.010001608111701657 0.067953075779282127 -0.23147334269804531 -0.11392105566501093 0.010451511257046318
leaf_weight=9.2737289733850066 0.43393261532764782 13.108224234911175 15.720383477775611 4.6761583831394082 89.451282941547106 9.9145964070048631 8.7726684034569171 0.65076647419482359 0.47362799913389508 58.423133327625692 1.3204293333110397 3.25153355882503 532.52307572353675 5.0231787907960088 43.704888930726156 14.947730013504041 3.9362671468261388 25.625141628966958 48.814350146247307 357.22843819927584 38.95135225415288 10.012901908579805 52.022221228886337 1271.9020871382018 4.5330454856157294 418.60334219039942 17.19677350402344 0.85411621766979706 0.7746867542155087 32.693906993932615
leaf_count=503 13 7640 2729 82 8045 1975 352 12 35 880 35 107 82515 4422 5662 1070 319 2107 931 123415 143945 1468 2775 28279 22 80888 2400 22 36 2018
internal_value=-0.000326856 -0.0141927 0.000635959 -0.0353051 -0.0277379 0.0120416 -0.0300721 -0.0725455 0.0237343 0.0336874 0.203389 -0.0331987 7.52923e-05 0.00471983 -0.00387742 0.00113989 -0.0615342 0.0163505 -0.00258274 0.0107177 -0.0375764 -0.0547039 0.0541545 -0.00128472 0.0273428 -0.00218812 0.032316 -0.0368998 -0.246255 0.0138166
internal_weight=3094.82 200.945 2893.87 111.341 98.2331 89.6036 19.4719 10.6992 70.1318 60.2172 1.79406 93.5569 2843.55 1035.01 595.112 547.471 47.6412 439.899 1808.54 382.854 64.6846 48.9643 57.0454 1743.85 53.3474 1690.51 50.3246 90.3054 1.42545 33.1278
internal_count=504702 19724 484978 15896 8256 3828 903 551 2925 950 70 8174 480547 222285 89566 83585 5981 132719 258262 125522 148142 145413 7197 110120 953 109167 4431 8067 48 2031
is_linear=0
shrinkage=0.08


Tree=120
num_leaves=31
num_cat=0
split_feature=3 8 2 0 10 7 8 5 11 8 7 11 0 7 16 6 6 7 9 0 2 2 16 6 2 11 9 10 2 5
split_gain=5.7417 19.8191 11.2122 11.599 10.9137 10.2999 41.7482 10.6454 10.9428 9.81647 17.9845 12.363 11.3783 10.9938 8.12483 12.86 10.6548 8.03709 11.486 7.95279 10.9161 7.28198 7.21359 7.06949 6.83528 6.64097 6.30827 6.19936 5.64964 5.62114
threshold=0.30368906259536749 0.55413547158241283 0.30210618674755102 0.44337606430053716 1.0000000180025095e-35 0.23201345652341845 0.41138803958892828 0.46428571641445165 1.0000000180025095e-35 0.51756480336189281 0.54581964015960704 3.5000000000000004 0.90346473455429088 0.59105202555656444 0.45588392019271856 0.33615820109844213 0.23166368901729587 0.30028901994228369 0.10762548446655275 0.62575301527977001 0.5912291705608369 0.93788579106330883 0.70934656262397777 0.86285266280174266 0.80229884386062633 2.5000000000000004 0.45643940567970281 2.5000000000000004 0.28730159997940069 0.61250001192092907
decision_type=2 2 2 2 2 2 2 2 2 2 2 2 2 2 2 2 2 2 2 2 2 2 2 2 2 2 2 2 2 2
left_child=1 -1 3 25 5 24 -7 8 -8 13 14 12 -12 17 16 -16 -11 -6 -19 21 -21 27 -9 -22 29 26 -3 -4 -5 -2
right_child=4 2 19 28 9 6 7 22 -10 10 11 -13 -14 -15 15 -17 -18 18 -20 20 23 -23 -24 -25 -26 -27 -28 -29 -30 -31
leaf_value=-0.090119330022266311 0.0075682746096208857 0.020743374582651471 -0.04374044197398045 0.086835137202168691 0.064639400514221373 -0.072017996840674531 -0.17214539535129716 0.019038255729667424 -0.026578809229131917 0.23756228580340888 0.0051778709911764241 -0.054143326304376675 0.050762225811731294 -0.54970989027309902 0.39103647779403289 0.045277588774828625 -0.019235825756345599 -0.053255087264617335 0.008964500543965942 0.097276872830765915 -0.072769427234017012 0.091157336443111456 -0.0049724101095206573 0.014831013976719872 0.00029602924471132576 -0.053025481721502649 -0.0043420397991062723 0.020970138252739631 0.32078747637210703 0.054990809233745892
leaf_weight=18.316717225407046 39.756578453205293 100.76310483219277 96.310169422504259 2.2416062589327335 7.2881706800908423 64.276230306433717 3.5109934858046463 105.79539804617161 56.358872539614822 1.0890634030511162 547.19242791242868 21.164003961952403 37.443182848925062 0.24738638923736189 0.69284086930565436 108.67894702393096 20.471639727427828 39.445623822761263 36.614361481639207 7.2559066151006837 8.6717476350168017 2.8975670203217296 329.45319307883619 18.419476709954324 1184.9120841514086 13.335253052755432 176.60452817147598 10.508773615249082 0.93664554783026677 26.767191364284372
leaf_count=26197 7687 6279 14323 42 646 169758 461 17671 35615 34 79538 2792 58915 9 25 9962 6739 22653 10534 255 518 131 17231 1080 9237 3031 2231 233 27 848
internal_value=-0.00030575 -0.0085905 -0.00518061 0.00378163 0.00113088 -0.00233694 -0.0113612 -0.00348678 -0.0351154 0.00878593 0.0117338 0.00592292 0.00809734 -0.017194 0.0386197 0.0474679 -0.00626457 -0.0156134 -0.0233033 -0.023463 0.0101311 -0.0339798 0.000863836 -0.0132094 0.00169694 0.00211981 0.00477108 -0.0373743 0.155782 0.0266497
internal_weight=3087.42 456.261 437.945 293.881 2631.16 1810.83 559.395 495.118 59.8699 820.328 736.732 605.8 584.636 83.5955 130.932 109.372 21.5607 83.3482 76.06 144.064 34.3471 109.717 435.249 27.0912 1251.44 290.703 277.368 106.819 3.17825 66.5238
internal_count=504702 54347 28150 11610 450355 258508 240736 70978 36076 191847 158005 141245 138453 33842 16760 9987 6773 33833 33187 16540 1853 14687 34902 1598 17772 11541 8510 14556 69 8535
is_linear=0
shrinkage=0.08


Tree=121
num_leaves=31
num_cat=0
split_feature=0 2 7 0 6 0 0 6 2 4 6 4 4 0 6 5 4 13 2 2 8 0 10 7 7 16 13 16 0 2
split_gain=5.03819 27.217 22.0317 10.8755 14.5315 7.52425 10.9747 8.1637 6.74315 6.52792 11.7584 6.27957 21.2484 14.5242 13.2291 10.5591 24.4332 14.9137 9.77227 5.9875 5.80196 4.9328 4.85712 5.98507 4.84957 5.56104 23.07 4.82228 4.14807 3.98912
threshold=0.44337606430053716 0.40862709283828741 0.50609847903251659 0.28730159997940069 0.28035087883472448 0.28388279676437383 0.27842378616333013 0.51887464523315441 0.30532014369964605 0.31666667759418493 0.3483316451311112 0.11805555596947671 0.12916667014360431 0.60107529163360607 0.53923079371452343 0.15476191043853763 0.21111111342906955 1.0000000180025095e-35 0.79431909322738659 0.45512083172798162 0.84764185547828685 0.51191151142120372 1.0000000180025095e-35 0.23201345652341845 0.58007633686065685 0.48649433255195623 1.0000000180025095e-35 0.63141322135925304 0.30068494379520422 0.36159002780914312
decision_type=2 2 2 2 2 2 2 2 2 2 2 2 2 2 2 2 2 2 2 2 2 2 2 2 2 2 2 2 2 2
left_child=2 21 -1 5 28 6 7 -4 -7 20 -11 13 18 14 -3 16 -14 -17 -13 -16 -6 24 23 -15 -2 26 -26 -8 -5 -27
right_child=1 11 3 4 9 8 27 -9 -10 10 -12 12 15 22 19 17 -18 -19 -20 -21 -22 -23 -24 -25 25 29 -28 -29 -30 -31
leaf_value=-0.066261824845659234 -0.073712639541029037 0.059966652733034212 -0.0048049425138586132 -0.051242594453069064 -0.046689404243508363 0.080393909524002521 -0.073080354676878664 0.023464191765465749 -0.033811086834208498 -0.43063913270947896 0.07999324372271073 -0.10328338488710252 0.0035503004087576217 0.55357881237577222 0.016063036252475103 -0.00021380971227950144 -0.064220087752232646 0.032318059017612318 -1.0341517276367276 -0.040724681695661867 -0.016056962667348008 0.095219280068127687 0.063082126056092924 -0.0004915249949221114 0.075786504355504769 0.085339177940178021 1.3083495098744091 -0.33919094074486889 0.079715687577950667 0.0053318072886751923
leaf_weight=37.691729760665112 2.1887202083999027 15.441218509240569 167.29030889328715 1.7786733927132434 56.32508383291497 15.011230985961449 7.6311782220509468 107.32307379574195 4.2443750031452501 0.30267034747521293 6.2130142370151589 11.440819148156148 94.258393134117796 0.12608664495928579 17.012253664215677 2111.8906791479385 53.299355927294528 94.211117239690793 0.072635267228179923 39.409741291350656 133.04765131001477 20.038978571388725 40.30427598029928 11.971981642964236 0.62589657811622856 7.5356874939752769 0.11505221505649388 0.46221879438962776 11.933889239546259 8.4727120389579778
leaf_count=64376 2497 1747 5825 52 18599 699 559 4427 411 7 266 13588 15036 33 2848 248369 7410 91921 18 9261 2566 1282 9101 2502 116 192 13 10 644 327
internal_value=-0.000289739 0.00121888 -0.00723444 -0.00288533 -0.0168859 0.00683285 0.00353709 0.00624306 0.0552205 -0.0224591 0.0562731 0.000180299 -0.000740677 0.0177094 -0.00564576 -0.000210339 -0.0209291 0.00117546 -0.109156 -0.0236022 -0.025168 0.0675523 0.0497381 0.00528302 0.0382769 0.0529111 0.267175 -0.0882781 0.0627289 0.0429939
internal_weight=3077.67 2528.42 549.255 511.563 209.601 301.962 282.707 274.613 19.2556 195.888 6.51568 2489.44 2365.17 124.266 71.8632 2353.66 147.558 2206.1 11.5135 56.422 189.373 38.977 52.4023 12.0981 18.9381 16.7493 0.740949 8.0934 13.7126 16.0084
internal_count=504702 406261 98441 34065 22134 11931 10821 10252 1110 21438 273 401834 376342 25492 13856 362736 22446 340290 13606 12109 21165 4427 11636 2535 3145 648 129 569 696 519
is_linear=0
shrinkage=0.08


Tree=122
num_leaves=31
num_cat=0
split_feature=3 2 3 6 6 0 2 8 2 8 6 8 8 6 11 3 3 8 2 6 1 7 6 0 10 8 6 7 11 15
split_gain=5.27554 7.82203 13.4422 7.66127 6.62792 6.49516 22.2871 15.5033 6.0492 5.68384 5.04689 4.96995 6.48442 5.90581 4.86343 5.45634 4.27343 4.21408 4.11051 4.02365 3.91683 5.3503 4.38827 3.69727 5.93595 2.90504 11.3434 3.86195 2.77024 2.63326
threshold=0.11269841343164445 0.19433516263961795 0.20761494338512423 0.23166368901729587 0.30094340443611151 0.44337606430053716 0.40862709283828741 0.65889152884483349 0.99473685026168834 0.91316914558410656 0.92206478118896495 0.9063624143600465 0.93367174267768871 0.37617924809455877 1.0000000180025095e-35 0.17712418735027316 0.24068965017795566 0.87737199664115917 0.17467582225799563 0.99264705181121837 0.27475491166114813 0.96110200881958019 0.23166368901729587 0.18808962404727939 1.5000000000000002 0.75440767407417308 0.25834259390830999 0.73226860165596019 1.0000000180025095e-35 1.0000000180025095e-35
decision_type=2 2 2 2 2 2 2 2 2 2 2 2 2 2 2 2 2 2 2 2 2 2 2 2 2 2 2 2 2 2
left_child=8 3 9 17 20 7 -7 -6 10 14 11 28 -13 -14 15 -3 25 18 -2 -16 21 -4 -22 -18 -25 26 -5 -27 29 -1
right_child=1 2 4 16 5 6 -8 -9 -10 -11 -12 12 13 -15 19 -17 23 -19 -20 -21 22 -23 -24 24 -26 27 -28 -29 -30 -31
leaf_value=0.043612049339784423 -0.1181032750434486 0.026752701732594683 0.021282635363474207 0.5062258026270362 -0.068709177685693984 0.064080518813367182 0.00036709186533039875 -0.0054883681058539536 0.092392324067902473 -0.010582117441531057 -0.15056051030294068 0.11129542225086325 -0.082095789498935909 0.024675042809358783 -0.084622430701390014 -0.065565270568904044 0.027585617841560783 0.013156805167285882 0.018569615146202496 0.053321069422968569 0.11708376017496983 -0.1006990100103862 0.034424899437070604 -0.26998544322165957 0.082062063643127806 -0.013304072176809687 0.067531585931439736 0.04795440189020049 -0.079321969228763944 -0.057785570162310514
leaf_weight=2.8017812119214796 4.3655885667249077 8.0572777131601487 20.726431747516475 0.40340243785612884 27.021304603384124 35.645690368510259 2465.2009610580135 305.37823989984463 2.4697351059876373 36.87672305747401 2.3426008408641783 2.9074289361597065 5.7316551436670107 7.8653170054894872 23.013495125720514 8.337104075093519 1.6393020286122912 7.9008900977205485 2.0790602325432701 1.4378642191186362 5.4445389673928757 2.588705378555459 16.775920178228262 0.9036332943360319 0.46388219076470705 7.8843084650579831 5.8126816761650844 40.013429013313726 12.479368759872157 3.9500970100853037
leaf_count=91 328 666 1216 99 67656 4057 397812 12838 69 702 486 42 107 104 8750 670 66 283 126 322 700 208 2066 131 17 146 1298 550 2843 253
internal_value=-0.000272629 0.000111227 -0.000520944 0.0262637 0.000365404 -0.000121236 0.00127523 -0.0106277 -0.0289375 -0.0333506 -0.0368069 -0.0293499 0.00285474 -0.020333 -0.0539067 -0.0201941 0.0393903 -0.0260034 -0.0740123 -0.0765107 0.0306444 0.00773888 0.0546783 -0.0534384 -0.150566 0.0445483 0.0960013 0.0378708 -0.0569883 -0.0157093
internal_weight=3068.52 3027.97 2956.5 71.4662 2878.78 2833.25 2500.85 332.4 40.548 77.7225 38.0782 35.7356 16.5044 13.597 40.8457 16.3944 57.1206 14.3455 6.44465 24.4514 45.5356 23.3151 22.2205 3.00682 1.36752 54.1138 6.21608 47.8977 19.2312 6.75188
internal_count=504702 500707 497663 3044 486553 482363 401869 80494 3995 11110 3926 3440 253 211 10408 1336 2307 737 454 9072 4190 1424 2766 214 148 2093 1397 696 3187 344
is_linear=0
shrinkage=0.08


Tree=123
num_leaves=31
num_cat=0
split_feature=3 2 3 2 10 3 11 4 0 7 16 16 3 7 16 16 2 2 0 0 1 11 16 16 7 1 11 3 10 3
split_gain=4.57654 6.6277 11.7556 5.38123 5.2821 10.5156 11.936 9.78075 10.8235 7.60156 5.67912 5.25313 3.61599 4.27428 4.36273 4.85809 3.36545 3.97492 3.76301 3.30503 3.47383 3.42799 3.30048 7.10058 3.18479 2.60436 5.48203 3.73793 2.58168 1.7245
threshold=0.11269841343164445 0.19433516263961795 0.21680375933647159 0.99473685026168834 1.0000000180025095e-35 0.78629976511001598 2.5000000000000004 0.31666667759418493 0.75582656264305126 0.88935971260070812 0.31430932879447943 0.44345286488533026 0.24068965017795566 0.9631328582763673 0.5313355326652528 0.46391458809375768 0.23845060169696811 0.24525599926710132 0.30471627414226538 0.20761494338512423 0.70659971237182628 1.0000000180025095e-35 0.56443297863006603 0.53333869576454174 0.52655076980590831 0.18677325546741488 1.5000000000000002 0.12973351776599887 1.5000000000000002 1.0000000180025095e-35
decision_type=2 2 2 2 2 2 2 2 2 2 2 2 2 2 2 2 2 2 2 2 2 2 2 2 2 2 2 2 2 2
left_child=3 12 11 16 7 6 -6 8 -4 -7 -9 -3 24 14 15 -14 18 -18 22 21 -21 -13 23 -1 28 27 -27 -26 -2 -19
right_child=1 2 4 -5 5 9 -8 10 -10 -11 -12 19 13 -15 -16 -17 17 29 -20 20 -22 -23 -24 -25 25 26 -28 -29 -30 -31
leaf_value=-0.014603367362880634 -0.090530802378090081 -0.078009456916477954 -0.055617088766204033 0.091485047859419813 0.0040380768865713934 0.029121081879027892 -0.028055184968531377 0.02387185813924713 0.017536224749200486 -0.0054594454807808468 -0.0019027307307323347 0.049348699011857289 -0.10824189322140208 0.091105127051665277 -0.23082119588703573 0.1293022010491485 -0.20669372462453761 -0.012838358279202322 0.12184817856789946 -0.031512131860789501 0.05980803300037818 -0.030360350607291763 0.058466446842437299 -0.14859813756115409 0.088370893597174968 0.096903385764219113 -0.038381201835457221 0.01781224497966722 0.17513827784065619 -0.074507063288727124
leaf_weight=16.564152608818414 2.1378163969129669 11.754195595894997 42.900312256624602 2.3015429785009465 747.08166509285365 164.59856888619834 82.341521273040598 56.541849879577057 18.5377760273077 54.040845562973118 1690.0084235836548 7.9029687070287746 1.7182849753880871 1.1329329041764138 0.98093945626169432 0.81110609229654063 1.1728280908791919 4.4814213820827709 1.2008734368282592 68.422126806708548 2.7740585182327768 6.1325929017912131 2.7539148670621207 2.9875383945181957 5.3473506937880293 8.7854785140370932 2.4520558693620833 47.393325178418308 0.26288676052354265 8.2349426854343601
leaf_count=1030 1115 7274 146313 69 85449 51154 34920 980 3043 52921 109495 107 230 76 16 9 63 832 35 5745 171 91 35 61 135 149 108 1183 23 1870
internal_value=-0.00025606 9.81951e-05 -0.000482621 -0.0272426 0.000447521 0.00496623 0.000851998 -0.00217191 -0.0335445 0.0205739 -0.00106832 -0.0278735 0.024248 -0.0440032 -0.0876083 -0.032068 -0.0345497 -0.0657714 -0.0161019 -0.0209594 -0.027954 0.0145212 -0.0235288 -0.035078 0.0290222 0.0324167 0.067384 0.0249662 -0.061439 -0.0527742
internal_weight=3063.76 3024.06 2953.04 39.6972 2856.05 1048.06 829.423 1807.99 61.4381 218.639 1746.55 96.9859 71.0222 4.64326 3.51033 2.52939 37.3957 13.8892 23.5065 85.2317 71.1962 14.0356 22.3056 19.5517 66.3789 63.9782 11.2375 52.7407 2.4007 12.7164
internal_count=504702 500707 497663 3995 484275 224444 120369 259831 149356 104075 110475 13388 3044 331 255 239 3926 2765 1161 6114 5916 198 1126 1091 2713 1575 257 1318 1138 2702
is_linear=0
shrinkage=0.08


Tree=124
num_leaves=31
num_cat=0
split_feature=1 5 3 4 6 4 1 4 5 4 5 1 9 2 2 5 7 0 0 0 0 0 3 7 0 2 4 6 2 3
split_gain=4.3703 15.2756 18.3604 13.9896 47.7769 25.0433 14.1115 9.62895 9.32687 8.99833 22.2214 17.5199 12.5035 12.0958 25.8385 19.8849 13.9961 10.0813 9.34936 8.74723 8.58365 7.97988 7.64295 7.51124 7.20205 6.88255 6.66925 6.60687 8.44331 5.96207
threshold=0.89022758603096019 0.61250001192092907 0.96362435817718517 0.68333333730697643 0.94935896992683422 0.58571431040763866 0.90054944157600414 0.86607143282890331 0.38750000298023229 0.72077924013137828 0.73214286565780651 0.80229884386062633 0.81365740299224865 0.95861870050430309 0.89039039611816417 0.81666666269302379 0.62973192334175121 0.88548010587692272 0.49151568114757543 0.78705966472625744 0.70064935088157665 0.50878274440765392 0.91042780876159679 0.83816528320312511 0.95024752616882335 0.93405798077583324 0.72077924013137828 0.97259759902954113 0.93582704663276683 0.85867896676063549
decision_type=2 2 2 2 2 2 2 2 2 2 2 2 2 2 2 2 2 2 2 2 2 2 2 2 2 2 2 2 2 2
left_child=7 8 22 4 5 -4 -5 9 25 13 11 -11 -13 14 17 -16 -15 -1 -12 -6 -20 -10 26 -18 -8 -2 -3 -27 -29 -28
right_child=1 2 3 6 19 -7 24 -9 21 10 18 12 -14 16 15 -17 23 -19 20 -21 -22 -23 -24 -25 -26 27 29 28 -30 -31
leaf_value=-0.0016764706016972714 0.040643893640239431 0.0022413109257999244 0.073716975132902665 0.07416757658378198 0.035426349898441949 -0.016166746049111884 0.0219345063139617 0.059871746148287878 -0.54174598167353127 0.040492373258429477 0.40910454981120375 -0.13258459778021617 -0.62529927111284422 0.0028084808879858441 -0.063757341005369228 -0.0073833032711575885 0.064217655879681118 0.054043895794524871 -0.11796713416198629 -0.15003036839853934 -0.0076515673208462955 0.066258764634283804 -0.1001689318808512 0.020079776802377998 0.0011792644288392141 -0.073379423992068898 -0.12268359894344665 -0.62759490738143142 0.061115077755126701 -0.023820007740302806
leaf_weight=1454.6788660436696 17.045690211081823 20.880035251822846 24.583541257721663 21.925463335966924 1.7916388411104005 102.78113387202029 165.33975472301245 15.998431351268662 0.13860922653111529 4.2605198387027512 0.33995213930029322 14.136472760699686 0.33749486702436193 360.16168388537335 77.678187791705568 82.655033200520847 38.091372907263576 21.082273033884121 4.6503986706084097 17.784681606004597 154.10588656272739 42.027918872467126 12.37599527389102 70.061692835530266 303.2405997311289 9.4240097959700488 6.8707721792306975 0.1168977210909351 4.4802421561107622 9.0410309490252967
leaf_count=334276 3121 2123 2035 1812 80 9019 21853 1280 21 410 19 837 109 17310 6878 4528 4516 3000 331 1208 10384 6334 730 15842 51631 2358 405 21 1544 687
internal_value=-0.000237054 0.00502257 0.00131812 0.00495135 -0.0167018 0.00118234 0.011438 -0.001976 0.0397544 -0.00240955 -0.0196899 -0.1021 -0.144073 -0.000949298 -0.00419424 -0.0346954 0.0103872 -0.000880466 -0.00998559 -0.133057 -0.010883 0.0642601 -0.0457856 0.0356251 0.0085028 0.00649312 -0.0274922 -0.0350244 0.0436023 -0.0665097
internal_weight=3058.09 759.848 686.615 637.447 146.941 127.365 490.506 2298.24 73.2334 2282.24 177.831 18.7345 14.474 2104.41 1636.09 160.333 468.315 1475.76 159.096 19.5763 158.756 42.1665 49.1678 108.153 468.58 31.0668 36.7918 14.0211 4.59714 15.9118
internal_count=504702 104982 91583 87638 12342 11054 75296 399720 13399 398440 12090 1356 946 386350 348682 11406 37668 337276 10734 1288 10715 6355 3945 20358 73484 7044 3215 3923 1565 1092
is_linear=0
shrinkage=0.08


Tree=125
num_leaves=31
num_cat=0
split_feature=16 15 16 1 5 3 4 5 4 3 0 1 4 0 2 9 3 5 11 16 2 4 16 0 11 3 3 9 9 10
split_gain=4.36269 4.35 16.4733 4.36723 10.8611 17.4901 29.9453 10.0905 15.2471 9.18322 8.91694 20.7459 10.5787 9.47227 8.67353 8.29965 6.8066 5.05953 3.60722 7.32205 5.47505 4.97224 4.60684 3.18463 3.16017 2.64898 2.15444 0.708068 10.3661 5.29624e-05
threshold=0.9648033380508424 1.0000000180025095e-35 0.79550084471702587 0.81661397218704235 0.52777779102325451 0.83047896623611461 0.5634920895099641 0.91666665673255932 0.72077924013137828 0.83438816666603099 0.80982521176338207 0.69416099786758434 0.58571431040763866 0.90501254796981823 0.86319074034690868 0.21807064861059192 0.9607692062854768 0.73214286565780651 3.5000000000000004 0.69355911016464245 0.9569842815399171 0.5634920895099641 0.72681182622909557 0.92637759447097789 1.5000000000000002 0.21164613962173465 0.20761494338512423 0.16064515709877017 0.15075758099555972 3.5000000000000004
decision_type=2 2 2 2 2 2 2 2 2 2 2 2 2 2 2 2 2 2 2 2 2 2 2 2 2 2 2 2 2 2
left_child=1 2 18 10 5 6 -5 8 -6 -9 12 17 15 -13 -14 -3 -7 -12 22 21 -21 -20 23 -1 -24 26 -4 28 -27 -29
right_child=-2 3 25 4 7 16 -8 9 -10 -11 11 13 14 -15 -16 -17 -18 -19 19 20 -22 -23 24 -25 -26 27 -28 29 -30 -31
leaf_value=0.00081337618748145287 0.080103810900498978 -0.020983043451136999 0.081143483116068116 0.047812834670791386 -0.0035864202729669866 0.062031533368790449 -0.085513367224498954 0.10266218752882837 -0.067956131150619895 0.0012003046715709958 0.077983975235658615 -0.068063797620958266 0.045133692653427815 0.033787625280705468 0.0041581823680041825 -0.0031884955520216341 -0.019417044378381102 -0.077148154083028844 -0.025303147332030141 -0.1389319599684643 -0.028458481155180404 0.02623104194843533 0.053469489302907486 0.016028808255555794 0.0073023659100012878 0.0845672481027573 -0.3362978231348131 0.080098056867322964 -0.81228928541958811 0.080866580491810877
leaf_weight=749.80563645744405 4.3229324986532438 227.07896885505579 0.14010463541490281 23.469754385318083 73.555879211315187 55.962832915043691 19.942653602316568 5.755396795415435 34.642373814451275 710.07684831411461 10.941392316191919 47.476476472002105 41.058367915095005 6.6641483704879638 169.75713994965918 642.07330463165999 7.439591719856252 1.5341730083018781 27.129170611813606 4.7634418818633986 7.227343070320785 21.461307303485228 19.561566296746605 99.750128207437228 18.428629241650924 1.0802613183041128 0.18180354812648147 19.532555572455752 0.089297936385264509 0.59126887583261023
leaf_count=42636 17375 244531 44 2586 4336 5925 1590 276 1574 50292 2067 3522 2789 507 8876 38509 1027 218 5797 65 266 1394 8945 4538 1400 310 3 51820 20 1464
internal_value=-0.000206281 -0.000320214 0.00410385 -0.00238536 0.00168557 0.0256874 -0.0134341 -0.00142567 -0.024196 0.00201607 -0.00569032 -0.0340963 -0.00393813 -0.0555269 0.0121386 -0.00783759 0.0524744 0.0589067 0.00252951 -0.0163578 -0.072345 -0.00254167 0.0038187 0.00259989 0.0310743 0.0731603 -0.154614 0.0766037 0.0160907 0.0801206
internal_weight=3051.49 3047.17 969.743 2077.43 930.845 106.815 43.4124 824.03 108.198 715.832 1146.58 66.6162 1079.97 54.1406 210.816 869.152 63.4024 12.4756 948.127 60.5813 11.9908 48.5905 887.546 849.556 37.9902 21.6153 0.321908 21.2934 1.16956 20.1238
internal_count=504702 487327 118702 368625 67606 11128 4176 56478 5910 50568 301019 6314 294705 4029 11665 283040 6952 2285 65041 7522 331 7191 57519 47174 10345 53661 47 53614 330 53284
is_linear=0
shrinkage=0.08


Tree=126
num_leaves=31
num_cat=0
split_feature=8 7 4 4 3 2 10 8 11 2 10 8 11 7 7 11 6 3 7 11 6 6 0 2 16 6 16 0 0 2
split_gain=4.27425 8.02291 7.44456 8.07105 7.26644 13.8458 7.14539 9.29175 7.48882 6.86326 6.07193 5.45536 5.43416 5.35747 7.45737 5.46803 6.15529 5.29465 6.23124 5.19221 5.04874 6.62036 17.2567 12.1117 8.92953 10.0966 8.73513 6.59368 6.13734 23.4393
threshold=0.90957191586494457 0.72354421019554149 0.86607143282890331 0.78888890147209179 0.20761494338512423 0.20761494338512423 1.0000000180025095e-35 0.91316914558410656 1.5000000000000002 0.93957647681236278 1.5000000000000002 0.9190867841243745 1.0000000180025095e-35 0.81696131825447094 0.88533130288124096 1.5000000000000002 0.23166368901729587 0.17712418735027316 0.65319725871086132 1.5000000000000002 0.69309264421463024 0.84045451879501354 0.82426470518112194 0.81302964687347423 0.2863133996725083 0.88516482710838329 0.89840912818908703 0.76993650197982799 0.66287881135940563 0.87570226192474376
decision_type=2 2 2 2 2 2 2 2 2 2 2 2 2 2 2 2 2 2 2 2 2 2 2 2 2 2 2 2 2 2
left_child=4 10 3 9 5 13 8 -8 -5 -3 -2 -12 17 15 19 16 -1 18 -7 -15 28 22 26 -24 25 -23 -22 -26 -6 -30
right_child=1 2 -4 6 20 12 7 -9 -10 -11 11 -13 -14 14 -16 -17 -18 -19 -20 -21 21 24 23 -25 27 -27 -28 -29 29 -31
leaf_value=-0.072929952690175978 0.020713669262982241 -0.00055442110356330879 0.067148116766936675 -0.21608431608122189 -0.0029057522662124997 -0.082901032083910919 -0.99247075705521814 -0.095081344691409914 0.0033584261673587222 0.023084882798793189 0.20701338408384667 0.060324059905923468 -0.07981009825416055 0.059900264715973497 -0.055884995448999643 -0.055089016316801312 0.033590405678686298 -0.079172716802670545 0.048596285517024128 0.23228729087155756 -0.026507391483607895 0.20553160836494136 0.13056378398604468 -0.00089036636325785085 0.0095171028398211878 0.020781176788589092 -0.82610848154651095 -0.0040200229646860583 0.074980923566385291 0.0052920305565281643
leaf_weight=4.1712014101503909 50.471112187282415 475.56748378407065 11.242973411593992 1.068746870892938 271.82973927068815 3.2319565294310477 0.074497093970420702 8.4239711233967665 14.481478575791698 94.167656034253014 1.9408971114098665 9.8934533109713794 25.665565040075307 2.7538589905016115 1.9704316239804027 9.6969101924514671 20.708013964700513 6.6225762998583368 8.0528170055476931 1.8826700211502609 234.14958815437058 2.8360464552097238 4.5382085234450633 388.31092669504142 328.82019929533999 5.6941137963040092 0.087471131831988624 768.41529298874229 35.233962325655739 250.45729325893626
leaf_count=231 3560 34069 30708 278 106716 759 36 3553 198 30031 132 1015 11345 57 22 1560 974 621 131 16 85395 396 733 19268 93957 1047 3 58064 5874 13953
internal_value=-0.000184426 0.0054725 0.00265761 0.00143652 -0.00177383 -0.0247763 -0.0439609 -0.102948 -0.0117236 0.00335276 0.0328069 0.0843819 -0.0562114 0.00848289 0.0744911 -0.00413025 0.0157314 -0.0223887 0.0109355 0.129898 -0.000922618 -0.0030531 -0.00961936 0.000628197 0.000670663 0.0822057 -0.026806 3.67911e-05 0.00569922 0.0138867
internal_weight=3042.46 667.332 605.027 593.784 2375.13 84.756 24.0487 8.49847 15.5502 569.735 62.3055 11.8344 43.5729 41.1831 6.60696 34.5761 24.8792 17.9073 11.2848 4.63653 2290.37 1732.85 627.086 392.849 1105.77 8.53016 234.237 1097.24 557.521 285.691
internal_count=504702 103580 98873 68165 401122 15716 4065 3589 476 64100 4707 1147 12856 2860 95 2765 1205 1511 890 73 385406 258863 105399 20001 153464 1443 85398 152021 126543 19827
is_linear=0
shrinkage=0.08


Tree=127
num_leaves=31
num_cat=0
split_feature=7 2 9 8 5 4 2 4 3 3 3 3 2 16 6 8 1 11 1 4 6 8 4 7 7 7 3 9 3 4
split_gain=3.84866 6.65824 5.60236 18.9307 10.8129 9.71569 6.87185 5.47163 5.1312 10.7606 5.31837 4.95495 11.0264 6.49848 5.81791 6.82688 6.35035 4.97868 4.77166 10.9196 5.34027 5.73492 5.19357 4.83627 6.06053 4.93957 4.67644 7.62869 3.78792 3.7715
threshold=0.98048734664917003 0.85880398750305187 0.63961037993431102 0.91316914558410656 0.17424242943525317 1.0000000180025095e-35 0.52240803837776195 0.12916667014360431 0.43288289010524755 0.44590643048286444 0.16807910054922107 0.20761494338512423 0.20761494338512423 0.47727783024311071 0.69309264421463024 0.50114154815673839 0.8263767957687379 1.0000000180025095e-35 0.92390406131744396 0.78888890147209179 0.73956522345542919 0.92352676391601574 0.83974358439445507 0.92762354016304027 0.93761447072029125 0.93555310368537914 0.55646631121635448 0.7379862666130067 0.091966174542903914 0.27922078967094427
decision_type=2 2 2 2 2 2 2 2 2 2 2 2 2 2 2 2 2 2 2 2 2 2 2 2 2 2 2 2 2 2
left_child=2 8 3 11 5 6 -5 -7 10 -10 -2 12 13 -1 15 -13 -16 -14 19 28 22 -22 -21 -20 25 -25 -11 -28 -4 -30
right_child=1 -3 18 4 -6 7 -8 -9 9 26 -12 14 17 -15 16 -17 -18 -19 23 20 21 -23 -24 24 -26 -27 27 -29 29 -31
leaf_value=-0.0091418855634738394 -0.037642625625098521 0.066083906233949385 -0.072859145466030409 0.013400086317267286 0.043131517878376727 -0.12429979291894304 0.09710626800728514 -0.020448228709066565 -0.2613217776398028 0.061796192519726206 0.024566243389153506 -0.0021289892671365732 -0.017092626603710907 0.06666369688702066 -0.009469884201302849 0.015660176849975355 0.00062375680428876183 -0.073162650958503217 0.083173014551980992 -0.17946912232054943 -0.23179789664920081 -0.026083739304005926 0.085496718981173489 -0.047981250294160928 0.034538197920016382 -0.33453277975629825 0.090676167883375 -0.10715791991989569 -0.0013579937539263752 -0.019093962344180516
leaf_weight=28.894597602742579 10.39494773649494 14.295510006115363 5.8004355161101548 82.977443342213519 97.230619257985381 3.768055047956298 6.7904672246586406 23.476554987428244 1.2862922957574472 3.3295813280856219 57.157080840144772 287.68966920293769 17.508297851971292 9.656190150883047 623.98081810146323 265.47190755178599 1105.9766240151002 24.067285414796061 6.9646773877393553 4.1797270749520967 0.96038423266872897 8.9502548135496891 0.53391923999879498 1.2192221281366071 4.751211708469782 0.5626854236688813 1.6938954339857444 4.733249122306006 216.18215080614027 118.95692266802507
leaf_count=2724 289 18827 75 1789 17403 198 967 882 90 724 1428 95543 1505 126 185856 30779 71746 11342 13603 245 136 1318 201 1971 10028 455 125 2117 8867 23343
internal_value=-0.000169824 0.0158633 -0.000675272 0.000644714 0.0234154 0.0070324 0.019732 -0.0348114 0.00672882 -0.0438277 0.0149935 -0.00141959 -0.0209734 0.00984587 -0.000733346 0.00640834 -0.00301693 -0.0495505 -0.00989392 -0.0116663 -0.079358 -0.0460183 -0.149456 0.0367938 -0.0126491 -0.138468 -0.015154 -0.0550181 -0.00876269 -0.00765334
internal_weight=3039.44 92.8906 2946.55 2577.49 214.243 117.013 89.7679 27.2446 78.595 11.043 67.552 2363.25 80.1264 38.5508 2283.12 553.162 1729.96 41.5756 369.062 355.564 14.6243 9.91064 4.71365 13.4978 6.53312 1.78191 9.75673 6.42714 340.94 335.139
internal_count=504702 23600 481102 420860 21239 3836 2756 1080 4773 3056 1717 399621 15697 2850 383924 126322 257602 12847 60242 34185 1900 1454 446 26057 12454 2426 2966 2242 32285 32210
is_linear=0
shrinkage=0.08


Tree=128
num_leaves=31
num_cat=0
split_feature=11 7 16 8 7 7 16 16 8 7 0 6 16 0 1 1 5 8 0 0 10 11 7 0 0 1 7 4 7 4
split_gain=3.76789 5.45024 4.29845 3.97539 40.0905 14.6603 14.0953 13.4623 7.02844 15.0561 6.44206 20.0159 9.1798 10.5315 7.8002 7.30612 6.21724 5.32408 9.68347 6.22366 5.03857 4.68562 7.19907 7.52827 5.76916 4.31028 7.17844 4.26329 16.1273 9.52019
threshold=5.5000000000000009 0.27701576054096227 0.40200173854827886 0.49743561446666723 0.25472371280193334 0.44783893227577215 0.55654823780059826 0.45818893611431127 0.40973730385303503 0.35079404711723333 0.75582656264305126 0.91945946216583263 0.38182027637958532 0.90815371274948131 0.6911335587501527 0.83910790085792553 0.58571431040763866 0.80866709351539623 0.51649147272109996 0.75905716419219982 1.0000000180025095e-35 3.5000000000000004 0.44948974251747137 0.69860395789146434 0.5912291705608369 0.34066730737686163 0.44134692847728735 0.86607143282890331 0.63661757111549389 0.76388889551162731
decision_type=2 2 2 2 2 2 2 2 2 2 2 2 2 2 2 2 2 2 2 2 2 2 2 2 2 2 2 2 2 2
left_child=3 2 -2 4 10 7 -6 25 20 -10 11 15 13 -12 -13 -1 -14 18 -9 -19 -8 27 23 -23 -24 -5 -27 29 -29 -7
right_child=1 -3 -4 5 6 21 8 17 9 -11 12 14 16 -15 -16 -17 -18 19 -20 -21 -22 22 24 -25 -26 26 -28 28 -30 -31
leaf_value=0.004155104722086727 -0.080158188023624732 -0.064622989241444787 0.092392153968612084 -0.084991335660734788 -0.06730304159853108 0.0024681410910825435 -0.067976966657610105 0.30152383954345324 0.15315877638064371 -0.012938520710575774 -0.044000723585833484 0.0034609188355627981 0.021295938551085799 0.10497829106146268 0.069200644689888166 -0.074586211105701128 -0.0015640630824734858 -0.035427970093549636 0.061015028639374462 0.08613535906340497 -0.010374994070603683 0.040330955224775762 -0.066928530850121959 1.0860946805508487 -0.0089311689881371187 -0.012652033542029097 0.25052963871225803 -0.016269006798969764 0.074546741279614484 -0.03211508141075016
leaf_weight=225.48847362555534 1.3336305289485633 12.527789738567661 3.0079887671745382 5.163691897087122 69.621584000039547 1353.9242685045137 24.926253721048852 1.0961045035692212 3.7383343612018498 53.167958596532117 47.367409166879952 15.397536728960402 83.958418057969538 3.2448574365116647 46.242503223795211 7.8025257863919242 817.87308300338918 7.7716939434467331 47.524110859656503 4.1265641652134946 15.929908070836971 0.10358570296375447 13.912063963594845 0.076661374652758241 52.026311483306927 13.001772138730299 0.69893903875345209 27.659271588701813 22.856006519257789 52.936008926670183
leaf_count=10856 63 12427 101 2330 203722 146841 28443 363 136 12810 383 1701 779 19 512 80 6897 339 2414 931 584 42 8552 4 2765 2458 331 3006 48155 6658
internal_value=-0.0001505 -0.0378537 0.0393893 6.0271e-05 -0.00303042 0.00278823 -0.0397934 0.0363055 -0.0202024 -0.00202712 0.00190278 0.0122343 -0.00129645 -0.0344494 0.052779 0.00152156 0.00056415 0.0546989 0.0664371 0.00673273 -0.0455178 0.00104178 -0.0197876 0.485108 -0.0211678 -0.0227022 0.000774127 0.00198678 0.0248212 0.00116688
internal_weight=3034.51 16.8694 4.34162 3017.64 1414.76 1602.88 167.384 79.3829 97.7625 56.9063 1247.37 294.931 952.444 50.6123 61.64 233.291 901.832 60.5185 48.6202 11.8983 40.8562 1523.49 66.1186 0.180247 65.9384 18.8644 13.7007 1457.38 50.5153 1406.86
internal_count=504702 12591 164 492111 266922 225189 245695 9166 41973 12946 21227 13149 8078 402 2213 10936 7676 4047 2777 1270 29027 216023 11363 46 11317 5119 2789 204660 51161 153499
is_linear=0
shrinkage=0.08


Tree=129
num_leaves=31
num_cat=0
split_feature=15 7 4 8 8 1 8 2 6 7 13 11 8 12 6 8 8 3 7 7 7 8 7 1 1 2 11 1 6 3
split_gain=3.56997 5.76925 20.7462 7.8156 7.06559 8.97849 7.12315 5.96948 5.79526 5.16271 13.8153 10.7605 8.11625 7.97304 5.13118 4.90709 4.58219 5.1389 4.47446 4.14374 4.02424 48.7332 12.1649 7.42486 3.95668 3.79749 3.78646 3.68978 3.54989 3.03405
threshold=1.0000000180025095e-35 0.65319725871086132 0.43650794029235845 0.93629321455955516 0.80866709351539623 0.70064935088157665 0.82554244995117199 0.82413583993911754 0.96490147709846508 0.54211238026618969 1.0000000180025095e-35 1.0000000180025095e-35 0.41542178392410284 1.0000000180025095e-35 0.48435972630977636 0.58355855941772472 0.70438539981842052 0.51899951696395885 0.74789679050445568 0.7942219376564027 1.0000000180025095e-35 0.49743561446666723 0.38724207878112799 0.75134408473968517 0.94791102409362804 0.92403846979141246 4.5000000000000009 0.66333335638046276 0.23166368901729587 0.38165266811847692
decision_type=2 2 2 2 2 2 2 2 2 2 2 2 2 2 2 2 2 2 2 2 2 2 2 2 2 2 2 2 2 2
left_child=1 3 4 9 5 18 19 -7 -8 11 13 14 -13 -11 -1 -12 17 -4 -3 -6 -2 24 23 29 -22 -25 28 -19 -24 -23
right_child=20 2 16 -5 6 7 8 -9 -10 10 15 12 -14 -15 -16 -17 -18 27 -20 -21 21 22 26 25 -26 -27 -28 -29 -30 -31
leaf_value=0.041324188438100595 0.0020894558525926892 0.021509589580501969 -0.50227866277353073 0.090680310332768299 -0.09030056957778014 -0.20933663294211122 -0.0017346231628514472 0.082296673306593904 0.071915097314859691 0.073959030097277376 -0.064900599308781642 -0.00079440056721010507 0.020738940931176213 -0.042025341262398055 -0.038499897419385344 0.057170711772684846 0.082450749001619722 -0.17384187201342596 0.071591508115659716 0.03213086995138472 -0.075449273600195627 -0.068744613403034921 0.03338239275198214 0.27483012661060535 -0.023155388417237018 0.096690085363274281 -0.04124602780685762 0.050220886652767825 -0.001578495859903695 0.082830255811207273
leaf_weight=5.7125010589952572 878.00192777358461 39.721036740578711 0.1366087226197118 6.0413669314802965 8.667612290599207 1.606558315092115 153.44461619539652 0.62355031096376468 7.1566158495770642 4.0266833728819611 2.4141043720301267 387.05600611843693 157.65349275054905 65.415631882468006 52.697745477315038 16.596491320917266 30.170352280722 0.60440042702248353 16.022599301446462 2.2230028769699848 63.39596845057531 1.3098303630249568 18.915832878818037 1.7488169886637481 10.843876147962872 1.3625945290550587 15.148143094320401 2.1211195298237726 1072.2054262161764 2.3825108261662535
leaf_count=447 11852 1278 9 1027 258 148 10946 326 1304 366 292 22544 14672 5517 3420 2150 56367 23 393 184 226818 635 634 29 6493 29 6917 797 128556 271
internal_value=-0.000143376 0.00388714 0.0139967 8.31124e-05 0.00546359 0.0296077 -0.00269846 -0.127794 0.00154731 -0.000708317 -0.0187574 0.00193875 0.00543792 -0.0352999 -0.0306931 0.0416692 0.0732735 -0.0234655 0.0359048 -0.0653097 -0.00201706 -0.00505378 -0.000867993 0.105777 -0.0678109 0.196816 -0.00152388 0.000533624 -0.000972409 0.0290602
internal_weight=3025.43 960.112 262.498 697.614 229.466 57.9737 171.492 2.23011 160.601 691.573 88.4529 603.12 544.709 69.4423 58.4102 19.0106 33.0325 2.86213 55.7436 10.8906 2065.31 1187.31 1113.07 6.80375 74.2398 3.11141 1106.27 2.72552 1091.12 3.69234
internal_count=504702 122468 72033 50435 14837 2145 12692 474 12250 49408 8325 41083 37216 5883 3867 2442 57196 829 1671 442 382234 370382 137071 964 233311 58 136107 820 129190 906
is_linear=0
shrinkage=0.08


Tree=130
num_leaves=31
num_cat=0
split_feature=16 3 8 2 6 2 6 6 6 9 2 16 1 8 8 9 3 5 3 3 2 8 5 3 3 3 1 2 3 1
split_gain=3.40724 3.23018 12.9891 8.55921 7.20693 7.41207 7.20571 6.77474 8.40397 6.15456 5.99239 4.7521 9.88829 6.19189 4.61959 6.16702 7.57829 6.01129 20.9739 12.676 4.85543 4.47636 4.19465 8.13258 5.85423 1.16764 3.37716 131.399 0.207226 1.25983
threshold=0.9648033380508424 0.30368906259536749 0.55413547158241283 0.27639257907867437 0.48181217908859258 0.65030118823051464 0.47673159837722784 0.46737588942050939 0.73401361703872692 0.1123737394809723 0.29818989336490637 0.32334457337856298 0.64051282405853283 0.95675548911094677 0.97264015674591076 0.76696833968162548 0.33568075299263006 0.38750000298023229 0.63224515318870556 0.7320508360862733 0.79118219017982494 0.2463645935058594 0.13392857462167743 0.27953489124774938 0.27953489124774938 0.29708431661129003 0.41533938050270086 0.42163743078708654 0.25866188108921057 0.26158231496810919
decision_type=2 2 2 2 2 2 2 2 2 2 2 2 2 2 2 2 2 2 2 2 2 2 2 2 2 2 2 2 2 2
left_child=1 2 25 7 5 6 10 9 -9 -4 -3 12 -7 -13 17 20 -17 19 -19 -6 -16 -8 24 -24 -5 28 -27 -28 -1 -30
right_child=-2 4 3 22 14 11 21 8 -10 -11 -12 13 -14 -15 15 16 -18 18 -20 -21 -22 -23 23 -25 -26 26 27 -29 29 -31
leaf_value=-0.093804022714005661 0.080092780678241826 -0.0049937021832324848 0.32765450163138937 -0.029962583752905617 -0.015458689587987066 0.011537635157854021 0.69564997511165072 0.035609363042446815 -0.010210314991768998 -0.0075735908964242107 0.043629267039344367 -0.037195967180142321 0.26039203218746515 0.069315748546188258 0.012051662046370811 0.051586348933947958 -0.010575177899219081 0.045868416718419451 -0.00058806939517883766 0.017959375797979817 0.060430311877718475 0.15262099891569469 0.09258424594320723 -0.041213806255697587 0.0034542585876848188 -0.088623188323461818 10.78660151912975 -0.080358630168856832 0.034168429431639662 -0.091227897430122912
leaf_weight=9.4727433527877967 3.3843196113302829 22.525157978747302 0.35143951112695404 120.1878854386996 380.94910943251489 27.970696590153242 0.10198708366078735 74.883044969032198 38.941542077278427 132.01994472474689 57.967824828183439 28.206866078140592 1.0606559645384539 3.9867937489616443 27.50369125859288 15.319098808453417 69.485397305317747 64.475952686447272 1759.4447706335923 89.760732109629316 25.667736469644296 2.0499718202408985 6.1181807789507712 5.5401751432618767 46.546014415212994 0.59871087081046503 0.0073618351671029805 0.21792299475055188 0.60570768401521613 3.3418360127698179
leaf_count=15758 17375 1868 44 14545 187355 820 15 2806 1631 4285 11082 12018 8 2201 1006 324 27285 8223 155975 18776 5425 599 266 148 4425 1251 18 514 976 7680
internal_value=-0.000132697 -0.00022274 -0.00656729 -0.00404633 0.000857881 0.018256 0.033885 0.00562242 0.0199336 -0.00668358 0.0300226 -0.00284087 0.0206295 -0.0240058 -0.000171085 0.014046 0.000653691 -0.00102596 0.00105418 -0.00908612 0.0354058 0.178357 -0.01739 0.029002 -0.0206338 -0.0817111 0.0107252 0.274751 -0.0873867 -0.0719872
internal_weight=3018.69 3015.31 438.833 424.588 2576.48 143.87 82.6449 246.196 113.825 132.371 80.493 61.225 29.0314 32.1937 2432.61 137.976 84.8045 2294.63 1823.92 470.71 53.1714 2.15196 178.392 11.6584 166.734 14.2443 0.823996 0.225285 13.4203 3.94754
internal_count=504702 487327 54347 28150 432980 28611 13564 8766 4437 4329 12950 15047 828 14219 404369 34040 27609 370329 164198 206131 6431 614 19384 414 18970 26197 1783 532 24414 8656
is_linear=0
shrinkage=0.08


Tree=131
num_leaves=31
num_cat=0
split_feature=3 8 3 1 2 10 12 8 6 5 4 3 4 1 4 11 4 11 8 9 8 3 2 9 4 2 6 2 3 1
split_gain=5.55895 49.4366 42.4585 12.4882 7.48126 7.2602 9.13725 25.5133 7.36083 9.40067 18.5717 17.557 15.0202 13.4856 10.7799 7.22252 6.97373 6.51804 31.9997 23.6992 17.3009 15.0926 6.37647 6.12462 5.82342 8.86412 5.65815 6.37072 5.60141 5.57705
threshold=0.30368906259536749 0.55413547158241283 0.29708431661129003 0.41533938050270086 0.30210618674755102 1.0000000180025095e-35 1.0000000180025095e-35 0.44965827465057379 0.50384616851806652 0.13392857462167743 0.27922078967094427 0.42163743078708654 0.19090909510850909 0.63453349471092235 0.38750000298023229 3.5000000000000004 0.38750000298023229 1.5000000000000002 0.41994474828243261 1.0000000180025095e-35 0.572099268436432 0.77015754580497753 0.42163743078708654 0.18019481003284457 0.44949495792388922 0.84273937344551098 0.46225070953369146 0.14459930360317233 0.89512962102890026 0.32690165936946874
decision_type=2 2 2 2 2 2 2 2 2 2 2 2 2 2 2 2 2 2 2 2 2 2 2 2 2 2 2 2 2 2
left_child=1 2 -1 -4 26 6 17 -8 29 10 12 13 -10 -11 -12 -13 -6 20 -19 -20 23 -22 -5 -2 28 -26 -3 -28 -9 -7
right_child=5 4 3 22 16 8 7 24 9 11 14 15 -14 -15 -16 -17 -18 18 19 -21 21 -23 -24 -25 25 -27 27 -29 -30 -31
leaf_value=-0.086294026877037397 -0.0009942774690754328 -0.007890933166916728 -0.088033033821752385 -0.55177547737297705 -0.023838385420389342 0.004325404518493183 -0.067226244301733629 -0.045869659935712272 -0.0047675328375819115 0.11633596171320519 -0.080689291639644112 0.01080181186682919 0.077647133785916728 -0.017498875608939635 0.11659787747532235 -0.035867365787281565 0.053269151479739936 0.0038546599356829693 0.86289809519876504 0.086976006003900153 -0.13322291692747532 -0.016293250259771738 -0.080331364825947382 0.085196700060719111 0.049212406025144338 -0.0044287854565738154 0.07786896704345278 0.010144205112878498 0.0039105457239421559 0.040896835529878758
leaf_weight=12.542175618918007 875.96549953925933 141.41173614924628 0.55623475270112921 2.0966945667751138 126.99702836065262 44.358738859384175 47.625959746299486 39.571224029032237 246.88119648087377 17.157068098222229 26.924996118010316 344.01781235112139 15.01366056426559 6.7002431633518418 1.8974576615801186 22.618452695962333 7.9783378500433164 404.46112522631483 0.25435754688806156 26.378549188968464 11.722655950303308 17.779909435368609 0.20123379044161982 5.3083470933124763 21.049166044453159 311.29506308073906 9.5030103260360175 137.67680555073821 22.802799328357651 66.988889123596891
leaf_count=24414 24524 4764 1251 18 16261 3958 178186 16946 46152 2225 3002 120834 1288 856 281 2944 279 13369 336 1826 1022 8310 514 106 776 10865 163 6683 2242 10307
internal_value=-0.000530982 -0.00885271 -0.149669 -0.42816 -0.00373415 0.000886657 -0.00194355 -0.0119148 0.00725805 0.00414104 -0.00675077 0.0122499 -4.29428e-05 0.0787489 -0.0677014 0.00792271 -0.0192806 0.00134344 0.0094477 0.0943864 -0.00249251 -0.0627545 -0.51049 -0.000475107 -0.00524102 -0.0010314 0.00353697 0.014517 -0.0276709 0.0263275
internal_weight=3015.74 438.963 15.3963 2.85416 423.567 2576.77 1784.21 442.344 792.559 681.211 290.717 390.494 261.895 23.8573 28.8225 366.636 134.975 1341.87 431.094 26.6329 910.776 29.5026 2.29793 881.274 394.718 332.344 288.592 147.18 62.374 111.348
internal_count=504702 54347 26197 1783 28150 450355 258508 209015 191847 177582 50723 126859 47440 3081 3283 123778 16540 49493 15531 2162 33962 9332 532 24630 30829 11641 11610 6846 19188 14265
is_linear=0
shrinkage=0.08


Tree=132
num_leaves=31
num_cat=0
split_feature=0 1 8 2 4 2 4 4 4 4 2 11 16 2 16 2 8 1 7 8 9 8 0 1 1 1 16 2 1 0
split_gain=4.90726 22.9916 21.9526 17.8971 11.2003 16.4012 13.7177 15.4114 10.7756 12.8256 9.16577 7.95054 7.36958 8.29285 8.03401 9.89287 7.24332 15.5165 7.20388 6.53618 9.96334 6.45839 6.44418 6.23898 5.6387 5.57335 5.08667 10.6522 11.2538 5.03613
threshold=0.55087250471115123 0.45199692249298101 0.52088177204132091 0.628892481327057 0.31666667759418493 0.74322345852851879 1.0000000180025095e-35 0.19090909510850909 0.11805555596947671 0.12916667014360431 0.40862709283828741 2.5000000000000004 0.36309690773487097 0.6900656819343568 0.64634531736373912 0.87841832637786876 0.54589802026748668 0.58102023601531994 0.501101315021515 0.55860888957977306 0.17519181966781619 0.52731794118881237 0.44920890033245092 0.64801773428916942 0.54261502623558056 0.45923791825771337 0.39766199886798864 0.42163743078708654 0.41533938050270086 0.6832355558872224
decision_type=2 2 2 2 2 2 2 2 2 2 2 2 2 2 2 2 2 2 2 2 2 2 2 2 2 2 2 2 2 2
left_child=2 21 3 26 6 19 11 -8 -3 23 -9 18 13 22 -14 -16 17 -7 -4 20 -6 29 -5 -10 -21 -18 -1 28 -28 -2
right_child=1 8 4 12 5 16 7 10 9 -11 -12 -13 14 -15 15 -17 25 -19 -20 24 -22 -23 -24 -25 -26 -27 27 -29 -30 -31
leaf_value=-0.075724027158487722 -0.053688683849546531 0.032944663913805614 -0.053874734920342178 -0.087218266739756273 0.12578777467625454 -0.086293815525913545 -0.091126003500585293 0.78419359132646071 -0.056843437992254879 -0.00031030155077509363 0.0023505557613547061 -0.043472174882649955 -0.090109771343561351 0.003419522194943131 0.63685412403947683 -0.011666534367952968 0.077002614628853938 0.9438869934778894 0.0018525840368122967 0.10550587817506595 0.87865927771627172 0.078467714863829793 0.28044349867094326 -0.21526065137604738 0.0095623182768499945 -0.042311092621135402 -0.081602891019943516 -0.080112762080954691 -0.34621934478916083 0.11603484611707528
leaf_weight=13.640541288517854 4.5520739463427153 62.778129826092481 15.283543553268826 0.40123927913373414 0.34785262089281133 0.23403337510535749 24.09535648848032 0.096477685081484021 5.2439096122307083 2208.9169690385552 18.036415341652173 28.004737992154332 8.1021662430266552 13.253871221506415 0.21991461151628833 0.47721543288207613 2.9942233100300681 0.15590762843203265 518.60296329566336 15.004729851258164 0.16627044634515187 31.059297963394783 1.2734419778607842 2.2840884049728629 5.3069498850818482 15.354848956572821 1.6643602222329699 5.8835875352597213 2.6927557027502189 1.4835641060635678
leaf_count=43691 5202 13109 5889 530 96 29 9005 47 4229 286647 2648 13150 24857 1974 8 64 295 33 23007 622 31 2256 717 405 465 1573 6838 56445 561 279
internal_value=-0.000488357 0.00127699 -0.00640352 -0.058823 -0.00252639 0.0387094 -0.00522699 -0.0492007 0.000260184 -0.000665564 0.00651042 -0.0019222 -0.009615 0.0246142 -0.067687 0.192914 -0.0155907 0.325597 0.000257281 0.0875685 0.369271 0.0637527 0.192355 -0.104909 0.0804382 -0.0228413 -0.107715 -0.150327 -0.245139 -0.0119705
internal_weight=3007.61 2316.32 691.293 47.6091 643.684 39.5648 604.119 42.2282 2279.22 2216.44 18.1329 561.891 23.7278 14.9286 8.7993 0.69713 18.739 0.389941 533.887 20.8258 0.514123 37.0949 1.67468 7.528 20.3117 18.3491 23.8812 10.2407 4.35712 6.03564
internal_count=504702 312127 192575 135685 56890 3144 53746 11700 304390 291281 2695 42046 28150 3221 24929 72 1930 62 28896 1214 127 7737 1247 4634 1087 1868 107535 63844 7399 5481
is_linear=0
shrinkage=0.08


Tree=133
num_leaves=31
num_cat=0
split_feature=3 9 3 0 2 0 2 4 13 16 9 6 10 16 4 9 0 0 9 16 6 0 4 2 3 9 7 16 3 10
split_gain=4.40347 27.4752 18.62 7.05857 7.25677 9.57085 12.5177 8.72584 6.11405 7.7875 6.16314 8.09708 10.0032 11.4903 8.79581 7.49893 5.91072 7.14626 6.55614 6.32076 5.04359 7.38252 6.47133 6.25642 5.25062 4.84187 4.34033 14.3726 31.4038 4.0045
threshold=0.30368906259536749 0.19292803853750232 0.29708431661129003 0.28730159997940069 0.23845060169696811 0.47856706380844122 0.45867486298084265 0.31666667759418493 1.0000000180025095e-35 0.82758831977844249 0.81365740299224865 0.93582704663276683 4.5000000000000009 0.74437829852104198 0.21111111342906955 0.81980520486831676 0.28388279676437383 0.27842378616333013 0.46410256624221807 0.47601480782032018 0.25834259390830999 0.37952858209609991 0.19090909510850909 0.34525330364704138 0.53694942593574535 0.37797619402408605 0.60894551873207103 0.42743860185146337 0.21680375933647159 1.5000000000000002
decision_type=2 2 2 2 2 2 2 2 2 2 2 2 2 2 2 2 2 2 2 2 2 2 2 2 2 2 2 2 2 2
left_child=1 2 26 16 -5 7 -7 -6 10 -10 20 14 -13 -14 29 -16 17 18 -3 -18 24 22 -22 -23 25 -2 -1 28 -28 -12
right_child=8 3 -4 4 5 6 -8 -9 9 -11 11 12 13 -15 15 -17 19 -19 -20 -21 21 23 -24 -25 -26 -27 27 -29 -30 -31
leaf_value=-0.069952205141421336 0.18821321193559609 0.021890103684476397 -0.24483928123862939 0.047534386013804504 -0.044158783764097376 0.075541863801842912 -0.01428886511570579 0.07552334334036323 0.0082629078604593807 0.058343965850039363 -0.04875703056166189 0.060561672237584914 -1.6951591698451198 0.080262076421107803 -0.24239949739461863 -0.070776082036576135 -0.055149582176774507 -0.089073151079171978 -0.0059042611762794919 0.085392272899621646 -0.035212644925580121 0.070843088727337036 0.13810771394332333 0.00015588405442108441 -0.015828368666467127 0.030308639991729978 -0.081082681759582567 -0.032653357670882788 1.9495316742009374 0.087622029358579975
leaf_weight=16.675198192193427 2.6455316510764515 86.425211226760439 4.2612464242974957 10.685388092002539 81.297234346835467 12.124596330431812 54.794614490114327 4.0951719872828098 237.68255925617268 21.68445906433044 2.5039412795158631 5.5878838517091927 0.044966008514165767 0.048485435982001945 1.8383584088005616 14.334534882640581 2.5489124804371377 5.3524817107609115 146.18492693291046 10.422330754838184 49.530549838651496 8.0426732945561508 1.4181914654327545 2212.3434990813239 3.3175670897799137 2.3439298700541258 0.12777694172836973 1.1209440909769908 0.078802927513606846 3.0642353582952637
leaf_count=27240 562 5833 1936 450 10132 462 4695 152 32840 76931 211 2056 1 44 137 1817 448 341 2000 210 21431 1811 2486 309339 454 24 35 395 18 211
internal_value=-0.000458685 -0.00788993 -0.094463 -0.00323345 -0.0161955 -0.0206665 0.0019869 -0.0384192 0.000804342 0.01245 -0.000504892 -0.0382049 0.0468338 -0.774017 -0.0604271 -0.0902844 0.00518621 0.00231961 0.00442261 0.0577751 -5.13887e-05 -0.000278956 -0.0303882 0.000411927 0.0621707 0.114033 -0.0588689 0.0803494 0.693525 0.026294
internal_weight=3002.63 436.195 22.264 413.931 162.997 152.312 66.9192 85.3924 2566.43 259.367 2307.06 27.4224 5.68134 0.0934514 21.7411 16.1729 250.934 237.963 232.61 12.9712 2279.64 2271.33 50.9487 2220.39 8.30703 4.98946 18.0027 1.32752 0.20658 5.56818
internal_count=504702 54347 29624 24723 15891 15441 5157 10284 450355 109771 340584 4477 2101 45 2376 1954 8832 8174 7833 658 336107 335067 23917 311150 1040 586 27688 448 53 422
is_linear=0
shrinkage=0.08


Tree=134
num_leaves=31
num_cat=0
split_feature=0 1 8 16 16 15 8 1 6 0 0 0 0 6 6 0 0 0 2 2 7 5 2 7 6 6 6 6 0 1
split_gain=3.93993 19.3385 17.7675 14.0835 11.7466 7.19086 6.34283 6.07594 17.9307 9.00385 6.66195 9.01511 6.06034 6.05611 6.94367 30.4906 14.9785 17.9281 12.8574 11.2477 6.15831 6.05825 6.78068 6.01738 5.92769 8.60759 7.57215 5.78026 12.2165 5.76889
threshold=0.55087250471115123 0.45499551296234136 0.65889152884483349 0.53333869576454174 0.30293948948383337 1.0000000180025095e-35 0.52731794118881237 0.3483316451311112 0.38548950850963598 0.43792808055877691 0.37248718738555914 0.23606811463832858 0.20761494338512423 0.63211598992347728 0.84045451879501354 0.76993650197982799 0.76993650197982799 0.89825496077537548 0.75716626644134533 0.80901724100112926 0.84521561861038219 0.73214286565780651 0.82413583993911754 0.32274864614009863 0.8019607961177827 0.51887464523315441 0.99264705181121837 0.48435972630977636 0.66287881135940563 0.68870675563812267
decision_type=2 2 2 2 2 2 2 2 2 2 2 2 2 2 2 2 2 2 2 2 2 2 2 2 2 2 2 2 2 2
left_child=2 6 3 4 -1 12 -2 9 23 24 11 -10 -6 21 15 20 18 -18 -16 -17 -15 27 29 -9 25 -4 -26 -3 -29 -23
right_child=1 13 7 -5 5 -7 -8 8 10 -11 -12 -13 -14 14 16 19 17 -19 -20 -21 -22 22 -24 -25 26 -27 -28 28 -30 -31
leaf_value=0.01143824779121076 -0.015446394699875099 0.063893219481207547 -0.0035627676917253243 0.054332117184877793 0.081745898214912738 -0.096188903775643986 0.072815906346006307 -0.30879029165889066 0.14270121935736266 0.069811311349825877 -0.012332246924709181 -0.056256084059604333 -0.051260492571345975 -0.029550502059512693 -0.00014237932996937774 0.069690055623188141 -0.020360666730245853 0.0047009548217712104 0.030455611346025455 -0.00032856489494041978 -0.070399085563644853 0.0061967452122802923 -0.0018520405223441776 0.063626308979888413 -0.035748521112901506 0.022511619225048751 0.052349340069419555 -0.043202313627641285 0.031350740612319197 0.18859719886474435
leaf_weight=14.156554142664389 6.2526736049148885 20.73339390912588 222.63200455377955 8.703426124979158 2.4296498259645913 30.583842192459088 31.275401051854715 0.28159273508936422 1.5124235756229598 13.018084814670145 131.11172065494975 40.192560221199528 22.45837768867932 154.43198259734163 162.43519145208484 15.040978596502098 266.49696935708562 580.85397597419069 191.52250526528951 616.97138165288925 27.88551237223146 2.1924737242570691 144.74843970377333 19.933349290382466 43.906727243185742 127.39261480119603 7.2792900518543311 17.396149635656911 73.500831151803141 2.2471515545912553
leaf_count=5652 5781 3955 5708 4210 602 139437 2353 5 39 492 8670 2688 16745 46739 39176 3207 26647 84126 22234 45703 2337 803 10440 1605 1946 4509 267 9485 9011 130
internal_value=-0.000428343 0.00114984 -0.00575496 -0.0416132 -0.0536062 -0.0702057 0.0581102 -0.00112953 -0.0128519 0.00433312 -0.021191 -0.0490409 -0.038276 0.000210828 -0.00127347 -0.00697649 0.00259244 -0.00318108 0.0164138 0.00133778 -0.0357983 0.0116816 0.00113489 0.0584386 0.00220855 0.00592709 -0.0232199 0.0257768 0.0170825 0.0985202
internal_weight=2999.58 2313.99 685.592 78.3318 69.6284 55.4719 37.5281 607.26 193.032 414.229 172.817 41.705 24.888 2276.46 2015.64 814.33 1201.31 847.351 353.958 632.012 182.317 260.818 149.188 20.2149 401.211 350.025 51.186 111.63 90.897 4.43963
internal_count=504702 312127 192575 166646 162436 156784 8134 25929 13007 12922 11397 2727 17347 303993 270169 97986 172183 110773 61410 48910 49076 33824 11373 1610 12430 10217 2213 22451 18496 933
is_linear=0
shrinkage=0.08


Tree=135
num_leaves=31
num_cat=0
split_feature=11 7 8 16 15 16 1 2 7 0 1 4 7 8 2 7 2 1 9 0 0 9 7 1 7 0 0 0 2 9
split_gain=3.55293 5.18529 4.20378 3.83368 3.59366 14.2523 3.88115 9.44571 7.06995 6.99672 17.2907 8.06917 7.92765 7.68607 7.33103 5.07742 4.48146 10.8254 4.3246 3.88039 3.49554 3.17282 4.26795 6.68811 5.3445 2.42328 2.02053 2.82498 1.92928 1.52728
threshold=5.5000000000000009 0.27701576054096227 0.86287939548492443 0.40200173854827886 1.0000000180025095e-35 0.7831653654575349 0.81661397218704235 0.87226107716560375 0.98048734664917003 0.80982521176338207 0.69416099786758434 0.58571431040763866 0.82548910379409801 0.57790625095367443 0.79118219017982494 0.92762354016304027 0.82413583993911754 0.8263767957687379 0.15075758099555972 0.81872946023941051 0.67962265014648449 0.91106721758842479 0.9147634506225587 0.34066730737686163 0.9123903512954713 0.8521554470062257 0.28388279676437383 0.27842378616333013 0.92907443642616283 0.16064515709877017
decision_type=2 2 2 2 2 2 2 2 2 2 2 2 2 2 2 2 2 2 2 2 2 2 2 2 2 2 2 2 2 2
left_child=4 3 -3 -2 5 21 9 16 15 11 18 13 -12 -6 -13 -9 19 -18 -11 -8 -4 22 24 -24 -1 28 27 -23 -5 -7
right_child=1 2 20 25 6 29 7 8 -10 10 12 14 -14 -15 -16 -17 17 -19 -20 -21 -22 26 23 -25 -26 -27 -28 -29 -30 -31
leaf_value=0.0026410927726925495 -0.075236731155143663 -0.084188386899031728 -0.070307049976642291 0.066193973511284213 -0.020997542946783149 -0.0019998103890837456 0.040317478086187374 0.00053535706675783708 0.083283056585745738 -0.011093769463905709 -0.030992661987454224 0.10215993806081923 -0.099931616260185818 -0.002947290206320119 0.0079573151946413338 -0.025025066851126022 -0.087670881117669311 0.035879782590771937 0.09141469313434912 0.17209763914614137 0.17266008528598226 0.022519681179982102 -0.060573879913409762 0.012696248853498206 0.15936275333097505 0.04862887710506103 0.076723853173733272 -0.27023906212272569 0.33538287287774787 0.076358801066956319
leaf_weight=872.48271366976405 1.297070454682397 10.129847175912799 0.71520678012166061 0.29742157852160778 197.18452669394128 1.7388674158282835 3.2184864805603857 799.98095931328135 6.4093215711036455 3.9731842812907399 38.194630661822885 5.4286759732276542 14.817166304172131 644.31952319334596 202.75593017356005 53.035252583431429 4.9779761819372643 51.434644846223819 7.814220516680507 2.5735684684768785 0.80608433694578707 7.8632693858526164 17.304735830402933 14.78558366873767 1.3948348853591586 2.1420291980030015 5.7452638147224198 0.21676357128308144 0.3989730718312785 18.83947268826887
leaf_count=57972 63 12325 87 56 229027 382 355 49056 11605 735 2783 406 1090 44236 10935 14160 385 4423 1517 347 15 745 270 1245 89 36 1024 5 9 59319
internal_value=-0.000398496 -0.0382506 -0.0655662 0.0387072 -0.000197737 0.00389259 -0.00208683 0.00175402 -0.000424874 -0.00526305 -0.0307751 -0.00368814 -0.0502616 -0.0071769 0.0104138 -0.00105383 0.0318578 0.0249774 0.0568621 0.098871 0.0584336 0.00241945 0.00183903 -0.0268147 0.00289124 0.090776 0.0404548 0.0146658 0.220416 0.0697375
internal_weight=2992.28 15.7866 11.6511 4.13549 2976.49 940.372 2036.12 921.63 859.426 1114.49 64.7992 1049.69 53.0118 841.504 208.185 853.016 62.2047 56.4126 11.7874 5.79205 1.52129 919.793 905.968 32.0903 873.878 2.83842 13.8253 8.08003 0.696395 20.5783
internal_count=504702 12591 12427 164 492111 121051 371060 80331 74821 290729 6125 284604 3873 273263 11341 63216 5510 4808 2252 702 102 61350 59576 1515 58061 101 1774 750 65 59701
is_linear=0
shrinkage=0.08


Tree=136
num_leaves=31
num_cat=0
split_feature=3 8 3 0 0 4 2 4 8 1 7 0 0 16 6 2 16 0 6 2 1 6 6 6 0 1 0 1 7 7
split_gain=3.42147 30.2085 8.3655 6.23288 6.79079 18.0942 8.22875 9.19592 6.15637 5.62767 5.49661 4.76453 6.06398 5.61044 4.37037 6.13527 5.66212 5.28652 5.21382 4.97849 4.64508 4.26545 3.98538 3.98215 4.28483 8.82233 9.15777 8.67715 6.88587 4.69677
threshold=0.30368906259536749 0.55413547158241283 0.29708431661129003 0.28730159997940069 0.64747309684753429 0.21111111342906955 0.24525599926710132 0.38750000298023229 0.97264015674591076 0.74464204907417308 0.74789679050445568 0.28388279676437383 0.27842378616333013 0.47601480782032018 0.92940199375152599 0.30532014369964605 0.57576140761375438 0.33150184154510504 0.82650500535964977 0.20761494338512423 0.86240702867507946 0.51887464523315441 0.42340287566185003 0.25834259390830999 0.37952858209609991 0.45199692249298101 0.51649147272109996 0.31643131375312811 0.9631328582763673 0.83816528320312511
decision_type=2 2 2 2 2 2 2 2 2 2 2 2 2 2 2 2 2 2 2 2 2 2 2 2 2 2 2 2 2 2
left_child=1 2 -1 11 6 -6 10 -8 23 -7 -5 12 21 -13 16 -16 -10 -17 19 -18 -20 -3 -14 -2 27 26 -26 28 -25 -27
right_child=8 3 -4 4 5 9 7 -9 14 -11 -12 13 22 -15 15 17 18 -19 20 -21 -22 -23 -24 24 25 29 -28 -29 -30 -31
leaf_value=-0.081629404336316588 0.045972350645908835 -0.0042986181149586283 -0.21565412107695278 -0.031390834194906458 0.078212796355796338 -0.081315880311151598 -0.034106807438854594 0.067435628101635933 0.068996743149835005 0.068948729902854972 0.069979770783678341 -0.054600537970435632 0.020995621306530522 0.078017954634029663 -0.33353399161046166 -0.1011067637760641 -0.24256080679233841 0.052625428685945157 -0.038248923166236376 0.016371517485418204 0.041477600639058747 0.017802034720463801 -0.12831530174082598 0.012368256548207666 0.0032379192422427793 0.00056345945746087483 0.057505250850540535 -0.042094642519588804 -0.51503509324373997 -0.010799692600011665
leaf_weight=10.142869831064671 11.870416963465685 145.63303020508101 4.2209637596879466 5.3240484229063432 15.368678191152869 9.2757467201154196 116.74076596369741 6.0013792585523325 9.3863121347385441 1.9264037407556305 9.58909870428033 2.538582508419494 1.6589053599600436 10.428237452870233 0.27569464221596618 1.5015029609203328 0.47800102550536294 30.747794919279841 25.382540402271847 82.023639391205506 5.7334495319300904 90.697075116378983 3.6868077532017196 37.106552695477149 47.508985430999019 1957.7945977105755 34.24891418948755 44.938242367448765 0.15911498386412759 264.21705776717135
leaf_count=24414 1138 4847 1783 573 776 521 16347 182 172 116 119 532 63 211 4 7 19 21660 3244 17183 5724 3554 309 6098 35599 270901 11162 20699 4 56741
internal_value=-0.00036345 -0.00693706 -0.121014 -0.00302514 -0.0151769 0.0218505 -0.0223241 -0.029142 0.0007519 -0.0554753 0.0337901 0.00481188 0.00227713 0.0520545 0.016176 0.0422552 0.00928008 0.0454678 0.0043467 0.0148713 -0.0235585 0.00418301 -0.0819805 -0.000248539 -0.000478492 0.000161907 0.0259709 -0.0184257 0.0101164 -0.000787721
internal_weight=2986.61 433.233 14.3638 418.869 164.226 26.5708 137.655 122.742 2553.37 11.2022 14.9131 254.643 241.676 12.9668 155.529 32.525 123.004 32.2493 113.618 82.5016 31.116 236.33 5.34571 2397.84 2385.97 2303.77 81.7579 82.2039 37.2657 2222.01
internal_count=504702 54347 26197 28150 18634 1413 17221 16529 450355 637 692 9516 8773 743 48013 21671 26342 21667 26170 17202 8968 8401 372 402342 401204 374403 46761 26801 6102 327642
is_linear=0
shrinkage=0.08


Tree=137
num_leaves=31
num_cat=0
split_feature=10 16 0 0 7 7 8 5 11 0 2 0 7 0 1 6 0 16 1 1 10 2 6 0 9 11 0 9 2 7
split_gain=3.26226 6.33147 7.10069 7.86621 7.08182 8.12788 6.92976 5.37228 11.8507 8.51007 13.7579 20.6363 8.78443 12.1445 8.16609 12.6876 11.9564 7.71626 6.3568 5.82649 5.19815 4.62911 4.61431 4.57533 8.04472 4.96922 8.94298 6.56711 4.39041 6.49391
threshold=1.5000000000000002 0.68033078312873851 0.41897973418235784 0.40224719047546392 0.95176565647125255 0.78886163234710704 0.99190270900726329 0.38750000298023229 2.5000000000000004 0.84074437618255626 0.89699381589889537 0.88548010587692272 0.501101315021515 0.60107529163360607 0.63453349471092235 0.84045451879501354 0.63702240586280834 0.45931325852870947 0.3483316451311112 0.98437118530273449 1.0000000180025095e-35 0.84273937344551098 0.31643131375312811 0.8263767957687379 0.21132376790046695 1.0000000180025095e-35 0.61143791675567638 0.84807693958282482 0.40862709283828741 0.94968047738075267
decision_type=2 2 2 2 2 2 2 2 2 2 2 2 2 2 2 2 2 2 2 2 2 2 2 2 2 2 2 2 2 2
left_child=7 2 3 4 5 -2 -6 8 9 12 20 -12 13 -1 15 -9 -17 -10 -14 22 -11 -18 -19 24 -3 26 -26 -27 -4 -30
right_child=1 23 28 -5 6 -7 -8 14 17 10 11 -13 18 -15 -16 16 21 19 -20 -21 -22 -23 -24 -25 25 27 -28 -29 29 -31
leaf_value=-0.059165432339658597 0.033534413014855421 -0.7405393232001346 0.082401639797052673 -0.11107337681301785 0.1398176455927172 -0.022175234486196908 0.026152077659956911 0.0043996520698438056 -0.076853075762473869 0.033536274900830068 -0.24527350555030858 0.0064493792680954103 0.0061788215178324784 -0.0049232012310185804 -0.00013191270206927837 0.10141854027415388 -0.003636523369213275 0.089893106237992043 -0.010491019209425387 -0.5637482038710464 0.1001898982116866 0.18392384220998875 -0.023918445599054615 0.025954037132807715 -0.036918123437787317 -0.021010072777288058 0.044388697548134043 -0.10838192570936729 0.031609723606298837 -0.23272793477685208
leaf_weight=43.318255493004472 25.731513694670866 0.098239834973354756 11.899235185219366 3.6404280158512838 4.3691784896655035 48.076978261145996 16.0161686395586 82.568313532474804 20.38999291068103 16.982418905710801 2.3271974064045962 19.972262864223012 315.63107207423309 67.707992047873631 1761.6692937291446 20.452195492633109 14.174269059472859 2.3562907339510266 273.06578409057329 0.12644776316301332 13.394452570792057 0.89535798260476518 70.315438998873105 20.005121943137055 16.366269147598359 34.163851875870023 18.381902531633386 6.5634097932488649 51.858871434746106 0.60169777402188529
leaf_count=96851 2497 19 583 190 46 542 626 19953 58484 891 128 4117 14847 25566 155390 4704 2422 74 24635 30 3987 66 43984 24820 1851 2266 10915 411 3797 10
internal_value=-0.000335356 0.00826678 0.0178915 0.00431508 0.00877464 -0.00275344 0.0505139 -0.00114898 -0.00644476 -0.00311174 0.0278972 -0.0198207 -0.00544615 -0.0260865 0.00123327 0.0215991 0.061578 -0.0333555 -0.00155345 -0.0211723 0.0629267 0.00750733 -0.0202282 -0.00806602 -0.0170715 -0.0161298 0.00609346 -0.0350905 0.0385292 0.0285779
internal_weight=2983.12 257.773 162.194 97.8343 94.1938 73.8085 20.3853 2725.35 845.588 752.399 52.6763 22.2995 699.723 111.026 1879.76 118.09 35.5218 93.1882 588.697 72.7982 30.3769 15.0696 72.6717 95.5788 75.5737 75.4754 34.7482 40.7273 64.3598 52.4606
internal_count=504702 48573 8291 3901 3711 3039 672 456129 273594 171022 9123 4245 161899 122417 182535 27145 7192 102572 39482 44088 4878 2488 44058 40282 15462 15443 12766 2677 4390 3807
is_linear=0
shrinkage=0.08


Tree=138
num_leaves=31
num_cat=0
split_feature=11 16 0 3 3 16 0 10 12 16 0 11 6 0 5 0 3 3 3 6 2 2 1 11 16 1 16 11 0 0
split_gain=3.11903 4.003 6.47899 3.03781 8.83444 7.29241 6.13259 6.00289 6.3065 22.0164 6.07568 6.05874 5.96101 10.9097 7.6569 16.4903 14.0046 7.50337 5.89453 5.87916 5.34966 5.33662 5.09025 4.77296 4.11608 3.58897 3.56077 3.44379 2.64707 2.51918
threshold=5.5000000000000009 0.70934656262397777 0.68908989429473888 0.30368906259536749 0.30094340443611151 0.4110188633203507 0.28730159997940069 1.0000000180025095e-35 1.0000000180025095e-35 0.63613334298133861 0.93957647681236278 2.5000000000000004 0.50384616851806652 0.31851120293140417 0.13392857462167743 0.76239567995071422 0.42163743078708654 0.42967033386230474 0.091966174542903914 0.96609193086624157 0.19433516263961795 0.24525599926710132 0.3034138828516007 1.5000000000000002 0.61092147231102001 0.31311275064945226 0.60295346379280101 1.0000000180025095e-35 0.69282051920890819 0.59675306081771862
decision_type=2 2 2 2 2 2 2 2 2 2 2 2 2 2 2 2 2 2 2 2 2 2 2 2 2 2 2 2 2 2
left_child=3 2 -2 4 5 20 18 8 11 10 -10 27 13 17 15 -14 -16 -9 -7 -11 23 -8 26 -1 -13 -15 -6 -5 -4 -24
right_child=1 -3 28 7 22 6 21 12 9 19 -12 24 14 25 16 -17 -18 -19 -20 -21 -22 -23 29 -25 -26 -27 -28 -29 -30 -31
leaf_value=0.026013362332565057 -0.081674393443544227 -0.12410790443975714 0.18647276214720004 -0.019299859190993158 -0.053933640140139121 -0.04508207167015587 0.033597836053426665 0.0035820424687070785 -0.056215335235734944 0.0030862997371042464 0.07049200152924652 0.016447452479219346 -0.012027534586553314 -0.011473964207372851 0.072256856647363685 0.056150564776636477 0.0075122891394579262 -0.10770173426004265 0.0096577553314157304 -0.021866955192735408 -0.068923295626451705 -0.018619048773817221 -0.16105061319063077 -0.082638156032882645 0.098084750015009659 0.050434410924447136 0.16719818969314759 0.00046609837431808187 0.018404220770163578 -0.015810799136301644
leaf_weight=9.8061289219767769 5.5308119264227553 2.7361605304904506 0.66380529425805423 59.268930826801807 1.7221854880726817 13.361987619729915 13.734485721914096 36.73592388439647 66.187970729979497 285.96208515360922 2.5139790433895532 98.912590023866869 257.271180237929 6.6580825219280078 22.736590065627752 24.902585704890953 358.82039273454393 4.3352983242184555 217.88502636078556 76.619287870722474 18.801073662108138 142.4038740558899 4.3377728896030021 3.5151540004153494 4.1171633183985241 60.005094790902149 0.638941972516477 1170.8273204672441 6.2154806091057253 0.92778078562332655
leaf_count=1055 9748 116 99 4385 382 295 317 2906 180672 9321 788 4236 41266 826 2944 7754 123058 382 5753 11134 18001 23758 900 1387 466 9795 8 40190 2628 132
internal_value=-0.000308471 -0.0365194 -0.017208 -0.000123368 -0.00636482 -0.00481352 -0.00177622 0.000927921 -0.00164582 -0.0100547 -0.0515788 0.00107456 0.00681429 0.0242689 0.00398112 -0.00601064 0.0113704 -0.00816459 0.00649476 -0.00218673 -0.0414424 -0.0140259 -0.0916944 -0.00265706 0.0197098 0.0442512 0.00590659 -0.000486272 0.0346217 -0.13546
internal_weight=2978.16 15.1463 12.4101 2963.01 427.134 419.508 387.385 2535.87 1764.41 431.283 68.7019 1333.13 771.465 107.734 663.731 282.174 381.557 41.0712 231.247 362.581 32.1224 156.138 7.62668 13.3213 103.03 66.6632 2.36113 1230.1 6.87929 5.26555
internal_count=504702 12591 12475 492111 51988 50566 30123 440123 251192 201915 181460 49277 188931 13909 175022 49020 126002 3288 6048 20455 20443 24075 1422 2442 4702 10621 390 44575 2727 1032
is_linear=0
shrinkage=0.08


Tree=139
num_leaves=31
num_cat=0
split_feature=8 9 3 2 4 2 8 7 1 8 7 7 2 6 3 6 7 6 6 0 7 7 0 1 3 6 6 6 1 6
split_gain=3.01455 14.6515 4.98308 4.36618 6.24768 5.09866 4.70576 4.51784 4.34533 13.5159 14.8991 5.03209 3.99342 14.7079 7.97247 4.16163 5.83262 4.5175 3.87241 5.42465 5.34703 3.80965 3.91957 9.63055 4.53402 4.51363 3.39181 7.65845 3.34667 3.33586
threshold=0.90957191586494457 0.5577777922153474 0.11269841343164445 0.70299971103668224 0.087121214717626586 0.58380147814750682 0.91316914558410656 0.94362586736679088 0.86240702867507946 0.91316914558410656 0.80109891295433056 0.9123903512954713 0.17467582225799563 0.23166368901729587 0.20761494338512423 0.28035087883472448 0.65319725871086132 0.91240409016609203 0.69309264421463024 0.66287881135940563 0.84866103529930126 0.97685134410858165 0.60107529163360607 0.43534001708030706 0.31662489473819738 0.63714733719825756 0.89699381589889537 0.89323708415031444 0.42947559058666235 0.78153410553932201
decision_type=2 2 2 2 2 2 2 2 2 2 2 2 2 2 2 2 2 2 2 2 2 2 2 2 2 2 2 2 2 2
left_child=2 3 -1 4 5 6 -2 28 -5 10 -10 -11 13 -4 15 16 -14 -17 19 -16 -20 -3 23 24 -23 -25 27 -24 -6 -15
right_child=1 21 12 8 7 -7 -8 -9 9 11 -12 -13 14 29 18 17 -18 -19 20 -21 -22 22 26 25 -26 -27 -28 -29 -30 -31
leaf_value=-0.043478326257400911 0.11949724229589884 -0.0058601919575453319 -0.089737398594024353 0.053658547121670237 0.07680003508496358 0.15670174135713136 0.016030964784202024 -0.20991298386892537 -0.57243490213670456 0.066488996447746682 -0.063571823002170971 -0.0041755880731597188 -0.10362214195504504 0.08022859885233867 -0.0034278684188051474 -0.057170956524672113 0.088625697968775757 0.021199142300238574 -0.0019174023455604298 0.012592817160685001 -0.024374903295015599 -0.0019934762871842301 0.021685149471888328 0.081121481565799722 0.044229946531387808 -0.10974418558568066 0.078440076307187107 -0.64936273656519805 -0.031229837715488921 -0.064942013666634643
leaf_weight=18.070377830631514 2.9551403305085833 390.52244209381752 4.7660825039693036 49.008444669780147 2.0696432469412747 1.8244710523504171 58.60201271250844 0.82927390275290136 0.48314266771194803 12.393643106333913 1.5484703950496623 13.447264531561812 1.4215123510530236 14.912759588445622 259.81345104730508 31.394235265382122 3.4888896332704462 5.5376977146479467 1629.6845584233888 282.1740256880239 70.800996903970372 44.291474203928374 16.02231074676093 0.90787339710368442 19.587382874873583 6.2647183705994394 8.9933657274414127 0.10959086035290866 16.208158176319557 1.0868830105555378
leaf_count=3683 91 64905 335 3211 104 227 1441 12 57 5091 382 2748 330 874 106487 8980 57 1588 246441 19827 12400 981 10746 869 683 593 10777 144 518 120
internal_value=-0.000287509 0.00454619 -0.00163176 0.0255995 0.0128159 0.0249043 0.020998 -0.0272833 0.0393154 0.0140957 -0.184586 0.0297161 -0.00130371 0.0336203 -0.00162119 -0.0362202 0.0329719 -0.0454199 -0.000975605 0.00491295 -0.00285244 -0.00234771 0.0119146 0.00231081 0.0121802 -0.0855853 0.0390731 0.0171264 -0.0189973 0.0703669
internal_weight=2969.22 646.069 2323.15 159.37 82.4887 63.3816 61.5572 19.1071 76.881 27.8725 2.03161 25.8409 2305.08 20.7657 2284.32 41.8423 4.9104 36.9319 2242.47 541.987 1700.49 486.699 96.1767 71.0514 63.8789 7.17259 25.1253 16.1319 18.2778 15.9996
internal_count=504702 103580 401122 13882 2393 1759 1532 634 11489 8278 439 7839 397439 1329 396110 10955 387 10568 385155 126314 258841 89698 24793 3126 1664 1462 21667 10890 622 994
is_linear=0
shrinkage=0.08


Tree=140
num_leaves=31
num_cat=0
split_feature=10 4 0 4 4 7 2 16 0 9 7 8 7 9 4 2 0 4 8 2 3 4 3 4 2 0 7 2 0 6
split_gain=2.89838 5.9201 12.1794 13.3332 7.441 9.06765 7.40419 9.96214 9.73013 8.28243 5.68001 7.49647 6.39267 5.59585 4.82551 22.117 16.4307 26.5901 12.959 11.4196 7.93194 9.99344 7.6489 7.20439 11.3657 6.79391 7.3785 6.5607 6.10376 6.05472
threshold=1.5000000000000002 0.21111111342906955 0.61311829090118419 0.11805555596947671 0.19090909510850909 0.91686993837356578 0.90070420503616344 0.60295346379280101 0.82207003235816967 0.15504807978868487 0.95176565647125255 0.99190270900726329 0.81696131825447094 0.91106721758842479 0.31666667759418493 0.67041200399398815 0.6776927411556245 1.0000000180025095e-35 0.5085725486278535 0.58380147814750682 0.6832355558872224 0.27922078967094427 0.70320320129394542 0.19090909510850909 0.45512083172798162 0.67006802558898937 0.73226860165596019 0.68237251043319713 0.61311829090118419 0.87138131260871898
decision_type=2 2 2 2 2 2 2 2 2 2 2 2 2 2 2 2 2 2 2 2 2 2 2 2 2 2 2 2 2 2
left_child=14 2 3 10 -5 -6 7 8 -3 -9 12 -12 -2 -11 16 25 17 18 22 -20 21 -18 -1 28 -25 -16 -27 -17 -19 -22
right_child=1 6 -4 4 5 -7 -8 9 -10 13 11 -13 -14 -15 15 27 20 23 19 -21 29 -23 -24 24 -26 26 -28 -29 -30 -31
leaf_value=-0.094881339371023693 0.026979780654502714 0.030840912518077978 0.057826737490601694 -0.096001177028948406 0.14913809334853767 -0.18310876625397129 0.022322502208980292 -0.72063897670724442 0.41105816805748691 -0.049526344413222317 0.12718781015790084 0.024487308266251475 -0.013632509705040277 0.084062607709541423 0.071188220905485614 -0.11808803548299487 0.049270609229774054 -0.088835860739019418 -0.0035360390584388461 0.08185839169471644 0.01951906252593763 -0.096095116378488651 0.073919475712710403 0.19685526929104524 -0.033005857076706564 -0.1269321569771775 0.15749403381100924 -6.9695779832726988e-05 -0.032846063086048344 -0.05717251863375028
leaf_weight=14.222894895206084 45.190102296808618 7.6452208406226401 35.552425558096729 11.492545095919921 1.8431315698690007 0.7355082043504807 28.188999931338913 0.11567728969384816 0.45647958334302519 39.687090812469251 5.7143731970136313 22.299767135016737 54.990545995082357 2.1136835308352593 35.101329544198961 3.0191521729630031 57.076905235921004 35.437479617234658 454.87199197307473 10.248189961188471 17.060582714429987 3.1961999004706731 1.9540649641276093 1.4236622619546313 41.748395106038515 2.2575024330690208 0.78729870135430235 2002.8892949952988 19.219518685544244 10.733336211866115
leaf_count=25976 3434 555 5445 1060 107 49 29855 21 20 5072 117 704 924 1210 6762 844 8249 96757 42128 801 6131 969 274 751 60894 500 12 192433 8801 3847
internal_value=-0.000259659 0.00787673 0.0159444 0.00547794 -0.0684445 0.054371 -0.0104666 -0.0289457 0.0522638 -0.0446421 0.013592 0.0454363 0.00468713 -0.0427713 -0.00102799 0.000900234 -0.0069354 -0.0118311 -0.00410264 -0.00165451 0.0252584 0.0415621 -0.0744914 -0.0498532 -0.0254258 0.0612446 -0.0533877 -0.000247329 -0.0691477 -0.0100974
internal_weight=2967.27 256.026 177.818 142.266 14.0712 2.57864 78.2072 50.0182 8.1017 41.9165 128.195 28.0141 100.181 41.8008 2711.25 2044.05 667.193 579.126 481.297 465.12 88.067 60.2731 16.177 97.8291 43.1721 38.1461 3.0448 2005.91 54.657 27.7939
internal_count=504702 48573 11840 6395 1216 156 36733 6878 575 6303 5179 821 4358 6282 456129 200551 255578 236382 69179 42929 19196 9218 26250 167203 61645 7274 512 193277 105558 9978
is_linear=0
shrinkage=0.08


Tree=141
num_leaves=31
num_cat=0
split_feature=11 7 8 8 7 9 1 7 8 3 10 7 8 1 12 12 3 1 7 4 4 9 3 8 2 6 7 6 0 11
split_gain=2.73288 4.51726 3.21635 2.78791 25.691 17.1409 17.1017 12.8371 11.0225 8.57442 15.4551 7.14591 6.55541 7.8025 5.64898 5.08553 5.07777 6.61367 4.79844 15.8198 11.7435 8.52231 9.86953 5.44092 4.6834 7.41051 4.41575 6.05914 3.95633 3.81258
threshold=5.5000000000000009 0.27701576054096227 0.85628226399421703 0.51756480336189281 0.28637567162513738 0.050641026347875602 0.61938297748565685 0.47380892932415014 0.66833335161209118 0.94826048612594616 1.0000000180025095e-35 0.59105202555656444 0.35663852095603948 0.91715687513351452 1.0000000180025095e-35 1.0000000180025095e-35 0.42761905491352087 0.85880398750305187 0.64414930343627941 0.86607143282890331 0.81666666269302379 0.26794873178005224 0.78629976511001598 0.61916849017143261 0.81530213356018078 0.63211598992347728 0.47921466827392584 0.93582704663276683 0.20761494338512423 2.5000000000000004
decision_type=2 2 2 2 2 2 2 2 2 2 2 2 2 2 2 2 2 2 2 2 2 2 2 2 2 2 2 2 2 2
left_child=3 -2 -3 4 12 26 15 8 16 10 -10 -8 24 -14 -11 -7 28 -18 21 20 -20 23 -23 -9 25 -1 -6 -28 -5 -26
right_child=1 2 -4 7 5 6 11 18 9 14 -12 -13 13 -15 -16 -17 17 -19 19 -21 -22 22 -24 -25 29 -27 27 -29 -30 -31
leaf_value=0.10102267906294535 0.037784460553248148 -0.080690695276020324 0.039760129352083368 0.3433864179103881 -0.077000368936259847 0.095968314053891834 0.00092047542941829836 -0.0070082477110965241 -0.16577123088756615 -0.080717904130664472 0.0040966781041376892 -0.35735216654691959 0.034269682975975518 0.33514999175261478 0.091530561382204972 -0.081239227869479652 0.096253384367268838 0.029591023867376064 0.0023981760274370185 0.071197408460187794 -0.086797889466806666 -0.003458383255538427 0.050348658111787986 -0.034281619747858615 -0.0015463292703537007 0.012526405759312288 0.21239530618458047 -0.082472434544496057 -0.029816787500096215 0.015213087519111851
leaf_weight=6.6047203016914855 4.010972977786877 9.0243221589971636 1.6834864936172369 0.18886710314836719 46.299191261919987 1.0819338468591038 96.217116912712299 105.66095933203178 3.8022657812834941 1.4051337165292341 34.817000398768869 0.35761965892743219 1.7429621914234297 0.80699564516544331 9.176067411870461 24.659119370545341 23.634550531947752 15.95484981901245 1071.7106761674077 21.32180853295722 9.5308585614620807 113.07845263010677 27.032838090763107 84.055034186563717 1072.9381057870651 72.878341058435581 0.813243343736757 0.98765507425923715 4.8548354172089603 94.52580141287217
leaf_count=5106 164 12291 136 249 176568 1402 12838 25199 81 109 2187 4 136 12 1524 50417 1770 418 104003 48094 1260 10247 4339 10222 10171 15976 1371 276 5141 2991
internal_value=-0.000242527 -0.0346286 -0.0617534 -7.07356e-05 -0.00262215 -0.0317603 -0.0158499 0.00230296 0.0309689 0.00485359 -0.0126277 -0.000406221 0.00135194 0.129491 0.0686568 -0.0737909 0.0597566 0.0693879 0.000425099 0.00295761 0.00161194 -0.0080407 0.00692306 -0.0190919 0.0010899 0.0198801 -0.0722198 0.0506829 -0.0158418 -0.000189373
internal_weight=2960.86 14.7188 10.7078 2946.14 1419.91 170.416 122.316 1526.22 93.8336 49.2005 38.6193 96.5747 1249.5 2.54996 10.5812 25.7411 44.6331 39.5894 1432.39 1102.56 1081.24 329.827 140.111 189.716 1246.95 79.4831 48.1001 1.8009 5.0437 1167.46
internal_count=504702 12591 12427 492111 277268 242876 64661 214843 11479 3901 2268 12842 34392 148 1633 51819 7578 2188 203364 153357 105263 50007 14586 35421 34244 21082 178215 1647 5390 13162
is_linear=0
shrinkage=0.08


Tree=142
num_leaves=31
num_cat=0
split_feature=15 16 1 5 3 4 2 5 4 3 1 3 3 3 8 16 16 7 9 1 8 1 3 7 8 7 9 8 2 2
split_gain=2.78956 12.3697 3.28447 7.65553 15.5286 22.9278 9.36349 7.37121 10.7038 12.0217 8.31917 8.17074 7.22891 5.97911 5.27924 4.86911 4.50354 14.1962 7.73629 7.57465 7.2154 5.63442 9.31104 6.33925 5.0646 25.3396 11.071 10.5752 9.80725 4.20106
threshold=1.0000000180025095e-35 0.8179878592491151 0.81661397218704235 0.52777779102325451 0.83047896623611461 0.5634920895099641 0.86729559302330028 0.91666665673255932 0.72077924013137828 0.91476997733116161 0.82952776551246654 0.83438816666603099 0.6705426573753358 0.9607692062854768 0.95531892776489269 0.41581350564956671 0.8179878592491151 0.90023696422576915 0.72902098298072826 0.81284341216087352 0.9063624143600465 0.76506900787353527 0.81892696022987377 0.85254529118537914 0.57790625095367443 1.0000000180025095e-35 0.16064515709877017 0.61916849017143261 0.51471862196922313 0.88493064045906078
decision_type=2 2 2 2 2 2 2 2 2 2 2 2 2 2 2 2 2 2 2 2 2 2 2 2 2 2 2 2 2 2
left_child=1 -1 16 4 5 12 -7 8 9 -5 -10 -9 -4 15 -13 -6 24 21 20 -20 -19 22 -18 -23 25 -2 -27 28 -26 -15
right_child=2 -3 3 7 13 6 -8 11 10 -11 -12 14 -14 29 -16 -17 17 18 19 -21 -22 23 -24 -25 27 26 -28 -29 -30 -31
leaf_value=0.0022824814732538079 -0.0016290117298316034 0.080093175093499933 0.099559090001342568 0.012819472822863864 -0.13153186501813427 0.014074412419206705 -0.11221201166864647 0.1018227147467219 0.080438489533969953 -0.070478400622606449 -0.066943896332842215 -0.0003940585289259571 0.0049386726913362459 -0.10835489617729614 0.029979348680996255 0.060281757688840587 -0.40409427418454569 -0.14731942499842737 -0.0345991419526466 -0.33048347876291934 0.026007194008490379 -0.19539347105644048 0.088225417883403684 -0.05395976308373468 -0.077162742807448031 -0.079032300098263772 0.0020856599738403774 -0.001042968852161482 0.086870377273618668 0.021149369980837426
leaf_weight=920.44080348449643 292.42108646724228 13.263992578293253 8.2275423744140443 59.352977283553628 0.86078660935163398 5.0968823749790344 14.299456834785813 5.2110176907663108 2.6460630617220877 13.636236022881347 33.274920523326728 665.390145302561 13.894065856169616 2.3272823125007553 38.757102123705408 52.788679529872752 0.80944723394350393 1.6079718770342868 20.348873866038051 0.56921989843249221 34.888121151816449 2.3384572719805901 0.35310951332212426 15.287186181900323 2.7607271207798503 44.277447277890133 14.228183235347386 654.33787061831754 15.046799929212282 5.152231299867708
leaf_count=69655 8428 52813 1059 3540 5 352 1270 276 131 1055 1475 39122 1566 292 23582 6519 68 44 5070 166 1978 118 53 734 5529 225107 13066 37744 2914 971
internal_value=-0.000228349 0.00338784 -0.0018997 0.00162457 0.0222187 -0.0155376 -0.079027 -0.000958834 -0.0203369 -0.00274268 -0.0560872 0.00201634 0.0401302 0.0478622 0.00127773 0.0572042 -0.00485216 -0.0236143 -0.00386167 -0.0426507 0.0183706 -0.0839757 -0.254559 -0.0727243 -0.00345468 -0.0112446 -0.0593049 0.00061243 0.0614401 -0.0191464
internal_weight=2953.89 933.705 2020.19 920.915 102.647 41.5179 19.3963 818.268 108.91 72.9892 35.921 709.358 22.1216 61.129 704.147 53.6495 1099.27 76.2024 57.4142 20.9181 36.4961 18.7882 1.16256 17.6256 1023.07 350.927 58.5056 672.145 17.8075 7.47951
internal_count=504702 122468 382234 81215 12034 4247 1622 69181 6201 4595 1606 62980 2625 7787 62704 6524 301019 8231 7258 5236 2022 973 121 852 292788 246601 238173 46187 8443 1263
is_linear=0
shrinkage=0.08


Tree=143
num_leaves=31
num_cat=0
split_feature=11 8 8 9 8 15 8 12 11 9 8 8 9 2 3 4 3 2 8 3 6 6 3 11 9 2 6 6 2 8
split_gain=2.39833 3.58675 7.79628 7.0484 2.88764 2.58497 4.6834 8.82746 14.281 9.67025 9.59134 6.93049 7.9677 6.70156 6.75536 6.1333 5.5637 10.5381 9.91505 4.90331 3.21827 2.71972 4.91942 6.15127 4.48561 4.24567 5.16118 3.9315 3.04554 2.95821
threshold=5.5000000000000009 0.33417935669422155 0.32885724306106573 0.048199767246842391 0.85628226399421703 1.0000000180025095e-35 0.41542178392410284 1.0000000180025095e-35 1.0000000180025095e-35 0.26491229236125952 0.42131063342094427 0.29653523862361914 0.10762548446655275 0.78319624066352855 0.90595519542694103 0.81666666269302379 0.88589513301849376 0.89512962102890026 0.77815064787864696 0.70320320129394542 0.88047617673873912 0.18301435559988025 0.091966174542903914 1.0000000180025095e-35 0.8441295623779298 0.14459930360317233 0.25834259390830999 0.37617924809455877 0.20761494338512423 1.0000000180025095e-35
decision_type=2 2 2 2 2 2 2 2 2 2 2 2 2 2 2 2 2 2 2 2 2 2 2 2 2 2 2 2 2 2
left_child=5 2 -2 -4 -3 6 11 8 9 -8 -10 13 20 14 -1 -15 17 -9 -18 -14 -13 28 23 27 -25 26 -24 -23 -7 -27
right_child=1 4 3 -5 -6 21 7 16 10 -11 -12 12 19 15 -16 -17 18 -19 -20 -21 -22 22 25 24 -26 29 -28 -29 -30 -31
leaf_value=0.013533605811528567 0.012573944836788293 -0.078154224777270132 -0.080080524011509946 1.301677907263137 0.036153665370751618 0.0082625747897037052 -0.16477620190014428 0.0052473107922552387 0.57002555337325744 0.080947405965244565 0.067523619516822064 -0.076206214120185634 -0.090774957437592757 -0.0075653166328085424 0.10690446450073854 0.019635073177737154 0.010891330037455972 -0.045523103784985627 0.076825043167887769 0.081837505587088341 -0.024639060248253266 -0.17691496410746485 -0.068138785169423385 -0.010294909836018646 0.41695959663921733 0.0016807021712785324 0.076296344680623795 -0.044082867075529164 0.10998693316281348 -0.004549677889034957
leaf_weight=16.47170213847858 4.0482752640673416 8.3565457716449583 0.040015508541728084 0.057688827473612037 1.7025624299931212 5.3327027428695128 3.0074035357101847 359.32102883379775 0.24535885370278521 1.5549760713183784 26.396751073247287 16.76439500876586 1.3312914475318383 281.60193270119635 7.0953266559226895 65.370783468126319 80.338136473204941 28.219982173690369 17.837898388079338 5.0427220550191123 14.397796334251327 2.9657563330474641 1.9463892062412913 6.5246896529533842 0.1611476782709359 872.30088653894563 8.4895861759832751 2.7467960216308711 2.9123223978585884 1106.2893814148342
leaf_count=1719 703 11611 137 4 136 279 92 31178 45 1653 3761 10764 249 3223 178 1620 7374 10978 43521 64 4632 67 91 1598 2 11817 278 151 169 356608
internal_value=-0.00020662 -0.0329991 0.0296168 0.735769 -0.058807 -4.78899e-05 0.00345181 0.00850957 0.0497553 -0.0810273 0.0721514 -0.00295501 -0.0357112 0.000363243 0.0416448 -0.00244068 0.00585978 0.00155031 0.022871 0.0457853 -0.0523808 -0.00165871 -0.0018476 -0.0520836 3.13786e-06 -0.00153446 0.0493581 -0.113045 0.0441938 -0.00180289
internal_weight=2948.87 14.2051 4.14598 0.0977043 10.0591 2934.67 924.997 516.922 31.2045 4.56238 26.6421 408.076 37.5362 370.54 23.567 346.973 485.717 387.541 98.176 6.37401 31.1622 2009.67 2001.42 12.3984 6.68584 1989.03 10.436 5.71255 8.24503 1978.59
internal_count=504702 12591 844 141 11747 492111 121051 98602 5551 1745 3806 22449 15709 6740 1897 4843 93051 42156 50895 313 15396 371060 370612 1818 1600 368794 369 218 448 368425
is_linear=0
shrinkage=0.08


Tree=144
num_leaves=31
num_cat=0
split_feature=16 16 7 3 4 7 3 8 8 4 16 0 4 4 3 8 8 8 16 2 10 0 4 4 0 5 8 2 6 16
split_gain=2.55235 2.52074 11.773 19.4084 13.6696 11.9834 10.2591 8.90167 7.95492 7.71301 6.17623 5.78783 5.0627 6.09992 4.345 9.95606 6.25535 6.25109 4.68091 4.25014 4.16872 5.32444 4.62982 4.45171 9.64099 9.50531 4.43596 3.91857 3.56237 3.355
threshold=0.9648033380508424 0.69355911016464245 0.62973192334175121 0.75716626644134533 0.63068181276321422 0.83816528320312511 0.58898946642875682 0.72112083435058605 0.75440767407417308 0.27922078967094427 0.6512594223022462 0.79502627253532421 0.86607143282890331 0.81666666269302379 0.76253134012222301 0.68775001168251049 0.51756480336189281 0.52088177204132091 0.65635827183723461 0.30532014369964605 1.5000000000000002 0.61143791675567638 0.36931818723678594 0.68333333730697643 0.94360822439193737 0.6904762089252473 0.65889152884483349 0.95488464832305919 0.59317129850387584 0.96162813901901256
decision_type=2 2 2 2 2 2 2 2 2 2 2 2 2 2 2 2 2 2 2 2 2 2 2 2 2 2 2 2 2 2
left_child=1 10 3 4 9 6 7 -4 11 -3 20 -5 13 -7 15 18 27 -18 -12 -17 23 26 -23 24 -1 -25 -22 -16 -8 -14
right_child=-2 2 5 8 -6 12 28 -9 -10 -11 14 -13 29 -15 16 19 17 -19 -20 -21 21 22 -24 25 -26 -27 -28 -29 -30 -31
leaf_value=-0.0042705015293337568 0.080078108601565251 0.10500299222863164 -0.25870162444871292 -0.074757860166070542 -0.37643756943102452 -0.0077423864605259667 0.079709435509848256 -0.017401874406746582 0.054294461270120574 -0.12912678272718886 0.032579584463140424 -0.017100450368317241 0.069925394155505541 -0.080490266359410118 0.066780043943832079 -0.12292510036952317 0.26960079256017944 0.046020933024699916 -0.076934409023523123 0.016994601905785955 -0.086533340757871363 0.074267807948916756 -0.013375058413472238 -0.053441724724234696 0.039982012685415937 0.0076925777214136796 0.0093487926610335143 -0.015388221402642175 0.023292943727384254 -0.2187907589899214
leaf_weight=1461.6382429154164 2.5329904344471279 1.0337090814282399 1.0137594104162442 12.813759365722943 1.3237436511553813 347.2096357557748 7.5548816666341727 28.089999770912982 8.917227906862534 6.9887870266975369 3.1455223930242928 85.434960040380247 6.8162377417720554 7.5368439871963337 4.5476322051908964 1.4094697423279274 0.81634225376183067 40.807259289882495 12.131808573067245 97.553073107970704 3.1742916282200886 14.788843055721374 5.2188384515029602 16.870509907595988 32.202538151599583 462.7398682381463 113.73385057217456 20.275265985546866 138.16683028930856 0.26770776136982011
leaf_count=326433 17375 72 22 613 24 64650 1270 1267 2843 218 127 5200 17563 794 1304 9 15 2047 392 3571 2700 961 379 803 940 10050 3255 6361 32027 1417
internal_value=-0.000192485 -0.000261544 -0.00464558 -0.0276963 -0.138259 0.000358908 0.0175571 -0.025807 -0.0180538 -0.0989589 0.000988323 -0.0246202 -0.00795073 -0.00928797 0.0151838 0.00572254 0.0314503 0.0504059 -0.0543861 0.0150018 -0.000227073 0.0132718 0.0514069 -0.00116361 -0.00331656 0.00554215 0.0067454 -0.000334739 0.0262178 0.0590146
internal_weight=2946.75 2944.22 653.168 116.512 9.34624 536.656 174.825 29.1038 107.166 8.0225 2291.05 98.2487 361.83 354.746 180.686 114.24 66.4465 41.6236 15.2773 98.9625 2110.37 136.916 20.0077 1973.45 1493.84 479.61 116.908 24.8229 145.722 7.08395
internal_count=504702 487327 127980 8970 314 119010 34586 1289 8656 290 359347 5813 84424 65444 13826 4099 9727 2062 519 3580 345521 7295 1340 338226 327373 10853 5955 7665 33297 18980
is_linear=0
shrinkage=0.08


Tree=145
num_leaves=31
num_cat=0
split_feature=8 7 3 0 7 11 7 7 3 3 0 2 3 16 2 0 7 8 0 8 7 10 7 2 1 2 11 16 4 16
split_gain=2.40617 5.25262 4.38303 3.93411 5.67947 4.74203 4.14054 7.72623 3.89592 3.61556 6.52997 3.27247 6.67921 5.94703 3.40944 12.864 8.80331 3.06346 7.05158 6.26023 7.54372 5.22738 4.36729 3.02088 2.96626 3.21388 2.70166 3.00934 2.65582 2.62212
threshold=0.90957191586494457 0.72354421019554149 1.0000000180025095e-35 0.92031747102737438 0.73226860165596019 2.5000000000000004 0.92762354016304027 0.93761447072029125 0.11269841343164445 0.33084577322006231 0.25586470961570745 0.17467582225799563 0.20761494338512423 0.43333581089973455 0.31311275064945226 0.44337606430053716 0.85640648007392894 0.94925981760025036 0.91715687513351452 0.96915146708488475 0.80712324380874645 2.5000000000000004 0.9060301184654237 0.39052423834800726 0.63453349471092235 0.2290398105978966 1.5000000000000002 0.39327776432037359 0.31666667759418493 0.53333869576454174
decision_type=2 2 2 2 2 2 2 2 2 2 2 2 2 2 2 2 2 2 2 2 2 2 2 2 2 2 2 2 2 2
left_child=8 2 -2 17 5 -5 -6 -8 28 -4 -11 13 24 26 16 -16 -14 18 23 20 -19 -21 -20 -3 25 -13 27 -10 29 -1
right_child=1 3 9 4 6 -7 7 -9 11 10 -12 12 14 -15 15 -17 -18 19 22 21 -22 -23 -24 -25 -26 -27 -28 -29 -30 -31
leaf_value=-0.036149623136376902 0.2862204508182899 0.023425672464185903 -0.00069580639598416612 0.080545906299515913 0.064224313921258783 -0.85034631732638166 -0.095765877809192768 0.042774059634539556 0.06420764646195759 0.30446622869465872 0.036469153274226652 -0.015515225212624226 0.0047743557478101334 0.063964992406302809 -0.034550069029629503 -0.0003293595239333766 0.075733412645765621 -0.10689007680855558 0.085296411894601368 -0.0012735132991713613 -0.014561596532291275 0.032905647582147757 -0.20970724714995859 0.0024651416383566424 0.045495633517785398 -0.062249483121572385 -0.089175288415862849 -0.058064719841601255 0.046022329126268836 -0.12677094160379718
leaf_weight=13.031626846177462 0.4151785298017775 69.769861030421453 21.359868380779517 0.059452956262250889 14.139087437968557 0.085228398442268372 3.7054356841254039 8.4546021745773015 2.8784705702419187 0.59166919626295467 35.157117233742611 18.354183885592647 97.013370986012887 12.903219977626575 72.813097431088863 2039.9942384897222 12.648338742903432 5.9779332332545883 0.41076108562992786 218.63340770777722 107.71640394963106 32.954514211956848 1.4725436360167803 119.16872271169996 2.8251144957757779 19.341989303939044 2.6951482482081701 2.3318120680050924 2.0754250441095783 2.4235125361938108
leaf_count=3201 9 894 808 88 17360 1 2807 17324 449 8 3882 1711 18482 143 63401 303117 155 476 139 29037 10466 5403 158 14720 230 9014 709 28 212 270
internal_value=-0.000172996 0.00416562 0.0272281 0.00188831 0.0320367 -0.467821 0.0347866 0.00055784 -0.0013797 0.0253452 0.0409047 -0.00109131 -0.0013817 0.0304891 -0.000794842 -0.0015087 0.0129587 0.000454698 0.0086699 -0.00383689 -0.0194161 0.00320348 -0.145365 0.0102053 -0.0335692 -0.0394947 -0.0241501 0.00948582 -0.0389493 -0.0503599
internal_weight=2941.4 640.072 57.5238 582.548 26.4438 0.144681 26.2991 12.16 2301.33 57.1087 35.7488 2283.8 2262.99 20.8087 2222.47 2112.81 109.662 556.104 190.822 365.282 113.694 251.588 1.8833 188.939 40.5213 37.6962 7.90543 5.21028 17.5306 15.4551
internal_count=504702 103580 4707 98873 37580 89 37491 20131 401122 4698 3890 397439 396110 1329 385155 366518 18637 61293 15911 45382 10942 34440 297 15614 10955 10725 1186 477 3683 3471
is_linear=0
shrinkage=0.08


Tree=146
num_leaves=31
num_cat=0
split_feature=6 6 0 6 10 1 3 1 9 7 7 3 8 7 8 13 6 0 8 7 8 8 10 7 7 7 3 8 10 1
split_gain=2.40323 8.67905 7.73132 5.01749 5.45789 4.9963 6.94221 4.86779 4.17665 10.7928 10.075 9.53302 7.84284 5.64027 5.48155 5.7034 5.25154 5.05819 4.99352 8.35872 5.53852 6.5633 4.61405 4.86927 4.3328 10.0706 4.00265 3.95801 3.88067 3.5417
threshold=0.55051019787788402 0.57032969594001781 0.63702240586280834 0.58658170700073253 3.5000000000000004 0.15535445511341098 0.12973351776599887 0.32049381732940679 0.62678572535514843 0.92566707730293285 0.87677979469299328 0.33084577322006231 0.90038165450096141 0.85254529118537914 0.96017619967460643 1.0000000180025095e-35 0.54631218314170849 0.63702240586280834 0.9388999640941621 0.931591957807541 0.94925981760025036 0.9796607792377473 2.5000000000000004 0.82548910379409801 0.69783049821853649 0.73978170752525341 0.99425286054611217 0.98101189732551586 2.5000000000000004 0.15535445511341098
decision_type=2 2 2 2 2 2 2 2 2 2 2 2 2 2 2 2 2 2 2 2 2 2 2 2 2 2 2 2 2 2
left_child=8 2 -2 4 -3 -5 7 -7 13 10 12 -12 -10 16 15 29 22 -14 19 -11 -20 -22 -1 -24 26 -26 -18 -13 -8 -15
right_child=1 3 -4 5 -6 6 28 -9 9 18 11 27 17 14 -16 -17 24 -19 20 -21 21 -23 23 -25 25 -27 -28 -29 -30 -31
leaf_value=0.0062944032057845635 -0.079958499825786178 0.025615617845367037 -0.0068669268385188002 0.065925724284885273 -0.42950694747546053 -0.09907426019737918 -0.0014604399097496151 0.0005898382040324876 -0.085346854984009166 0.11265545547018378 -0.10734279522237121 0.037640650790140215 0.027861135872139432 0.19058358731940289 -0.13517650341296614 0.0086018442446444549 -0.029050839192761357 -0.17226239710185545 0.088754580168472361 -0.16662120708500752 -0.030600723845628033 0.027343180102419963 -0.040054644202221872 -0.27286344820661801 0.40903053172236564 0.051135451952469768 0.22820922658333312 -0.079736909487149385 0.020158030622609926 0.066778392151520732
leaf_weight=293.388844988031 16.66070670042518 51.447792112688603 20.855939985432997 7.0996370351713258 0.16918973862629982 7.876680436374043 2318.6614948960946 5.2116613217694976 5.6894355360273066 0.97729810533928629 16.435327230370607 5.4610470996412896 20.941172995444507 1.6329057961702442 1.0794445366700518 13.173209306092756 2.1113289612103467 0.84076495833869458 6.3678484932024721 2.3002089674118906 17.722797431415529 42.542035721373395 3.5197532406091332 0.68723199926898804 0.75189988932106677 1.5211377138039095 0.47395220449288888 2.7717947973287664 54.388378868870859 15.670912088025942
leaf_count=57502 6537 9425 2400 257 34 862 402290 2037 114 51 210 699 391 10 42 762 1315 227 199 48 795 4667 146 13 23 61 132 322 12797 334
internal_value=-0.000159137 -0.00113977 -0.039326 -0.000553799 0.0241238 -0.00108604 -0.00128543 -0.0593889 0.00517854 -0.00748645 -0.0350336 -0.0721444 -0.00170952 0.00980641 0.0419908 0.0482658 0.00644846 0.0201365 0.0130584 -0.0833456 0.0178003 0.0103029 0.00510157 -0.0780851 0.0889523 0.169524 0.0181119 -0.00187748 -0.000964962 0.0784615
internal_weight=2938.43 2482.37 37.5166 2444.85 51.617 2393.24 2386.14 13.0883 456.06 122.05 52.1395 24.6682 27.4714 334.011 31.5565 30.477 302.454 21.7819 69.9102 3.27751 66.6327 60.2648 297.596 4.20699 4.85832 2.27304 2.58528 8.23284 2373.05 17.3038
internal_count=504702 436639 8937 427702 9459 418243 417986 2899 68063 7723 1963 1231 732 60340 1148 1106 59192 618 5760 99 5661 5462 57661 159 1531 84 1447 1021 415087 344
is_linear=0
shrinkage=0.08


Tree=147
num_leaves=31
num_cat=0
split_feature=16 15 16 16 11 8 1 12 8 16 16 8 16 8 4 11 3 13 10 8 0 3 8 3 0 16 10 3 11 5
split_gain=2.31014 2.20923 10.5508 2.93462 11.5137 21.0833 12.1921 10.9096 10.23 6.52862 6.02355 5.87784 5.59414 4.60189 5.67584 4.32971 3.64965 3.29203 2.76444 7.01412 9.19795 3.57441 2.81302 8.55401 4.39752 1.46739e-05 6.63333e-05 1.44521e-05 1.45457e-05 6.52493e-06
threshold=0.9648033380508424 1.0000000180025095e-35 0.8179878592491151 0.70055997371673595 1.5000000000000002 0.69592735171318065 0.88548010587692272 1.0000000180025095e-35 0.68775001168251049 0.64634531736373912 0.62273672223091137 0.98802351951599132 0.61465620994567882 0.48157843947410589 0.72077924013137828 2.5000000000000004 0.4403389841318131 1.0000000180025095e-35 2.5000000000000004 0.93062433600425731 0.33150184154510504 0.091966174542903914 0.95675548911094677 0.36491677165031439 0.20761494338512423 0.95615029335021984 3.5000000000000004 0.29708431661129003 1.5000000000000002 0.46428571641445165
decision_type=2 2 2 2 2 2 2 2 2 2 2 2 2 2 2 2 2 2 2 2 2 2 2 2 2 2 2 2 2 2
left_child=1 2 18 9 5 8 -7 15 -5 10 12 -9 -3 17 -15 -6 -12 -11 22 20 -20 -21 24 -24 -1 27 -27 28 -4 -2
right_child=29 3 25 4 7 6 -8 11 -10 13 16 -13 -14 14 -16 -17 -18 -19 19 21 -22 -23 23 -25 -26 26 -28 -29 -30 -31
leaf_value=0.030753243854968849 0.080577865758909989 -0.0011000818465424448 0.080127111077246127 -0.12216866987517107 0.084328772366942265 -0.030386883612581121 0.054966433063003459 -0.0047795630667486679 -0.54791376898305577 -0.036398193378422518 -0.0090738093743011027 0.059398477085018657 0.038100575179987606 0.016513668314701 0.10006234039753566 -0.098036572327963228 -0.047557167666924881 -0.32995542415240986 -0.14372616393591878 -0.21561363139866083 0.029336531668005844 0.089465770631888625 -0.040476277875786996 0.047173305209942944 0.0012205485622431131 0.08003228538921757 0.083288513448700641 0.080062553546776258 0.081610456225914715 0.080032945225015431
leaf_weight=33.585650029097451 0.1504985197243508 1248.6899949587491 0.092597533846853319 10.400689022440925 11.918714109458957 76.829476119157334 12.445773085710242 410.67084617227374 0.37420389457838688 6.6053870193500179 37.133973232012067 9.3409774932370038 23.741415684999083 126.89440437415033 5.4264611912221872 0.89583502686582583 27.416674586711451 0.25388571992516507 2.6095171112829139 0.25250195246189733 7.9634213582612574 9.2422025413397915 29.831157995737158 9.3626079736932279 822.92334878186011 0.19557249821446099 0.050346087460638955 10.815492417394124 0.077904055826365948 2.1455484996549785
leaf_count=1247 583 288220 126 591 489 25080 23925 8167 67 7382 959 507 3037 3676 233 33 6253 6 36 8 942 1184 1027 3178 62033 2134 95 46686 6 16792
internal_value=-0.000145207 -0.000207936 0.00302266 -0.00169859 -0.0067875 -0.0312461 -0.0184879 -0.00113376 -0.136954 0.000138451 -0.00157811 -0.00335226 -0.000368664 0.016628 0.01994 0.07158 -0.0254189 -0.0472638 0.00207746 0.0314427 -0.0133772 0.0813525 0.00141955 -0.0195385 0.00237859 0.0800878 0.0806989 0.0800741 0.0808049 0.0800687
internal_weight=2938.34 2936.04 927.002 2009.04 532.877 100.05 89.2752 432.826 10.7749 1476.16 1336.98 420.012 1272.43 139.18 132.321 12.8145 64.5506 6.85927 915.77 20.0676 10.5729 9.4947 895.703 39.1938 856.509 11.2319 0.245919 10.986 0.170502 2.29605
internal_count=504702 487327 118702 368625 58859 49663 49005 9196 658 309766 298469 8674 291257 11297 3909 522 7212 7388 69655 2170 978 1192 67485 4205 63280 49047 2229 46818 132 17375
is_linear=0
shrinkage=0.08


Tree=148
num_leaves=31
num_cat=0
split_feature=11 7 7 8 7 3 8 3 1 6 6 11 6 0 3 1 6 1 0 0 4 1 4 0 2 1 7 8 8 0
split_gain=2.1469 3.41954 2.62511 2.58526 4.13158 2.04308 20.2211 7.72054 6.79914 7.76067 6.28021 6.27145 6.16987 5.84724 8.398 7.62351 4.58814 4.52695 5.22967 4.15781 14.5299 9.39913 10.3461 6.47233 4.66519 4.47233 3.16822 3.09798 3.00457 1.99161
threshold=5.5000000000000009 0.27701576054096227 0.24575784057378772 0.80145984888076793 0.63661757111549389 0.33084577322006231 0.55413547158241283 0.33568075299263006 0.37573529779911047 0.99264705181121837 0.4403389841318131 1.0000000180025095e-35 0.25834259390830999 0.37952858209609991 0.40289855003356939 0.45199692249298101 0.8019607961177827 0.27475491166114813 0.28730159997940069 0.66287881135940563 0.21111111342906955 0.32466214895248419 0.38750000298023229 0.46841755509376531 0.5912291705608369 0.74849396944046032 0.86873257160186779 0.95258533954620372 0.9034201204776765 0.71209660172462474
decision_type=2 2 2 2 2 2 2 2 2 2 2 2 2 2 2 2 2 2 2 2 2 2 2 2 2 2 2 2 2 2
left_child=5 2 29 -3 -5 6 -1 8 9 16 27 -11 17 14 -14 -15 -7 28 -19 21 24 23 -23 -8 -21 -22 -12 -10 -9 -2
right_child=1 3 -4 4 -6 7 19 12 10 11 26 -13 13 15 -16 -17 -18 18 -20 20 25 22 -24 -25 -26 -27 -28 -29 -30 -31
leaf_value=-0.10111875624878 -0.093932178265138055 -0.082056097068926817 0.20190049356630052 0.10415563455251699 -0.094549893231840459 0.074422025491910779 0.0011832124068719217 -0.099181514710911953 0.61656293813696328 0.45921550636959368 -0.047066439259611396 0.06684950658509807 -0.0053713620782148549 0.024962211511788679 -0.070318150461410114 -3.1258396232471582e-05 -0.05318080079571625 0.2046119660842263 0.054160068642361427 0.13683466992708301 -0.065671779724248674 -0.032317903026638242 0.070433777984389143 0.099202361845876191 0.046397693669982393 0.068311720771970424 0.039428987651070189 0.15427561203082329 0.085854619309929089 0.042211397256597442
leaf_weight=13.539058460861268 0.93490326538449098 7.1580349810724311 0.50087837087085052 1.4130699290035411 1.273009109747363 15.045036513540262 336.14520849510882 1.5834402157342986 0.13041176201659155 0.5799837068261684 7.5950932150935824 0.47361393124629103 44.419693993008877 80.906359608155981 17.867506310856697 2256.1745147267166 2.0490294086775966 1.9502920701524979 6.1140019642261905 5.0852260554675075 9.5469914985951601 93.534472098221158 6.7223717317392575 4.3674217049920108 12.939327161962863 1.9141326471071796 4.2139714896620717 0.32147396710934117 0.87032430840190489 2.6006305599003099
leaf_count=31586 37 12137 88 80 210 1898 15241 183 62 27 2223 109 9377 41146 9595 362043 538 124 935 163 496 14844 231 148 734 153 148 11 96 39
internal_value=-0.000127833 -0.0315159 0.030494 -0.0569421 0.00998344 2.11649e-05 -0.00472812 0.000962723 0.041021 0.0721146 -0.00500114 0.282839 0.000457256 0.000189247 -0.0240018 0.000833979 0.0591265 0.0615951 0.0905458 -0.00195295 0.0271311 -0.00389856 -0.0254282 0.00244041 0.0719125 -0.0432951 -0.0162012 0.287689 -0.0335512 0.00621087
internal_weight=2937.97 13.8805 4.03641 9.84411 2.68608 2924.09 483.794 2440.29 30.4086 18.1477 12.261 1.0536 2409.89 2399.37 62.2872 2337.08 17.0941 10.5181 8.06429 470.255 29.4857 440.769 100.257 340.513 18.0246 11.4611 11.8091 0.451886 2.45376 3.53553
internal_count=504702 12591 164 12427 290 492111 63596 428515 5016 2572 2444 136 423499 422161 18972 403189 2436 1338 1059 32010 1546 30464 15075 15389 897 649 2371 73 279 76
is_linear=0
shrinkage=0.08


Tree=149
num_leaves=31
num_cat=0
split_feature=8 9 5 4 0 0 6 4 7 10 8 7 11 15 9 8 6 6 10 0 3 9 7 9 6 3 6 9 0 5
split_gain=1.93493 11.6827 5.8444 7.67436 5.92943 5.64534 6.7094 6.36558 5.52807 4.50305 4.15115 6.84992 7.01571 4.03772 5.36343 3.9664 6.02237 4.53752 3.8571 3.44884 3.27569 4.64476 8.2568 5.62326 4.68367 4.59052 3.50415 5.04153 4.48885 16.457
threshold=0.90957191586494457 0.63961037993431102 0.17424242943525317 1.0000000180025095e-35 0.5388936996459962 0.67962265014648449 0.84409722685813915 0.19090909510850909 0.93555310368537914 2.5000000000000004 0.91316914558410656 0.76220238208770763 1.5000000000000002 1.0000000180025095e-35 0.6885775923728944 0.98310789465904247 0.46225070953369146 0.47114317119121557 1.0000000180025095e-35 0.270728349685669 0.20761494338512423 0.45643940567970281 0.73226860165596019 0.3390804678201676 0.60172414779663097 0.11269841343164445 0.69309264421463024 0.64852941036224376 0.87138131260871898 0.58571431040763866
decision_type=2 2 2 2 2 2 2 2 2 2 2 2 2 2 2 2 2 2 2 2 2 2 2 2 2 2 2 2 2 2
left_child=20 2 3 4 8 7 -7 -5 -2 -3 11 18 -13 14 19 16 -15 -17 -4 -11 21 22 -1 25 -25 -24 27 -22 -28 -30
right_child=1 9 10 5 -6 6 -8 -9 -10 13 -12 12 -14 15 -16 17 -18 -19 -20 -21 26 -23 23 24 -26 -27 28 -29 29 -31
leaf_value=-0.029109706388857019 0.0064462175762203221 -0.0069406622947957479 -0.37267083067021056 -0.11102273738947638 0.076244867654361947 -0.13421626911616269 0.033876325513224843 -0.0004804549774459612 0.10862702449282532 -0.45870829339049574 0.038464574515923659 -0.31496111779196129 0.029619540838359954 -0.12033085851852356 0.082469637684100955 0.10724976467451271 0.00042974795295939143 0.012475881248829195 -0.060010347432561478 -0.044085193671408798 0.005859488684507576 -0.04737198567441344 -0.052763581902475154 0.042574455296192276 -0.055981956107042742 0.14747909658235939 -0.0063013871306170565 -0.06268715449385763 0.036658693269301337 -0.0018930229779830249
leaf_weight=32.141710014567252 78.543243678694125 373.40385363437963 0.51034949108725303 8.2309131729125529 9.9508401985403889 1.7863463578978542 10.182293601639683 5.6038084360770872 3.5413424170110366 0.14398644864559074 88.515787372314662 0.40489586409603351 5.7257640367315616 3.1779165955376838 9.5861694053346564 4.0069269091764026 15.701920880412215 16.741702538478421 0.49983671709924238 1.1856760760565519 530.80619409421388 23.23401114657463 0.89609120818204502 9.8978759651072306 4.4840703597437814 4.0185031634246116 899.71744971120097 6.9570527888135976 78.776981499180692 705.74342736029939
leaf_count=14830 1478 69990 6 448 1396 33 518 114 43 1 17420 642 143 62 4523 157 2144 4135 48 279 126206 427 32 178 156 93 203884 337 6969 48010
internal_value=-0.000121161 0.00377838 0.0190401 0.0071145 0.0179245 -0.0314428 0.00878813 -0.0662472 0.0108546 -0.00390723 0.0337311 -0.0249438 0.00686191 0.0185027 0.0615848 0.00663553 -0.0198971 0.0307784 -0.217967 -0.0889839 -0.00120348 -0.0176845 -0.00427506 0.0370913 0.0118461 0.110968 -0.000649622 0.0049727 -0.00244478 0.00197812
internal_weight=2934.12 637.444 213.495 117.839 92.0354 25.8034 11.9686 13.8347 82.0846 423.948 95.6566 7.14085 6.13066 50.5443 10.9158 39.6285 18.8798 20.7486 1.01019 1.32966 2296.67 74.6723 51.4383 19.2965 14.3819 4.91459 2222 537.763 1684.24 784.52
internal_count=504702 103580 22289 4030 2917 1113 551 562 1521 81291 18259 839 785 11301 4803 6498 2206 4292 54 280 401122 15716 15289 459 334 125 385406 126543 258863 54979
is_linear=0
shrinkage=0.08


end of trees

feature_importances:
Column_0=496
Column_8=496
Column_4=457
Column_7=386
Column_3=326
Column_9=313
Column_16=311
Column_6=285
Column_11=274
Column_1=247
Column_2=247
Column_15=223
Column_5=200
Column_10=158
Column_13=41
Column_12=39
Column_14=1

parameters:
[boosting: gbdt]
[objective: binary]
[metric: binary_logloss]
[tree_learner: serial]
[device_type: cpu]
[data_sample_strategy: bagging]
[data: ]
[valid: ]
[num_iterations: 150]
[learning_rate: 0.08]
[num_leaves: 31]
[num_threads: 16]
[seed: 42]
[deterministic: 0]
[force_col_wise: 0]
[force_row_wise: 0]
[histogram_pool_size: -1]
[max_depth: 6]
[min_data_in_leaf: 20]
[min_sum_hessian_in_leaf: 0.001]
[bagging_fraction: 0.8]
[pos_bagging_fraction: 1]
[neg_bagging_fraction: 1]
[bagging_freq: 0]
[bagging_seed: 400]
[bagging_by_query: 0]
[feature_fraction: 0.8]
[feature_fraction_bynode: 1]
[feature_fraction_seed: 30056]
[extra_trees: 0]
[extra_seed: 12879]
[early_stopping_round: 0]
[early_stopping_min_delta: 0]
[first_metric_only: 0]
[max_delta_step: 0]
[lambda_l1: 0]
[lambda_l2: 0]
[linear_lambda: 0]
[min_gain_to_split: 0]
[drop_rate: 0.1]
[max_drop: 50]
[skip_drop: 0.5]
[xgboost_dart_mode: 0]
[uniform_drop: 0]
[drop_seed: 17869]
[top_rate: 0.2]
[other_rate: 0.1]
[min_data_per_group: 100]
[max_cat_threshold: 32]
[cat_l2: 10]
[cat_smooth: 10]
[max_cat_to_onehot: 4]
[top_k: 20]
[monotone_constraints: ]
[monotone_constraints_method: basic]
[monotone_penalty: 0]
[feature_contri: ]
[forcedsplits_filename: ]
[refit_decay_rate: 0.9]
[cegb_tradeoff: 1]
[cegb_penalty_split: 0]
[cegb_penalty_feature_lazy: ]
[cegb_penalty_feature_coupled: ]
[path_smooth: 0]
[interaction_constraints: ]
[verbosity: 1]
[saved_feature_importance_type: 0]
[use_quantized_grad: 0]
[num_grad_quant_bins: 4]
[quant_train_renew_leaf: 0]
[stochastic_rounding: 1]
[linear_tree: 0]
[max_bin: 255]
[max_bin_by_feature: ]
[min_data_in_bin: 3]
[bin_construct_sample_cnt: 200000]
[data_random_seed: 175]
[is_enable_sparse: 1]
[enable_bundle: 1]
[use_missing: 1]
[zero_as_missing: 0]
[feature_pre_filter: 1]
[pre_partition: 0]
[two_round: 0]
[header: 0]
[label_column: ]
[weight_column: ]
[group_column: ]
[ignore_column: ]
[categorical_feature: ]
[forcedbins_filename: ]
[precise_float_parser: 0]
[parser_config_file: ]
[objective_seed: 16083]
[num_class: 1]
[is_unbalance: 0]
[scale_pos_weight: 1]
[sigmoid: 1]
[boost_from_average: 1]
[reg_sqrt: 0]
[alpha: 0.9]
[fair_c: 1]
[poisson_max_delta_step: 0.7]
[tweedie_variance_power: 1.5]
[lambdarank_truncation_level: 30]
[lambdarank_norm: 1]
[label_gain: ]
[lambdarank_position_bias_regularization: 0]
[eval_at: ]
[multi_error_top_k: 1]
[auc_mu_weights: ]
[num_machines: 1]
[local_listen_port: 12400]
[time_out: 120]
[machine_list_filename: ]
[machines: ]
[gpu_platform_id: -1]
[gpu_device_id: -1]
[gpu_device_id_list: ]
[gpu_use_dp: 0]
[num_gpu: 1]

end of parameters

pandas_categorical:null
